topic,label,description,top_words
0,Spiritual Resilience in the Face of Death,"Narratives of finding comfort and strength in one's faith when confronted with mortality, often using metaphorical language to describe the struggle between life and death.","oer, thou, thee, thine, sky, soul, sorrow, evry, tis, heaven"
1,Critique of Slaveholder's Use of Religion,"Slave narratives criticizing slaveholders' use of religion to justify and maintain slavery, highlighting the hypocrisy between their professed Christian values and their treatment of enslaved people.","religion, slaveholder, antislavery, church, abolitionist, christian, christianity, proslavery, sin, principle"
2,Racial Identity and Prejudice,The struggle for racial identity and equality in the face of prejudice and societal norms.,"race, color people, prejudice, equality, social, color man, white people, unit, social equality, unit state"
3,Faith and Redemption,Narratives of spiritual liberation and the power of faith in overcoming physical bondage.,"thou, christ, righteous, lord, jesus, soul, thee, jesus christ, pray, heaven"
4,Ministerial Encounters and Book Sales,"Narrators' experiences of meeting pastors, preaching at churches, and selling books to congregations during their travels.","book, pastor, sell book, buy book, preach, bought book, buy, church, sell, sold book"
5,Respectability and Social Standing,"Narrators' observations on the social standing and respectability of individuals, particularly those from different racial or economic backgrounds.","folger, matthia, mrs folger, mr folger, pierson, mr pierson, isabella, mrs, catherine, mr stone"
6,Authorial Intentions and Historical Context,"The importance of impartiality, personal experience, and historical context in writing about slavery, as well as the author's goals for their narrative.","narrative, book, author, written, history, story, volume, public, uncle tom, born"
7,Convict Labor and Punishment in Prisons,"The experiences of individuals who were convicted of crimes and sentenced to prison or labor, including the conditions of their confinement, treatment by wardens and guards, and attempts to escape or rebel against their circumstances.","convict, prison, warden, prisoner, cell, sentence, sentenc, contract, wall, crime"
8,Whipping and Plantation Punishment,"The use of physical punishment, including whippings, to discipline enslaved individuals on plantations in North America.","whip, mistress, covey, overseer, beat, shirt, goram, field, lashe, kitchen"
9,Conversion to Ministry,"The process of becoming a minister or preacher, including struggles with faith, seeking guidance from others, and overcoming personal doubts.","elder, bowle, preach, th, brethren, elder bowle, huntington, th went, quarterly, quarterly meet"
10,African American Preachers in Antebellum Era,"The experiences and roles of African American preachers during the time period leading up to the American Civil War, including their relationships with slave owners and communities.","jasper, church, preach, mr jasper, rev, preacher, minister, color people, sermon, baptist"
11,Encounters with Rebel Soldiers,"Experiences of enslaved individuals interacting with rebel soldiers, including encounters on farms, roads, and in camps.","rebel, camp, soldier, regiment, fort, march, officer, wound, army, gen"
12,Education and Institutional Development,"The importance of education and institutional development in African American communities, including the establishment and growth of schools such as Tuskegee Normal and Industrial Institute.","school, student, tuskegee, education, teacher, farm, department, teach, build, building"
13,Whipping and Plantation Punishment,"The use of physical punishment, including whippings, floggings, and the use of iron horns with bells attached to prevent escape, as a means of controlling and disciplining enslaved people on plantations in North America.","whip, murder, gore, lloyd, plantation, flog, county, patroller, overseer, punishment"
14,Sancho Letters and Petitions,"Narratives featuring letters or petitions written by enslaved individuals, often using pseudonyms like 'Sancho', to express their experiences, opinions, and pleas for help.","sancho, letter, sancho letter, mrs sancho, mrs, dear, thank, charle street, ign sancho, ign"
15,Limited Rights and Protections for Slaves,"The legal system in the United States during this period severely limited the rights and protections of slaves, treating them as property rather than individuals. They were subject to harsh punishments, including physical correction and even death, for minor infractions or perceived disobedience. The law also restricted their ability to contract marriages, inherit property, or engage in business activities without their master's permission.","law, laws, public opinion, protection, penalty, opinion, legal, white person, court, public"
16,Plantation Life and Labor,"The daily experiences of enslaved individuals on plantations, including their living conditions, work routines, and interactions with overseers.","cloth, field, plantation, overseer, corn, cotton, oh oh, generally, allowance, pair"
17,Forced Sale of Family Members,"The emotional and psychological impact on enslaved individuals when family members are forcibly sold away from them, often to distant locations.","sold, sale, hall, sell, hugh hall, bought, husband, mr beveridge, beveridge, samuel hall"
18,Encounters with Slave Traders,"Narratives about interactions with slave traders who buy, sell, or propose to purchase enslaved individuals, highlighting the trauma and fear associated with these encounters.","trader, sold, sale, new master, fellow, plantation, dansley, buy, slavetrader, sell"
19,The Incompatibility of Liberty and Slavery,"Narratives highlighting the contradiction between the ideals of liberty and freedom enshrined in the US Constitution and the reality of slavery, emphasizing the need for abolition and the purification of government from its support of slavery.","liberty, government, constitution, principle, territory, oh set, popular sovereignty, labor, hear voice, war"
20,Religious Experience and Salvation,"Narratives about spiritual experiences, salvation, and the role of Christianity in the lives of enslaved individuals.","jesus, lord, christ, soul, sez, pray, baptiz, salvation, ah, sinner"
21,Christian Faith and Resilience,"Narratives of Christian faith, resilience, and spiritual practices in the face of slavery and hardship.","christ, lord, resurrection, christian, preacher, dr walker, bible, gospel, african preacher, language"
22,African Methodist Episcopal Zion Church and African American Leadership,"The formation and governance of the African Methodist Episcopal Zion Church, including its relationship with white bishops and conferences, as well as the challenges faced by its leaders in terms of financial support and personal hardship.","church, conference, member, pastor, sabbathschool, baptist, bishop, membership, rev, baptist church"
23,Fugitive Slave Rescue and Resistance,"Accounts of enslaved individuals escaping from their captors, often with the help of sympathetic communities or allies, and the subsequent resistance to slave catchers and law enforcement.","kidnapper, fugitive, carriage, escape, sheriff, postlewaite, benedict, company, jem, party"
24,The Justice System in Slave Narratives,"This topic explores the experiences of enslaved individuals as they interacted with the justice system, including trials, court proceedings, and interactions with judges, jurors, attorneys, and witnesses.","court, jury, lewis, judge, attorney, defendant, trial, witness, badger, district attorney"
25,Mistress and Master's Behavior,"The behavior and interactions between enslaved individuals and their mistresses and masters, including instances of cruelty, manipulation, and emotional abuse.","paul, ritty, cassy, mistress, colonel moore, moore, oh, mamma, ah, miss ritty"
26,The Illusion of Freedom in America,"Narratives highlighting the disconnect between American ideals of liberty and the harsh realities of slavery, where freedom is an unattainable dream for enslaved individuals.","liberty, aaron, nation, stockade, chain, human, american, tyrant, million, soul"
27,The Missouri Compromise and the Expansion of Slavery,"The struggle over the expansion of slavery in North America, including the Missouri Compromise, which allowed slavery to spread into new territories, and the growing divide between the North and South.","party, territory, union, constitution, antislavery, political, missouri, north, compromise, northern"
28,Traveling to Europe,"Narrators describe their experiences traveling by ship or steamer to Europe, often facilitated by influential individuals such as Mr. Francis J. Garrison.","passenger, steamer, board, ship, bishop, captain, th, sea, deck, voyage"
29,Establishing Settlements in North America,"The process of establishing settlements in North America, including clearing land, purchasing property, and naming communities, as experienced by African American refugees from slavery.","acre, settlement, settler, colony, canada, farm, agent, clear, society, allain"
30,Traveling as a Slave,"The experiences of enslaved individuals while traveling, including encounters with strangers, overseers, and other slave owners, as well as their own attempts to escape or navigate the complexities of slavery.","horse, road, cyrus, landlord, start, travel, journey, traveller, walk, stranger"
31,Family History and Emancipation,"Narratives about the speaker's family history, including their ancestors' enslavement, emancipation, and relationships to free relatives who played a role in their liberation.","northup, deponent, solomon, ft, county, born, lomboko, state newyork, mintus, mendi"
32,Racial Equality and Human Rights,"The idea that people of African descent are inherently inferior or unequal to Europeans, and the struggle for recognition of their inherent human rights and dignity.","animal, specy, colour, european, race, human, intellectual, africa, moral, climate"
33,The Value of Hardship and Opportunity,"Narrators reflect on how their experiences as slaves have given them unique opportunities for growth, education, and self-improvement, despite the hardships they face.","covey, peter, marse, venture, quamino, letter, lee, jarm, marse robert, cincinnati"
34,Traveling and Navigation in the Wilderness,"The challenges of traveling through the wilderness, including navigating using natural landmarks like rivers, trees, and the North Star, as well as avoiding detection by white people.","road, wood, travel, corn, tree, river, husk, cros, weather, northstar"
35,Harriet Tubman's Life and Work,"Narratives about Harriet Tubman's life, including her experiences as an abolitionist, conductor on the Underground Railroad, and military nurse during the American Civil War.","sojourner, sojourner truth, harriet, truth, tubman, harriet tubman, battle creek, washington, gen, book life"
36,Slave Auctions and Sales,"The process of buying and selling enslaved people, including auctions, prices paid, and the emotional impact on those being sold.","dollar, hundr dollar, friedman, peter, sum, cent, paid, bid, osten, sale"
37,Education and Women's Empowerment,"The importance of education for African Americans, the role of women in education and social reform, and the empowerment of women through education and public speaking.","teacher, club, mrs, school, baldwin, women, miss baldwin, miss, color woman, association"
38,Cosmology and Divine Sovereignty,"The concept of a divine realm or throne, often associated with heaven, God's power, and the universe, is explored in these narratives. The writers describe the relationship between God, humanity, and the natural world, emphasizing themes of creation, judgment, and the afterlife.","heaven, ages, earth, eternal, empire, hell, universal, throne, christ, seas"
39,Education and Personal Development,"The importance of education in overcoming personal struggles and achieving success, including the value of perseverance, self-reliance, and determination.","school, student, teacher, hampton, tuskegee, washington, teach, graduat, college, university"
40,Life at Sea as a Slave,"Experiences of enslaved individuals on ships and vessels, including their interactions with captains, masters, and other crew members.","captain, ship, board, vessel, montserrat, sail, voyage, mate, steward, island"
41,Racial Segregation on Public Transportation,"Experiences of racial segregation and discrimination on trains, ships, and other public transportation in North America, including being forced to ride in separate or inferior accommodations due to one's race.","car, passenger, conductor, cars, railroad, train, pullman, porter, ride, seat"
42,Separation from Family,"The emotional and physical separation of enslaved individuals from their loved ones, often due to forced relocation or sale.","ben, ped, wife child, start, neddy, cincinnati, yes, sam, escape, josiah"
43,Christian Faith and Personal Redemption,"Narratives about finding solace in Christian faith, personal redemption, and spiritual growth amidst the hardships of slavery.","pray, lord, prayer, saviour, jesus, aged, christian, bayley, faith, dear"
44,Leadership and Public Service,"Narratives about individuals who hold positions of power or influence, including politicians, educators, and philanthropists, highlighting their roles in shaping public policy, promoting education, and advocating for social justice.","langston, republican, district, position, president, convention, school, elect, professor, university"
45,European Royal Palaces,"Narratives about visiting or describing European royal palaces, such as the Louvre in Paris, Versailles, and St Cloud, highlighting their grandeur, beauty, and historical significance.","palace, paris, statue, tower, wall, room, build, napoleon, monument, louis"
46,Agricultural Labor and Crop Management,"The experiences of enslaved individuals working on plantations, including farm labor, crop management, and the challenges of agricultural work.","farm, crop, bond, mr bond, artichoke, scott, acre, fitzpatrick, potato, mr fitzpatrick"
47,Longing for Freedom and Family,"Narrators express their deep-seated desire for freedom and reunification with loved ones, often highlighting the emotional toll of being separated from family members.","joanna, kindness, dr, doctor, waggon, desire, dear, feeling, oh, gone"
48,Relationships with White Women,"Narrators' interactions and relationships with white women who show kindness or offer assistance, often at risk to themselves.","miss, jane, miss jane, sally, tildy, banton, sister, miss tildy, girl, mrs banton"
49,Horseback Pursuits and Battles,"Accounts of horseback chases, battles, and skirmishes involving cavalrymen, Native Americans, and other individuals on the range or in conflict.","herd, cattle, horse, trail, ranch, indian, range, saddle, buffalo, cow"
50,African American Military Service During the Civil War,"The experiences and contributions of African Americans in the military during the American Civil War, including their enlistment, battles fought, and treatment by both Union and Confederate forces.","regiment, soldier, battle, war, flag, attuck, troop, army, color soldier, fight"
51,Racial Tensions and Social Hierarchy in Colonial Haiti,"The complex social dynamics of colonial Haiti, where mulattoes, free people of color, and slaves navigated a hierarchy of power and privilege, with tensions between whites, planters, and the emerging Haitian nation.","mulatto, toussaint, rigaud, france, domingo, hayti, island, french, planter, louverture"
52,Whipping and Plantation Punishment,"The use of physical punishment, particularly whippings, as a means of control and discipline on plantations in North America.","nigger, whip, plantation, anderson, nt, horse, digg, pass, ike, smart nigger"
53,Bishop Leadership and Church Governance,"The role of bishops in the Colored Methodist Episcopal Church, their election, responsibilities, and influence within the church.","bishop, church, baptist, conference, pastor, rev, ordain, general conference, university, elect"
54,Life at Sea,"Experiences of enslaved individuals working on ships or vessels, including daily life, interactions with crew members, and encounters with various sea creatures.","captain, mate, ship, sea, vessel, sail, deck, whale, boat, crew"
55,African Chiefs and European Recognition,"Narratives of African leaders interacting with European powers, receiving recognition, and negotiating for their people's rights and interests.","king, whydah, dahoman, ahadee, agaow, trudo, kingdom, mahee, fort, popo"
56,Confronting Slavery and Abolitionism,"Narratives about the author's experiences with slavery, abolitionist movements, and the challenges faced by abolitionists in their efforts to end slavery.","douglass, antislavery, audience, cunningham, hall, send money, free church, church, convention, abolitionist"
57,Whipping and Plantation Punishment,"Accounts of physical abuse, torture, and mistreatment by overseers on plantations, including descriptions of whipping, beating, and other forms of punishment.","reuben, poor reuben, di, overseer, hes gone, reuben gone, esther, whip, cruelty, coonrood"
58,Economic Opportunities and Contributions,"The topic of economic opportunities and contributions highlights the experiences of African Americans in various industries such as agriculture, mechanics, commerce, and domestic service. It also emphasizes their potential to contribute to the prosperity of the South and the importance of dignifying common labor.","industrial, race, league, mechanic, progress, effort, exhibition, institution, nationality, tuskegee"
59,Abolitionist Speeches and Public Lectures,"Accounts of abolitionists giving speeches and lectures in public forums, often to raise awareness about the issue of slavery and advocate for its abolition.","antislavery, douglass, paper, garrison, mr brown, brown, speech, abolitionist, fugitive, convention"
60,Whipping and Plantation Punishment,The use of physical violence and intimidation by plantation owners and their families to control and punish enslaved individuals.,"whip, mistress, beat, epps, miss, harriet, sister, jane, em, tildy"
61,Escape and Fugitive Slave Experience,"Narratives about escaping from slavery, traveling to free states or Canada, and the experiences of fugitive slaves in these regions.","ruggle, fugitive, mr ruggle, york, canada, cato, new york, escape, douglass, boat"
62,Struggling with Financial Independence,"Narrators describe their difficulties in managing finances, saving money, and achieving economic independence despite their hard work and earnings.","master hugh, hugh, escape, end week, sailor, master thoma, hir time, ticket, wage, baltimore"
63,Eloquence and Public Speaking,"Passages that highlight the oratory skills of notable individuals, including Frederick Douglass, William H. Remond, and Booker T. Washington.","douglass, disraeli, speaker, orator, speeche, eloquence, remond, speech, public, webster"
64,Life as a Runaway Slave,"Experiences of enslaved individuals who escaped from their masters and engaged in various forms of rebellion, including theft, drinking, and fornication.","job, caboceiro, annamaboe, tho, shew, coast, negroe, guinea, company, stole"
65,Military Service and Racial Integration,"Narratives of African Americans serving in the military, including experiences as soldiers, officers, and chaplains, and interactions with white comrades and superiors.","regiment, chaplain, soldier, army, officer, troop, recruit, allensworth, color soldier, fort"
66,The American Civil War and Its Aftermath,"Narratives about the lead-up to the war, its battles, and the consequences of the conflict on individuals and society.","union, war, lincoln, north, rebellion, territory, proclamation, mr lincoln, peace, measure"
67,The Role of Faith and Religion in Human Development,"Narratives exploring the relationship between faith, religion, and human development, including the impact of education and civilization on physical and mental growth.","religion, universe, mental, nature, faculty, moral, force, element, civilization, faith"
68,The Importance of Knowledge and Virtue,"Narrators emphasize the value of acquiring knowledge, virtue, and moral guidance in their lives, often contrasting it with the corrupting influence of wealth and materialism.","wisdom, knowledge, truth, blind, moral, school, virtue, earth, does, vast"
69,Separation from Family,"The emotional pain and distress caused by being separated from loved ones, often due to sale or forced relocation.","aunt, evelyn, chile, sally, tear, grief, archer, aunt sally, thar, oh"
70,Violence and Threats from Slave Owners,"Slave owners' use of physical violence, intimidation, and threats to maintain control over enslaved individuals.","brown, john brown, harper ferry, harper, mountain, ferry, captain brown, douglass, plan, john"
71,Escape by Water,Narratives of enslaved individuals escaping or attempting to escape using boats or other watercraft.,"boat, river, captain, board, sailor, steamboat, shalt, amos, thou shalt, vessel"
72,Family Relationships and Kinship,"Narratives about family ties, kinship, and relationships between enslaved individuals and their relatives.","aunt, aunt dice, dice, aunt polly, peterkin, amy, mr peterkin, polly, oh, miss"
73,Life in Slavery,"Experiences of enslaved individuals, including their daily lives on plantations, relationships with owners and other slaves, and the psychological effects of bondage.","freeland, mr freeland, bondage, vow, st michael, henry john, quashi, michael, confid, henry"
74,Christianity and Redemption,"The role of Christianity in redeeming and uplifting enslaved Africans, highlighting its power to transform individuals and societies, and its promise of a brighter future for all nations.","race, soudan, ethiopia, negro race, divine, religion, christian, principle, africa, nation"
75,Agricultural Labor and Crop Management,"The topic involves descriptions of agricultural labor, crop management, and farming practices on plantations in North America.","plant, crop, soil, seed, meat, fertilizer, peas, tomato, worm, variety"
76,Fairness of Treatment in the Pension Office,"The narrator discusses their experiences working in the Pension Office during different administrations, highlighting instances where they felt fairly treated and others where they faced unfair treatment due to racial bias.","matthew, senate, president, jame matthew, district, mr chase, district columbia, office, nomination, recorder"
77,Agricultural Labor and Corn Harvesting,"The topic involves descriptions of agricultural labor, specifically corn harvesting, including tasks such as shucking corn, making hoe cakes, and participating in communal corn-shucking events.","corn, shuck, dat, aunt dice, dice, cornshuck, chitlin, aunt, carve, shuck dat"
78,Fishing and River Labor,"The narratives describe the enslaved individuals' involvement in fishing and river labor, including clearing out a fishery, hauling a seine, and catching shad and other fish. The work is often grueling and poorly rewarded, with the enslaved people receiving little benefit from their efforts.","fish, fishery, seine, shad, cotton, river, fishmaster, plough, pine, cabin"
79,Whipping and Plantation Punishment,"The use of physical punishment, including whippings and the threat of violence, to control and discipline enslaved individuals on plantations in the South.","runaway, dogs, clarkson, mr clarkson, hunter, isom, mr black, runaway slave, hunt, overseer"
80,Life on Steamboats,"Experiences of enslaved individuals working or traveling on steamboats along the Mississippi River, including interactions with captains, other passengers, and observations about slavery.","boat, steamboat, passenger, st louis, louis, board, buel, orlean, cabin boys, new orlean"
81,Life as a Domestic Slave,"Experiences and treatment of enslaved individuals working in domestic roles, including household chores, childcare, and interactions with mistresses and masters.","mistress, missis, molino, wash, sally, eve, don, mrs wood, kitchen, mayoral"
82,Celebrity and Autobiographical Accounts,"North American slave narratives featuring accounts of notable individuals who wrote about their lives, often in the form of autobiographies or biographies, and were celebrated by others for their stories and achievements.","walker, biography, book, university, dr, oxford, duma, history, jasper, professor"
83,Spirituals and African American Music,"The use of music as a means of spiritual expression, comfort, and resistance in the face of slavery and oppression.","sing, jesus, lord, ride, ride jesus, jesus ride, soul, world round, redeem love, redeem"
84,Breaking and Entering,"Accounts of forced entry into homes or businesses, often involving theft or other forms of property damage.","madison, ennis, warrick, brown, seward, store, door, rob, baker, vault"
85,Dueling and Vigilantism,"Accounts of duels, vigilantism, and extrajudicial violence in which individuals take the law into their own hands, often resulting in murder or attempted murder.","affray, pistol, shot, knife, murder, bowie, stab, bowie knife, wound, white population"
86,Mothers' Labor and Childcare in Slavery,"The struggles of enslaved mothers to care for their infants and children, including limited time for childcare, inadequate food, and the burden of caring for multiple children.","aunt katy, kate, katy, baby, jared, potato, aunt, isabella, vina, bread"
87,Separation from Family and Loss of Affection,"The emotional pain and distress experienced by enslaved individuals due to forced separation from their families, including the loss of affection and connection with loved ones.","lucilla, mrs moore, precious child, agony, dear, precious, babe, moore, affection, wilmington"
88,Missionary Work in Africa,"The role of missionaries in Africa, including their efforts to spread Christianity, establish missions, and interact with local populations.","africa, missionary, mission, association, soudan, african mission, mission work, rev, congo, baptist"
89,Whipping and Plantation Punishment,Accounts of physical punishment and mistreatment inflicted by plantation owners or overseers on enslaved individuals in North America.,"valentine, mr hall, sold, overseer, whip, william, old man, zulus, jerry, flog"
90,The Role of Knowledge and Education in Slave Life,"Narratives highlighting the importance of knowledge, education, and self-improvement for enslaved individuals, often facilitated by religious meetings or personal experiences.","knowledge, auld, ignorance, nature, mr auld, religious, liberty know, escape, liberty, mistress"
91,Agricultural Education and Economic Empowerment,"The importance of education in improving the lives of African American farmers, particularly through agricultural training and economic empowerment, as exemplified by Booker T. Washington's work at Tuskegee Institute.","farmer, carver, agricultural, school, tuskegee, negro farmer, farm, county, macon county, booker washington"
92,"Ship, Sail, Fleet, Captain",{,"ship, sail, fleet, captain, board, crew, french, admiral, privateer, lieutenant"
93,Whipping and Plantation Punishment,"The use of physical punishment, such as whippings, by overseers or drivers on plantations in North America, often as a means of discipline for slaves who failed to meet work quotas or disobeyed orders.","whip, overseer, randall, tandy, flog, tie, cook, field, punish, nt"
94,River Escapes and Travel,"Narratives of enslaved individuals escaping or traveling along rivers, including their experiences with boats, rafts, and waterways.","river, raft, cow, journey, water, indian, boat, travel, boys let, road"
95,Food Rations and Plantation Provisions,"The limited and meager food provisions provided by slave owners, including cornmeal, bread, and occasional meat, as well as the ways in which enslaved people supplemented their diets with gathered vegetables and purchased salt.","meal, meat, hoo, allowance, basket, corn, cook, shirt, pork, eat"
96,Toussaint Louverture's Leadership in Haiti,"The narrative explores Toussaint Louverture's leadership during the Haitian Revolution, including his governance, military strategies, and interactions with European powers such as France and Britain.","toussaint, island, french, petion, france, christophe, domingo, hayti, st domingo, colony"
97,Religious Instruction and Personal Growth,"Narratives about slaves seeking knowledge of Christianity, acquiring literacy, and developing their moral character despite the challenges of slavery.","goot, master fight, course life, litton, overseer, servant, peter, fight, mr carleton, life secular"
98,Negotiating Freedom through Purchase or Manumission,"Accounts of enslaved individuals negotiating their freedom by purchasing it from their masters, often involving complex financial transactions and negotiations.","amos, phillip, dollar, master amos, hundr dollar, trick play, paper, trick, maxwell, mr maxwell"
99,Toussaint Louverture's Military Campaigns and Alliances,"The topic explores Toussaint Louverture's military strategies, alliances, and conflicts during the Haitian Revolution, including his interactions with French Commissioner Roume, General Maitland, and other leaders such as Rigaud.","gen, toussaint, rochambeau, dessaline, gen leclerc, leclerc, gona ves, ves, gona, troop"
100,"Paul, Sea, Manila, Aunt Martha",{,"paul, sea, manila, aunt martha, voyage, ship, whale, built, town, vessel"
101,"Jimmie, Dinkie, Burkit, Ward",{,"jimmie, dinkie, burkit, ward, flame, gilbert, bed, aunt nancy, mrs ward, farwell"
102,Encounters with Sympathetic Whites,"Narratives about interactions with kind-hearted or sympathetic white individuals who provide aid, shelter, or assistance to enslaved people.","seth, eveline, mr hibbard, hibbard, aunt, jenny, sackett harbor, sackett, store, pa"
103,Baptist Church Practices and Theology,"The importance of baptism, church practices, and theological discussions within the Baptist community.","church, baptist, baptiz, baptism, rev, pastor, preach, baptize, ayer, mr ayer"
104,Marriage and Family Life,"The challenges of maintaining relationships and family ties under the institution of slavery, including separation, mistreatment, and the impact on marital bonds.","marriage, marry, phillis, husband, conference, canaan, merican, girl, papa, minister"
105,Education and Personal Development,"Narratives about formal education, self-improvement, and personal growth in the context of slavery and freedom.","school, hampton, teacher, student, study, taught, coalmine, lesson, tuskegee, college"
106,Whipping and Plantation Punishment,"The harsh treatment of enslaved individuals by slaveholders on plantations, including physical punishment and forced labor.","slaveholder, freeland, mr freeland, hilo, disgust slave, human, covey, wick, disgust, african"
107,Employment and Servitude,"Experiences of enslaved individuals and free people seeking employment in various settings, including domestic work, hotels, and other establishments.","mrs lincoln, lincoln, mrs, brady, dress, keye, mrs clarke, hotel, lizzie, mcclean"
108,Religious Experiences and Conversion,"Narrators' accounts of their experiences with Christianity, conversion, and spiritual growth during slavery.","mr stewart, manchester, africa, joanna, mr spurgeon, stage, infancy, spurgeon, driver, tear"
109,Cotton Picking and Plantation Labor,"The process of picking cotton on plantations in North America, including daily tasks, expectations, and working conditions.","cotton, pick, pound, plant, pick cotton, harmattan, field, bale, worm, seed"
110,Escape and Fugitive Life,"Narratives about escaping from slavery, living as fugitives, and the experiences of those who have escaped.","harriet, joe, cyrus, cato, hound, boat, fugitive, runaway, journey, charley"
111,Whipping and Plantation Punishment,"The use of physical punishment, such as whipping, by plantation owners or overseers to control and discipline enslaved individuals.","slaveholder, covey, mr covey, mr gordon, peter, gordon, scraper, worst, jess, mutton"
112,Correspondence and Separation from Loved Ones,"Narratives about the emotional struggles of being separated from family members, including letters exchanged between enslaved individuals and their loved ones in freedom.","dear wife, dear, letter, brother cousin, write, cousin, thoma jone, mind write, chavis, till death"
113,"Pound, Pullman, Tunnel, Mingo",{,"pound, pullman, tunnel, mingo, hunter, job, steubenville, pound shilling, emma, ruffner"
114,Spiritual Awakening and Conversion,"Narratives about experiencing a spiritual awakening, conversion, or seeking salvation through prayer, singing, and devotion to God.","pray, lord, sanctify, jesus, oh, sing, convert, didnt, soul, sanctification"
115,"Mr Madison, Primus, Born, Young Walker",{,"mr madison, primus, born, young walker, colonel monroe, race, madison, fugitive, washington, helm"
116,Separation from Family Members,"The emotional and practical challenges faced by enslaved individuals when separated from their family members, including children, spouses, and relatives.","sister, flint, grandmother, dr flint, mrs ruffner, ruffner, mother house, ellen, bayliss, son"
117,Blindness and Economic Dependence,"The narrator's loss of sight and subsequent economic dependence on their master, highlighting the consequences of inadequate medical care and the exploitation of enslaved individuals.","elleanor, blake, folger, matthia, sally, mammy blake, mrs, captain brown, ninus, mammy"
118,Whipping and Plantation Punishment,"The use of physical punishment, such as whippings, to discipline slaves on plantations.","horse, shop, mr garner, israel, door, rode, robbin, covington, master jame, blacksmith"
119,Traveling through Wilderness and Uncertainty,"Narratives about traveling through uncharted territories, facing uncertainty, and encountering wild animals such as wolves.","road, approach, travel, howl, indian, wolve, distance, lake, wilderness, travel night"
120,Abolitionist Influences,"The impact of abolitionists and their networks on the narrator's life and work, including interactions with influential individuals and organizations.","douglass, gavan, american, mr gavan, office, wm, garrison, lundy, christopher mcpherson, epps"
121,Government Revenue and Tariffs,"The importance of government revenue, tariffs, and taxation in supporting the nation's economy and military, as well as the debates surrounding protective duties and their impact on different regions.","tax, tariff, taxation, import, manufacturer, impost, million, cent, article, government"
122,Whipping and Plantation Punishment,"The harsh treatment and punishment of enslaved individuals on plantations, including physical abuse, meager rations, and forced labor.","weell, weell ho, ho, suffer, plantation, lash, susanna, slaveholder, cruel, blood"
123,Racial Barriers to Education,"The difficulties faced by African Americans in accessing education and becoming teachers, including rejection of qualified candidates, lack of opportunities for colored men and women to become instructors, and societal attitudes towards racial integration.","school, teacher, institute, pupil, color people, education, color child, public school, school pupil, society"
124,Land Ownership and Agricultural Labor,"Narratives about purchasing land, clearing timber, building structures, and engaging in agricultural labor.","gravel, brick, timber, kiln, cahill, mr cahill, mr blount, uncle scott, blount, stearn"
125,Lectures by Sojourner Truth,"Accounts of Sojourner Truth's lectures on morality, domestic relations, and women's rights in the context of African American life in the South during the mid-19th century.","sojourner, sojourner truth, truth, petition, government, lecture, suffrage, sibyl, audience, washington"
126,The Fugitive Slave Act and Public Opinion,"The passage describes the public's reaction to the Fugitive Slave Law, including its enforcement, opposition from abolitionists, and the law's eventual decline in importance.","law, jerry, court, fugitive, marshal, boston, fugitive slave, faneuil hall, faneuil, liberty"
127,Racial Prejudice at West Point,Experiences of African American cadets facing social ostracism and racism while attending the United States Military Academy at West Point,"cadet, flipper, west point, color cadet, smith, west, academy, graduate, cadet smith, officer"
128,Acknowledging Assistance from Friends,Narrators express gratitude to individuals who provided financial or moral support during difficult times.,"yea, writer, johnson, mission, mr johnson, rev johnson, duly, amen, rev, selah"
129,"River, King, Hous, Meroe",{,"river, king, hous, meroe, kingdom, consist, ancient, distance, sahara, variety"
130,Financial Support and Recognition for Slave Leaders,"Narratives highlighting the financial support and recognition received by slave leaders from white patrons, including donations to their churches and personal wealth accumulation.","chase, eustace, belin, dollar, honour, jasper, rev, hawkin, st domingo, mr chase"
131,Surviving Hunger through Hunting,"Narratives of enslaved individuals who hunted wild animals to supplement their meager rations, often facing punishment or detection by slave owners and overseers.","turkey, josh, chicken, tag, harry, bird, brazen, ned, sieve, massa"
132,Addressing White Audiences in the South,"Narrators discuss their experiences speaking to white audiences in the South, often with a focus on promoting racial understanding and progress.","address, atlanta, exposition, audience, race, invitation, tuskegee, director, problem, southern"
133,Racial Identity and Relationships,"The complexities of racial identity, relationships between white and black people in the South, and the challenges faced by individuals who seek to navigate these dynamics.","colour, student, white people, moton, race, major moton, colour people, community, contact, southern"
134,The Nature of Temptation and Sin,"Narrators discuss the concept of temptation and sin, attributing its origin to Satan or evil influences rather than God. They describe how humans are deceived by Satan's lies and succumb to sin, leading to ruin and hell.","ter, uv, dat, wuz, yer, dey, gord, iz, wat, fer"
135,Negro Education and Racial Progress,"The importance of education for African Americans and its role in addressing the racial problem in the South, including the establishment of schools and institutions that cater to their needs.","education, school, industrial, miss crandall, negro education, high education, crandall, college, washington, negro school"
136,Grief and Mourning,"The emotional response of individuals to the loss of a loved one, including expressions of sympathy, condolences, and reflections on the deceased's life and legacy.","phebe, tenn, dear, dear wife, paul, toussaint, death dear, mr chaplain, miss, oh"
137,Methodist Episcopal Church Organization and Governance,"The formation and governance of the Methodist Episcopal Church in North America, including its organization, conferences, bishops, and relationships with other churches.","bishop, conference, episcopal, general conference, church, methodist episcopal, episcopal church, methodist, elect, organization"
138,Navigating Wilderness Environments,"Slaves navigating through dense forests, swamps, and woods, often in pursuit or being pursued, highlighting their experiences with natural environments and the challenges of escaping or tracking individuals.","swamp, tree, road, alligator, pine, fallen, bushe, pine tree, water, wood"
139,Marriage and Family Ties,"The complexities and challenges faced by enslaved individuals in forming romantic relationships and building families, including the role of slave owners and the difficulties of purchasing or acquiring a spouse.","marry, marriage, eliza, mrs price, price, st john, philip, mrs, ensor, maria"
140,Whipping and Plantation Punishment,"Accounts of physical punishment and mistreatment on plantations, including whipping, biting, and other forms of abuse.","gordon, fugitive, miss gordon, pompey, henson, mission hall, aaron, miss perk, perk, sheep"
141,Christianity and Slaveholders,"The complex relationship between Christianity and slaveholding in North America, including the ways in which slaveholders used religion to justify their actions and the ways in which enslaved people found solace and community in Christian worship.","church, thompson, preach, mr grime, sermon, mr thompson, preacher, deacon, grime, anthony"
142,Christian Faith and Preaching,"Narratives of spiritual experiences, conversion, and calls to preach among enslaved individuals, including their interactions with Christian ministers and their own struggles with faith in the face of slavery.","preach, matthia, ferrill, stewart, doctrine, lazarus, stink, christ, jesus, mr folger"
143,Abraham Lincoln's Emancipation and its Aftermath,"The impact of Abraham Lincoln's emancipation policies on the lives of enslaved individuals in North America, including the consequences of Carpet Bag rule and the struggle for independence in Haiti.","abraham lincoln, lincoln, abraham, emancipation, american, rule saw, liberty, tousaint, france, celebrate"
144,Patriotism and National Identity,The importance of loyalty to one's nation and the role of patriotism in achieving freedom and equality.,"soldier, attuck, regiment, american, war, passport, citizen, enlist, nation, liberty"
145,Deception and Betrayal by Slave Traders,"Narrators describe situations where slave traders or owners deceive or betray them, often for financial gain.","doctor, mr wilson, maria, wife child, aunt, mr grip, esq william, gaol, grip, wilson"
146,Purchasing Freedom through Labor,"Narratives of enslaved individuals who purchase their freedom by working and earning money, often in various occupations such as domestic work or on steamboats.","dollar, sold, mrs brown, new orlean, purchase, betsey, orlean, neworlean, maury county, serena"
147,Marriage and Family Separation,"The narratives describe the difficulties of maintaining relationships and family bonds due to the institution of slavery, including the separation of spouses and children through sale or forced labor.","wife child, buy, vandervall, mr barter, young mistress, bibb, sold, cowen, gatewood, cellar"
148,Military Training and Hazing at West Point,"The experiences of cadets undergoing military training and hazing at the United States Military Academy at West Point, including strict regulations, drill exercises, and punishment for disobedience or perceived misconduct.","plebe, cadet, class, camp, drill, benny haven, benny, haz, yearl, guard"
149,Separation from Family,"The emotional pain and difficulty of being separated from loved ones due to the slave trade, including the sale of family members and the struggle to maintain relationships despite physical distance.","mr walker, sound jubilee, nealy, di, walker, sold, day com, john ardinburgh, good funeral, steal meat"
150,Traveling as a Fugitive Slave,"Narratives about escaping from slavery through travel, including experiences of being on the road, encountering obstacles and dangers, and using disguises or deception to avoid capture.","cassy, sojourner, tavern, hostess, thimble, tribute sar, night lodg, york shilling, road, travel"
151,Christian Faith and Salvation,"The importance of faith in Christ's saving grace, salvation, and eternal life, as well as the role of Christianity in personal improvement and moral development.","christ, holy, heaven, israel, faith, gospel, salvation, soul, st peter, holt"
152,The Role of John Jasper as a Baptist Pastor,"John Jasper's leadership and influence as a pastor in the Baptist church, including his preaching style, church growth, and personal characteristics.","pastor, church, baptist, sermon, rev, baptist church, jeter, church rev, jasper, saviour"
153,Grief and Mourning,"The emotional response of individuals to death, loss, and bereavement, often accompanied by descriptions of funerals, mourning rituals, and the impact on those left behind.","mrs lincoln, lincoln, mr lincoln, mrs, white house, willie, grief, president, miss, flower"
154,Escaping Slavery through Military Alliances,"Narratives of enslaved individuals who escaped or attempted to escape slavery by joining British forces during the American Revolutionary War and other conflicts, highlighting the complexities of military alliances and slave resistance.","mallory, war, col, south carolina, gen, col mallory, gen wild, march, guerrilla, raid"
155,Author's Life and Purpose,"The narrative begins with the author's personal life, struggles, and motivations for writing their story. They often dedicate their work to loved ones or institutions, expressing gratitude and seeking compassion from their audience.","aldridge, job, grace, lincoln, mr aldridge, dear mrs, mrs lincoln, dear, mrs keckley, letter"
156,Frederick Douglass as Anti-Slavery Orator,The role of Frederick Douglass in promoting abolition and freedom through public speaking and advocacy.,"douglass, antislavery, speech, mr douglass, haliburton, audience, constitution, abolitionist, frederick, garrison"
157,Whipping and Plantation Punishment,"The use of physical punishment, particularly whipping, as a means of control and discipline on plantations in North America.","overseer, edloe, plantation, whip, randall, dinkie, ben, tobacco, old peter, driver"
158,Prejudice and Social Exclusion at West Point,"Experiences of racism, prejudice, and social exclusion faced by a cadet at West Point, including incidents of unfair treatment, lack of recognition, and condescending behavior from fellow cadets.","cadet, west point, west, prejudice, guard, color cadet, treatment, academy, report, officer"
159,The Power of Positive Thinking and Redemption,"Narratives about finding happiness, hope, and redemption in the face of slavery and hardship, emphasizing the importance of positive thinking and living a virtuous life.","happiness, heaven, thou, dear, hell, self, joys, bles, happy, self love"
160,Christianity and American Politics,"Narrators' experiences with Christianity and its intersection with American politics, including references to the Constitution, Declaration of Independence, and abolitionist movements.","christ king, alia pherson, son christ, pherson, pherson son, king lord, seal, richmond tuesday, tuesday th, king king"
161,Escape Attempts and Punishment,"Narratives of enslaved individuals attempting to escape or evade punishment, including descriptions of whippings, beatings, and other forms of physical punishment.","gad, whip, eat, fetch, mr bass, umbrella, yard, frankee, rope, victual"
162,Abolitionist Movement and American Politics,"The topic explores the intersection of abolitionism and American politics, highlighting the efforts of various groups and individuals to end slavery and promote liberty in the United States.","abraham lincoln, abraham, republic, lincoln, american, principle, nation, union, ireland, government"
163,Christianity and the Treatment of Enslaved People,"The intersection of Christianity and the treatment of enslaved people in North America, including discussions of morality, divine truth, and the potential for redemption.","religion, irish, mr carleton, carleton, anna elizabeth, religious, anna, california, human, hudlun"
164,Extradition of Fugitive Slaves in North America,The process of returning escaped slaves to their owners in accordance with the Fugitive Slave Act and related court cases,"anderson, treaty, extradition, queen bench, court, fugitive slave, writ, canada, fugitive, court queen"
165,Horse Racing and Gambling,"The topic of horse racing and gambling is explored in these narratives, highlighting the excitement and financial risks associated with betting on horses and participating in card games.","sar, horse, cock, bet, burk, smith, cock fight, massa, rider, ju"
166,Leadership and Titles in Haitian Insurrection,"The narrative highlights the emergence of leaders among enslaved individuals, including Jean-François, Biassou, and Toussaint, who assume titles such as High-Admiral, Generalissimo, and Chevalier of the Order of Saint Louis. The text also describes their military strategies and the complexities of their relationships with each other.","ois, fran ois, fran, biassou, jean fran, jean, toussaint, mulatto, jeannot, insurgent"
167,Effective Classroom Management,"Strategies for organizing and supervising students in a classroom setting, including division of tasks, review and correction of work, and maintaining order while allowing for individual progress.","teacher, verb, pupil, correctly, pronoun, lesson, class, division, participle, multiply"
168,Survival and Evasion in the Wilderness,"Narratives about escaping from plantations, finding food and shelter in the woods, and evading capture or punishment.","wood, cattle, dog, rebecka, pigs, barn, camp, kil, pine, oxen"
169,Conversion to Christianity in Africa,"Narratives of enslaved Africans who converted to Christianity, often facilitated by European missionaries or colonial authorities.","colony, missionary, native, cary, africa, liberia, governor, african, owen, stoffle"
170,Abolitionist Influence and Freedom,"The impact of abolitionists on slave thoughts and actions, including the idea of freedom and escape to Canada.","beecher, trade, george, seminary, lyman beecher, new bedford, kentucky, bedford, food, canada"
171,Imprisonment and Interrogation,"The process of being taken into custody, interrogated by authorities, and held in a jail or prison facility, often under harsh conditions.","jail, prison, cell, gaol, iron, jailor, friend alabama, lock, bolt, alabama"
172,Surviving Enslavement,"Narratives of survival, resistance, and the harsh realities of life as an enslaved person in North America.","jupe, jamie, wedge, jarm, nat, wildfire, giant, turk, wood, southampton"
173,Whipping and Plantation Punishment,"The use of physical punishment, such as whipping, to discipline slaves on plantations.","lloyd, barney, old barney, col lloyd, horse, stable, col, slaveholder, ostler, wilk"
174,African Royalty and Ceremonies,"The narratives describe the author's experiences with African royalty, including their ceremonies, feasts, and daily life. The authors detail the king's role in society, the importance of hospitality, and the customs surrounding worship and prayer.","king, cowry, tamegah, priest, mos, mayhou, jethro, mos fatherinlaw, festival, procession"
175,Toussaint Louverture's Conflict with French Authorities,"The narrative describes Toussaint Louverture's interactions with the French authorities, including General Le Clerc and Napoleon Bonaparte, as they attempt to reassert control over Haiti.","toussaint, leclerc, christophe, louverture, toussaint louverture, french, squadron, captaingeneral, domingo, cape"
176,African American Clergy and Intellectuals,"The importance and achievements of African American clergy and intellectuals in the fight against slavery and racism, highlighting their contributions to education, literature, and social justice.","church, pastor, fergusson, dr derrick, author, derrick, rev, bishop, minister, episcopal"
177,Whipping and Plantation Punishment,"The use of physical punishment, specifically whipping, as a means of discipline on plantations in North America, often administered by overseers.","overseer, hog, whip, mr lipscomb, lipscomb, burton, pallam, mr pallam, run away, pig"
178,Fugitive Slave Act and Resistance,"The Fugitive Slave Act of 1850, which required the return of escaped slaves to their owners, and the resistance and defiance of this law by abolitionists and fugitive slaves.","prison, convict, ellen, boston, archer, contract, cary, ashmun, mr ashmun, craft"
179,Tobacco Sales and Plantation Economy,"The topic involves the sale of tobacco on plantations, including the prices at which it was sold, the profit made by plantation owners, and the economic dynamics of the plantation system.","tobacco, carr, owen, sell, plug, dimmock, mr smith, mr boylan, profit, boylan"
180,False Accusations and Unfair Trials,"Narratives about being falsely accused, arrested, and put on trial for crimes they did not commit, highlighting the injustices of the slave system.","murder, jury, murder degree, frank, prisoner, verdict, crime, lucy, murderer, trial"
181,Pardons and Judicial Review,"The process of pardoning convicts, the role of courts in reviewing and overturning sentences, and the relationship between judges, governors, and prison boards in determining a convict's fate.","prisoner, parole, court, burn, claimant, petitioner, dana, pardon, law, prison"
182,Free Black Men's Economic Success,"Accounts from free black men who have achieved economic success through various business ventures and professions, often despite racial obstacles.","mr hunt, pierson, mr pierson, hunt, folger, mr folger, matthia, terry, stove, pierson mr"
183,Racial Identity and Biblical Interpretation,"Narratives exploring the connection between racial identity and biblical interpretation, including discussions about the origins of humanity's color and the moral implications of slavery.","ham, fit die, wilk, riland, mr wilk, gehazi, naaman, race ham, mr frierson, jasper"
184,Christian Faith and Morality,"The importance of faith, charity, and morality in a Christian's life, as well as the consequences of failing to live up to these values.","mr wilk, goodness, wilk, heaven, christ, charity, faith, thou, earth, prophet"
185,Education and Career Advancement,"Narratives about formal education, vocational training, and career progression, including access to libraries and law offices, business training, teaching positions, and professional development.","school, cromwell, mr cromwell, teacher, graduat, department, institute, secretary, washington, convention"
186,Slavery and Christianity,"The tension between Christian values and the institution of slavery, highlighting the hypocrisy of slaveholding Christians and the exploitation of enslaved people for financial gain.","preacher, member, christianity, chattel, church, sabbath, religion, class, jamaica, slaveholder"
187,Racial Degradation and Loss of Civilization,"The idea that individuals from white or civilized backgrounds can degenerate into a state of barbarism when removed from their usual environment and exposed to harsh conditions, as seen in the examples of Charlotte Stanley and the Slocum family.","biddy mason, hudlun, angele, los angele, california, biddy, gipsy, mason, los, slocum"
188,Tzatzoe's Life and Leadership,"The narrative of Tzatzoe, a Native African leader who was enslaved in North America but later returned to Africa, where he became a respected leader among his people. He was known for his wisdom, integrity, and ability to maintain peace and order among his tribe.","tzatzoe, tribe, medina, native, odessa, missionary, tubbee, okah tubbee, okah, dr okah"
189,Economic Struggles and Community Development,"Narratives about financial difficulties, debt, and efforts to improve economic conditions through education, community building, and entrepreneurship.","washington, mr washington, terry, conference, community, education, mass, farmer, mortgage crop, crop"
190,Abolitionist Politics and the Vote,"Narrators discuss their knowledge of and involvement in politics, particularly regarding suffrage and voting rights for slaves and freedmen.","suffrage, vote, convention, senator, senate, vote slave, constitution, amendment, measure, delegate"
191,Spiritual Seeking and Plantation Punishment,Narratives of enslaved individuals seeking spiritual guidance and comfort amidst physical punishment and oppression.,"pray, whip, night told, binney pennison, pennison, forgive, forgive master, happy, binney, going meet"
192,French Invasion and Haitian Revolt,"The narrative describes the brutal treatment of enslaved people during the French invasion of Haiti, including the use of bloodhounds to hunt down and kill them, as well as the violent revenge taken by the enslaved against their former masters.","rochambeau, vengeance, punishment, ferrou, sea, portauprince, revolt, french, victim, dessaline"
193,Life on a Riverboat,"Experiences of enslaved individuals working or traveling on riverboats, including their interactions with crew members and officers.","captain, fleet, boat, tawah, planter, ship, allensworth, officer, pilot, vessel"
194,Critique of Slavery and Social Hierarchy,"Narratives that challenge the legitimacy of slavery and social hierarchies, often citing biblical passages to argue for human equality and dignity.","thou, waterford, hast, sorrow woe, philemon, mos roper, caulkin, obligation, roper, thou hast"
195,Whipping and Plantation Punishment,"The use of physical punishment, particularly whipping, by plantation overseers and owners to control and intimidate enslaved individuals.","whip, randall, uncle nelson, juno, lash, jim, mclean, female, nelson, overseer"
196,Missionary Work and African Culture,"Narratives about missionaries' interactions with African cultures, including experiences in Africa and the impact of missionary work on Native American communities.","missionary, africa, miss, kafir, hughe, vashon, mission, institute, mr stewart, native"
197,Escape from Slavery and Plantation Punishment,"The difficulties of escaping from slavery, including the use of physical punishment such as whipping, iron chains, and confinement in small cabins or prisons.","zip, iron, mr gooch, gooch, escape, mcoy, door, lock, pott, sandy"
198,Social Stratification and Racial Hierarchy,"The narratives highlight the rigid social hierarchy in the South, where wealth and slave ownership determine one's status as a gentleman or common man. The aristocracy is depicted as idle and reliant on slaves for labor, while those who work with their hands are relegated to lower classes.","class, sah, poor white, lodge, aristocracy, prince hall, population, mr ward, beaufort, ward"
199,Leaving Home for Education,"The process of leaving home to attend school or seek education, often involving emotional goodbyes and financial struggles.","johnson, new bedford, vinell, bedford, mr vinell, nathan johnson, mr minge, pocketbook, mr johnson, minge"
200,John Jasper's Geocentric Views,"The narrative discusses John Jasper's strong personality and conviction in a geocentric view of the universe, where he believes the sun moves around the earth.","sun, jasper, earth, verse, john jasper, philosopher, mr jasper, revolve, sermon, sun earth"
201,Escape from Slavery,Narratives of enslaved individuals attempting to escape or regain freedom in North America,"colonel, mr read, gaol, stubb, mr stubb, archy, colonel moore, tollerber, moore, gordon"
202,Abolitionist Women's Influence on American Society,"The role of women in the abolitionist movement and their impact on American society, highlighting their leadership, perseverance, and influence on social change.","antislavery, mott, abby kelley, fayerweather, abby, class american, sarah, deprecate, free state, mrs mott"
203,Whipping and Plantation Punishment,"The brutal treatment of enslaved individuals by plantation owners and overseers, including physical punishment such as whipping, flogging, and beating.","whip, eat, ensor, mornin, glassel, corn, jourdine, escap, mr stubb, stubb"
204,Plantation Life and Social Hierarchy,"The social dynamics and daily life on plantations in North America, including the relationships between enslaved people, their owners, and other members of society.","mingo, mr ward, spriggin, break leg, mcarter, mr burkit, burkit, gentleman, horse, leg"
205,Education and Personal Development,"Narratives about seeking education, personal growth, and self-improvement, often in the context of overcoming societal expectations or financial constraints.","school, kent, tuskegee, henson, kent ontario, dollar, ontario, colonial continental, dalton, berea"
206,Education and the Role of Teachers in African American Communities,The importance of education for African Americans during the Reconstruction period and the role of teachers as leaders and influencers within their communities.,"school, tuskegee, teacher, education, oberlin, race, colour, general armstrong, student, class"
207,Persecution by Authorities,Experiences of being harassed or interrupted by law enforcement or other government officials while conducting religious services,"mission, ray, meeting, seattle, sister ray, lord, altar, worker, brother ray, kansa city"
208,Camp Meetings and Revivalism,"Accounts of attending or participating in outdoor religious gatherings, including descriptions of tents, preaching, and community interactions.","tent, camp meet, lord, camp, inskip, mrs, bles, pray, didnt, sister"
209,Escape from Slavery and Seeking Help,"Narratives of enslaved individuals attempting to escape slavery, seeking help from family members or sympathetic individuals, and facing challenges in their pursuit of freedom.","grandmother, linda, mr sand, flint, dr flint, sand, benny, uncle, uncle phillip, betty"
210,Relationships between Slaves and Their Owners,"Narratives describing interactions, emotions, and dynamics between enslaved individuals and their owners or masters.","aunt dice, dice, aunt, riverside, trevor, mos, mos sam, john trevor, anne, sam"
211,European Landmarks and Estates,"Descriptions of European landmarks, estates, and natural scenery, including descriptions of specific locations such as Baden-Baden, the Valley of Tegla, and Hartwell House.","prince, valley, lake, dundee, wale, scenery, dr dick, beautiful, mountain, badenbaden"
212,Whipping and Plantation Punishment,"The use of physical punishment, including whipping, as a means of control and discipline on plantations in North America.","whip, overseer, stubb, mr stubb, randall, major thornton, thornton, benjamin, slave whip, colonel moore"
213,Racial Slurs and Racist Language,"The use of derogatory terms to describe enslaved people or people of African descent, highlighting the racist attitudes and language used by slave owners and their families.","nigger, miss jane, yer, miss, jane, polly, leeche, joyce, aunt polly, doctor"
214,Forbidden Education and Punishment,"The struggle for enslaved individuals to learn and access education, often met with punishment and persecution from slave owners.","learn read, maus, maus oscar, oscar, auld, cucumber, eddie, sah, spell, miss hebe"
215,Church Finances and Membership,"The establishment and growth of churches in mission territory, including property values, membership numbers, and financial contributions from members.","church, dollar, hundr dollar, bishop, conference, thousand dollar, chapel, cost thousand, member, churche"
216,Escape from Slavery,"Narratives of escaping enslaved individuals, including their experiences on plantations, escapes to freedom, and efforts to assist others in escaping.","shaker, massah, zip, john, seth, ship, john anderson, anderson, rick, john glasgow"
217,Establishing Sabbath Schools and Literacy,"The importance of education and literacy in the lives of enslaved individuals, including the establishment of Sabbath schools and the desire to learn reading and writing skills.","sabbathschool, learn read, freeland, classleader, st michael, book, michael, study, mr freeland, school"
218,Escape from Slavery in North America,"Personal accounts of enslaved individuals who escaped or were freed, often detailing their experiences under slavery, their escape routes, and their lives after freedom.","henson, liberia, mr henson, peterson, josiah henson, george sturge, esq, mr peterson, continental church, england"
219,Plantation Management and Labor Disputes,"The topic involves the management of plantations, labor disputes, and conflicts between plantation owners and their workers or employees.","gin, engine, plant, gin plant, uncle scott, scott, seed, bond, mr dickerson, charley"
220,Encounters with Abolitionists and Free Blacks,"Narratives of interactions between enslaved individuals and abolitionists or free blacks who provided assistance, shelter, or guidance in their escape from slavery.","philo, mrs keister, keister, eat, run away, charley, quaker, brown, cato, mrs price"
221,Confrontation with Slave Catchers,"A narrative about a confrontation between enslaved individuals and their slave catchers, including violent attempts to subdue them.","henry, eagan, henry john, dodger, jail, constable, maam, archer, cross hand, pistol"
222,Christianity and Slavery,"The intersection of Christian teachings and the institution of slavery in North America, including the hypocrisy of slave owners who claim to follow Christian principles while practicing cruelty and oppression.","preach, ben, gospel, preacher, lacy, poor slave, peggie, overseer, worship, whip"
223,Encounters with Hunting Dogs,"Narrators describe their experiences being chased by hunting dogs, including encounters with slave owners' hounds and personal pets.","dog, hound, dogs, mr martin, swamp, animal, martin, deer, thoma, tree"
224,Desire for Education,"The narrator's longing to learn and read, often in secret, as a means of personal empowerment and potential freedom.","book, spellingbook, learn read, store, boy, alphabet, white boy, spel, syllable, try learn"
225,Life at Sea and Quarantine,"Experiences of enslaved individuals on ships, including quarantine periods, interactions with crew members, and the challenges of life at sea.","captain, shore, metcalf, boat, foot touch, man nature, captain metcalf, joanna, ashore, youre"
226,Racism and Prejudice in America,"The prevalence of prejudice against people of color in American society, including within churches and institutions, and its impact on the lives of enslaved individuals.","colour, prejudice, american, mr brown, par, america, banneker, sed, dat, rapidly"
227,Theatrical Performances in London,"Narratives about enslaved individuals performing on stage in London, including their experiences and reactions to being treated as actors rather than people.","cheapside, prince, matthia, king, othello, england, desdemona, pierson, chelsea, billdistributor"
228,Whipping and Plantation Punishment,"The harsh treatment and punishment inflicted on enslaved individuals by plantation owners and overseers, including physical abuse and meager living conditions.","mr lovejoy, mpherson, lovejoy, mr sawyer, sawyer, st louis, flog, louis, captain minner, minner"
229,Education and Racial Barriers in Schools,"The challenges faced by African Americans in accessing education, including racial bias, rejection from teaching positions due to skin color, and the struggle for equal opportunities in schools.","school, bettis, teacher, student, academy, professor day, professor, dr delaney, nicholson, new york"
230,"Schooner, Montez, Amistad, Pedro Montez",{,"schooner, montez, amistad, pedro montez, pedro, vessel, captain, steer, ruiz, havana"
231,Faith and Redemption in Slavery,"Narratives of enslaved individuals finding spiritual solace and redemption through their faith in Jesus Christ, despite the harsh realities of slavery.","quamino, standard, jesus, provide, saviour, law, spiritual, principle, sin, duty parent"
232,Whipping and Plantation Punishment,"The use of physical punishment, such as whipping, to discipline enslaved individuals on plantations in North America.","beggar, mayoral, peseta, ingenio, mistress, beggar man, dinkie, dat, marfa, miss marfa"
233,Illiteracy and Spiritual Ignorance,"The emotional and psychological impact of being unable to read or understand scripture on enslaved individuals and their families, highlighting the cruel irony of being forced to lead spiritual services without knowledge.","tom, teach, bible, bless lord, lord soul, father son, psalm, lord, anybody teach, learn anybody"
234,Obtaining Passes and Avoiding Punishment,"The difficulties faced by enslaved individuals in obtaining passes to visit other plantations or towns, and the consequences of being caught without a pass, including punishment such as whipping.","kerr, tom, pass, girl, patrol, sell, lawyer, millspaugh, sister, miss kerr"
235,Loss of Family and Caregivers,"Narratives about the emotional impact of losing family members, caregivers, or loved ones due to death, separation, or mistreatment in slaveholding households.","grandmother, flint, nancy, dr flint, mistress, linda, grave, mrs flint, uncle phillip, bury"
236,Economic Impact of Slavery and Emancipation,"The economic effects of slavery and emancipation on the slave trade, population, and market value of slaves in various regions, including Virginia, as well as the impact on commerce and industry.","virginia, population, estimate, shade white, slave population, market, increase, shade, price, annually"
237,Slave Trading and Auctions,"The process of buying, selling, and auctioning enslaved people in New Orleans, including the experiences of being transported on a steamboat and placed in slave pens.","mr walker, walker, mr broadwell, broadwell, new orlean, orlean, bought, merchant, lewis, warehouse"
238,Strangers and Travelers,"Experiences of individuals who are away from home, often as fugitive slaves or travelers, facing various challenges and encounters.","johnny, miss nancy, nancy, noaccount johnny, aaron, noaccount, sarah, miss, henry, mrs whitlock"
239,Traveling and Encounters on the Road,"Narratives of traveling through rural areas, encounters with locals, and experiences with law enforcement or other authorities while on the move.","horse, listwell, rasp, mr ward, ward, constable, loafer, guinea, master richard, rode"
240,Desire for Revenge Against Masters,Narrators express thoughts of harming or killing their masters as a means of revenge against their cruel treatment.,"amos, master amos, axe, commit murder, wretch, murder, kill, shorten, murderer usually, contrive circumstance"
241,Confronting Public Opinion and Slavery,"Narratives about the author's experiences with public opinion, slavery, and their efforts to free themselves or others from bondage.","harriet, isabel, girl, lloyd, mr nottingham, opinion, davenport, nottingham, bone, public opinion"
242,The Nature of Slavery and Its Morality,"Discussions about the inherent evil of slavery, its contradiction to human rights and dignity, and the moral implications of treating people as property.","que, las, property, casa, las casa, law, por, slaveholder, evil, la"
243,Peanut-Based Food and Products,"The use of peanuts as a food source, including recipes and products made from peanuts, such as peanut butter, flour, and bread.","peanut, butter, add, potato, flour, boil, cream, bake, sweet potato, sugar"
244,Government Responsibility for Freedmen,"The expectation that the government should provide support and resources to freed slaves after emancipation, including food, land, and employment opportunities.","freedmen, fortyfourth, contraband, government, fortythird, congress, employ, report, fortyfourth congress, fre"
245,"Exodus, Emigrate, Rochester, Antislavery",{,"exodus, emigrate, rochester, antislavery, peace, color people, nation, unit state, north, slaveholder"
246,Treatment of Millie Christine by Railroad Companies,"The railroad companies' policies and practices regarding the travel arrangements for Millie Christine, a two-headed woman, including issuing her one ticket instead of separate tickets for each head.","millie, christine, millie christine, twohead, christine millie, pancoast, dual, ticket, medical, dual woman"
247,Escaping Slavery,"Narratives of enslaved individuals attempting to escape from their plantations or traders, often involving planning, travel, and encounters with other people who may help or hinder their efforts.","parson, badger answer, badger, lewis, canaan, mr munger, munger, wood, lawrence, upson"
248,Mob Violence and Lynching,"Accounts of violent attacks by mobs on enslaved individuals or escaped slaves, often resulting in serious injury or death.","gorsuch, kline, pinckney, mr gorsuch, wound, fir, kidnapper, steven, thompson, hanway"
249,Overcoming Slavery through Education,Accounts of enslaved individuals who acquire literacy and education as a means to escape or improve their circumstances.,"tuckahoe, race, history, carver, ris son, dr brown, major berry, douglass, picanniny, book"
250,Navigating Racial Prejudice and Securing Support,"The challenges of addressing the 'Negro problem' in a way that gains support from both white and black communities, while also navigating the complexities of racial prejudice and education.","problem, solve, negro problem, race, institution, colour, negro race, solve negro, school, tuskegee"
251,False Accusations and Torture,"Narratives about being falsely accused of crimes, subjected to physical torture, and near-death experiences due to medical experimentation or punishment.","hardy, brown, police, weaver, leah, mr weaver, madison, district attorney, lewis, blanchard"
252,False Accusations and Trials,"Narratives about being falsely accused, put on trial, and facing unjust punishment or prosecution.","welday, freudenberger, squire, lewis, vell, young welday, mr freudenberger, alexander, john alexander, witness"
253,Forced Separation from Family,"The emotional and traumatic experience of being forcibly separated from family members, often during the slave auction process.","proctor, mr proctor, cassy, goodwin, joanna, peterkin, jarm, pepul, mr stubb, mr goodwin"
254,Confrontations with Authority and Betrayal,"Accounts of violent confrontations between enslaved individuals and their captors or overseers, including instances of attempted capture, punishment, and betrayal.","cullen, captain, captain cullen, battle, captain brown, mcknight, hoyt, hotel, general washington, war"
255,Life on a Slave Vessel,Experiences and conditions faced by enslaved individuals while being transported on slave ships or vessels.,"deck, cingue, montez, ruiz, captain, vessel, senor, cutter, slaver, grabeau"
256,Maternal Love and Separation,"The emotional struggles of enslaved mothers separated from their children, highlighting the trauma and distress caused by family separation in slavery.","sear, cassy, st john, mrs wheatley, wheatley, marriage, mr sear, moore, daughter, colonel moore"
257,Older Female Slaves and Community,"Stories about older female slaves who provide guidance, support, and community to other enslaved individuals, often in the context of their daily lives on plantations.","dey, mrs benson, judy, dat, maria, ole, benson, den, chilen, jessie"
258,Life on Plantation with Master Edmondson,"Experiences of enslaved individuals living on a plantation owned by Mr. Edmondson, including interactions with master and mistress, daily life, and encounters with other slaves and outsiders.","johnston, mr edmondson, edmondson, jimmie, abram, miller, old yank, kitchen, yank, mule"
259,Separation from Family and the Emotional Toll of Slavery,"The narratives describe the emotional pain and distress caused by being separated from family members, including siblings and spouses, often due to forced sales or transfers. The stories highlight the psychological impact of slavery on individuals and their families.","stowe, st michael, mrs stowe, michael, brother eldest, baltimore, home canada, mistress brother, son, canada"
260,False Accusations of Forgery and Theft,"Narrators describe false accusations of forgery and theft made against them by former associates or business partners, often in an attempt to discredit or ruin their reputation.","mcnellis, attorney, mortgage, mr fussell, fussell, red, republican, paid attorney, ray, morgan"
261,Chasing and Capture by Slave Catchers,"Accounts of being pursued on foot or horseback by slave catchers, often involving violence and attempts to escape or evade capture.","horse, beg kill, chaise, rail, gooch, mr gooch, wood, road, neck, ran"
262,Racial Progress and White Allies,"Narratives about racial progress, the role of white allies, and the experiences of African Americans in education, literature, and social reform.","haliburton, race, moton, major moton, judge haliburton, colour, elliott, university, white people, color people"
263,Slaveholder's Obligations to Provide Holiday Time,The extent to which slaveholders are expected or required to provide time off for holidays and the ways in which slaves spend their limited free time.,"holiday, dey gib, dur holiday, gib, slaveholder, holiday serve, dey, slave forc, spirit insurrection, slaveholder spirit"
264,The Importance of Perseverance and Collective Action in Achieving Racial Equality,"This topic highlights the significance of perseverance and collective action in achieving racial equality, as emphasized by Hezekiah Grice and others during the Convention Movement. It emphasizes the importance of remembering the afflictions of one's countrymen and working towards the deliverance of enslaved individuals.","equality, convention, hezekiah grice, american, abraham lincoln, hezekiah, cheer, lincoln, social, grice"
265,Plantation Punishment and Escape,"The use of physical punishment, such as whipping and iron collars, to control enslaved individuals, as well as their attempts to escape from plantations.","wood, ensor, gorsuch, dogs, bloodhound, covey, iron, travel, dry, road"
266,Escape from Slavery,"Narratives of enslaved individuals attempting to escape from their plantations or owners, often involving evasion, capture, and recapture.","mr freeland, freeland, jarm, barn, mr hamilton, lane gate, hamilton, horse, sandy, tie"
267,Economic Inequality and Limited Opportunities,"Narratives highlighting the economic disparities faced by African Americans in North America, including limited access to education, employment, and wealth creation opportunities.","raleigh, richmond, dollar, teacher, bank, producer wealth, producer, school, enterpris, young men"
268,Church Leadership and Conflict,"Narratives of church leadership, conflict, and power struggles within African Methodist Episcopal (AME) and Methodist Episcopal conferences in the late 19th century.","preach, brother ward, preacher, bishop, denver, lady, ward, lord, oclock, church"
269,The Virtues and Flaws of a Strong-Willed Woman,"Narratives about the complexities of relationships between strong-willed women and their families or communities, highlighting both admirable qualities and flaws that lead to conflict.","miss baldwin, baldwin, chloe, mossell, india, joseph, conway, desirable, forrester, gift"
270,"Lord, Pray, Sterret, Miss Celie",{,"lord, pray, sterret, miss celie, celie, lord believe, new castle, mrs ryther, ryther, praise lord"
271,Faith and Spiritual Resilience,"Narratives of prayer, faith, and spiritual resilience in the face of slavery and hardship.","pray, ray, mission, lord, sister, ta, etau, sister ray, sing, mr richardson"
272,Whipping and Plantation Punishment,"The harsh treatment and punishment inflicted on slaves by plantation owners and overseers, including physical abuse and whipping.","roll, overseer, pays com, mr warner, major thornton, day child, foreman, mr carleton, carleton, com day"
273,Critique of Slavery and Southern Culture,"The topic explores the author's critique of slavery, its effects on individuals and society, and their vision for a more equitable future.","tater, aggs, mrs stowe, stowe, tromp, van tromp, mr bird, uncle tom, nature, yer time"
274,Music and Personal Expression,"Narratives highlighting the importance of music and personal expression in the lives of enslaved individuals, including their talents as musicians, composers, and performers.","music, musical, guitar, trotter, composer, musician, holland, mr trotter, cleveland, instrument"
275,Forced Marriage and Plantation Control,"Narratives of enslaved individuals being forced into marriage by plantation owners or mistresses, often as a means of exerting control over the enslaved population.","yo, missis, fanny, hannah, cato, jerry, dat, ef, nt, massa"
276,"Camel, Lion, Beast, Tree",{,"camel, lion, beast, tree, water, herbage, animal, grass, roar, growl"
277,Faith and Community,"Narratives about finding comfort, solace, and community through faith in God or a higher power, often in times of hardship or loss.","holy, mr pendleton, nearer thee, nearer, mr jefferson, pendleton, thee nearer, toussaint, thee, nearer god"
278,Life on Plantations and in Cities,"Experiences of enslaved individuals living on plantations and interacting with people in cities like Savannah, as well as their observations about the treatment of slaves and the social dynamics between slave owners and free black men.","jimmie, garlick, mr louis, mr garlick, regiment, gatewood, san francisco, francisco, savannah, winter"
279,Lynching and Mob Violence in the South,"Accounts of lynchings, mob violence, and the acquiescence or encouragement of such actions by local communities, highlighting the brutal treatment of African Americans in Southern states.","lynch, crime, rape, person lynch, lynching, cas, mob, mormon, southern, southern state"
280,Racism and Segregation in Public Spaces,"The treatment of African Americans in public spaces, including restaurants, hotels, and social gatherings, where they often faced discriminatory seating arrangements, verbal abuse, and exclusion from white-only areas.","allow nigger, dont allow, nigger, seat, table, state meet, dont, skin, told dont, admission"
281,Whipping and Plantation Punishment,"Accounts of physical abuse, mistreatment, and violence inflicted upon enslaved individuals by plantation owners, overseers, or other white individuals in a shipyard setting.","master hugh, hugh, shipyard, gardiner, carpenter, kill nigger, mr gardner, kill, fred, gardner"
282,Dr. George Washington Carver's Work at Tuskegee,"The life and achievements of Dr. George Washington Carver, including his work on the peanut and sweet potato, and his presentations to Congress.","carver, dr carver, peanut, dr, product, sweet potato, potato, scientific, tuskegee, peanut sweet"
283,Official Documentation and Testimony,"This topic involves official documents and testimony related to the legal status and freedom of Solomon Northup, including certificates, affidavits, and court records.","seal, whereof, northup, testimony whereof, court, certificate, affix, certify, aforesaid, executor"
284,French Colonial Politics and Slavery,"The intersection of French colonial politics, slavery, and the lives of enslaved individuals in North America, particularly in the context of the Haitian Revolution and the interactions between Toussaint Louverture and French officials.","toussaint, france, tutor, agent, domingo, dismissal, french, directory, colony, ask dismissal"
285,Participation in Republican and Democratic Conventions,"The experiences of African Americans participating in national conventions, including their interactions with white politicians and the challenges they faced due to racial prejudice.","party, crawford, convention, republican, democratic party, mr crawford, democratic, republican party, procession, buren"
286,Medical Education and Professionalization,The struggle for African American physicians to gain recognition and equal opportunities in medical education and professional organizations in the late 19th century.,"physician, medical, medicine, patient, dr, texa, houston, tolton, county texa, science"
287,The Morality of Slavery and Human Rights,"Narratives highlighting the moral contradictions and human rights abuses inherent in slavery, including the conflict between Christian principles and slave ownership.","oath, perjury, truth, crime, human, louverture, guilty, sacr, bonaparte, lies"
288,"Chatham, Colour, Settlement, Mccormick",{,"chatham, colour, settlement, mccormick, settler, colour people, canada, town, advantage, sarah"
289,Gratitude and Support from Friends,"Narrators express gratitude towards friends who provided financial support, kindness, and assistance during difficult times.","mr spurgeon, spurgeon, hawkin, brentford, college, elder warren, kindness, bles, thank god, piggin"
290,Church Governance and Membership,"The topic encompasses discussions around church governance, membership requirements, and relationships between different churches in North America during the period of slavery.","sec, church, member, pastor, sec member, baptist, council, deacon, churche, fellowship"
291,"Kinsley, London, Pie, Wale",{,"kinsley, london, pie, wale, africa, caernarvon, bangor, waiter, europe, welsh"
292,Resisting Slavery,"Narratives of enslaved individuals who resisted their enslavement through various means, including plotting escape, teaching others to read and write, and actively defying their masters.","jim, sar, knowls jim, knowls, jarm, tommy, nichol, babe, manager, resist"
293,Christianity and Slavery in Plantation Life,"The intersection of Christianity and slavery on plantations, including the use of religion to control and manipulate enslaved people, as well as the hypocrisy of slave owners who professed Christian values while owning slaves.","mr troy, troy, primus, master thoma, preacher, ditto, conversion, thoma, tent, windsor"
294,Faith and Spiritual Resilience,"Narratives of spiritual strength and resilience in the face of hardship and oppression, including expressions of faith, prayer, and hymns.","oh, lord, ravenshoe, jesus, dear, satur, mrs satur, pray, corydon, church"
295,"Indian, Tribe, Brant, Choctaw",{,"indian, tribe, brant, choctaw, ham, nation, osage, thousand year, kouka, egypt"
296,Medical Care in Slavery,"The experiences of enslaved individuals receiving medical care from plantation doctors or other healers, including the use of folk remedies and spiritual practices.","cato, toof, oh, doctor, lord, oh toof, ef, pat, pill, trust lord"
297,"Abbey, Ruin, Abbotsford, Poet",{,"abbey, ruin, abbotsford, poet, monk, walter scott, visit abbotsford, beautiful, palace, wall"
298,Tributes to Enslaved Individuals,"Accounts of enslaved individuals who are remembered and honored by their owners or acquaintances, often highlighting their exceptional character and influence.","walker, walker baptist, hall, wagner, deed, samuel hall, douglass, mr hall, john wagner, sam hall"
299,African American Education and Intellectual Achievement,"Narratives highlighting African Americans' educational achievements, intellectual abilities, and contributions to society, often in contrast to stereotypes or expectations.","chandler, dr brook, whatsoever thing, mr chandler, dr, clark, debaptiste, school, florida, ocala"
300,"Antislavery, Movement, Abolition, Antislavery Movement",{,"antislavery, movement, abolition, antislavery movement, principle, mr forster, liberty, abolitionist, forster, antiabolitionist"
301,"Douglass, Mr Douglass, Constitution, Orator",{,"douglass, mr douglass, constitution, orator, convention, speech, audience, ward, garrison, mr fulton"
302,"Workhouse, Rawlinson, Mr Rawlinson, Massa",{,"workhouse, rawlinson, mr rawlinson, massa, flog, magistrate, treadmill, dance, penal gang, apprentice"
303,Traveling at Night through Woodlands and Swamps,Narrators describe navigating through dense forests and swamps under cover of darkness to escape or reach freedom.,"archy, dogs, edy, old archy, wood, road, hound, start, cave, river"
304,"Amo, Latin, Laidlaw, Lislet",{,"amo, latin, laidlaw, lislet, et, publish, hawick, mr laidlaw, axim, isle france"
305,Whipping and Plantation Punishment,"The use of physical punishment, such as whipping, on enslaved individuals, often in public displays of power and control by plantation owners or overseers.","jared, major thornton, isaac, marster, thornton, wealch, neighbor, major, servant, arter"
306,"Mob, Mob Violence, Carey, Violence",{,"mob, mob violence, carey, violence, dyersburg, mr speaker, decker, asylum, orphan, fir"
307,Christian Leadership and Community Development,The importance of Christian leaders and community development initiatives in improving the lives of enslaved individuals and their communities.,"farley, mr farley, mr davis, davis, conference, operator, gallery, sow, ideal, debaptiste"
308,Encounters with Sympathetic White Women,"Narrators describe their interactions with white women who show kindness and compassion towards them, often providing food, shelter, or assistance in escaping slavery.","cleaveland, lincoln, mrs lincoln, cassy, hester cook, mr gordon, gordon, hester, st denis, denis"
309,Restrictions on Free Speech and Assembly,"Narratives highlighting the suppression of free speech and assembly, including mob violence, intimidation, and restrictions on public gatherings.","confession, baal, mr roby, pullum, roby, sign bond, hurd, rev pullum, home guard, free speech"
310,Whipping and Plantation Punishment,"The use of physical punishment, such as whipping, as a means of discipline on plantations in North America.","cobb, mr cobb, note, did steal, steal meat, benton, lashe, flog, whip, jail"
311,"Journey, Time Promis, Ohio, Start",{,"journey, time promis, ohio, start, kentuckian, large party, travel, kentucky way, journey kentucky, occurrence happen"
312,Whipping and Plantation Punishment,"The use of physical punishment, such as whipping, by plantation owners or overseers to discipline slaves.","heddy, whip, barn, cooper, wallace, scow, mr tucker, clothe, mfie, peter"
313,Encounters with Abolitionists and Influential Figures,"Narratives of interactions with prominent abolitionists, politicians, and influential individuals who supported or opposed the narrator's cause.","jame sherman, scobell, john scobell, samuel gurney, branch eusebius, rev, eusebius smith, eusebius, john branch, gurney"
314,Christianity and Slaveowner Relationships,"Narratives about slaveowners who were Christians or allowed slaves to hold religious meetings on their plantations, highlighting interactions between enslaved individuals and their owners.","crumpling, preach, prohibition, meeting, mr crumpling, funeral, prayer, church, bro, present dollar"
315,Religious Meetings and Conversion,"Accounts of slaves participating in or leading religious meetings, conversions, and the impact on their lives and relationships with owners.","camp meet, mr lundy, lundy, camp, circuit, infernal black, pool, black ghost, lamourie, exhort"
316,"Phillis, Poem, Composition, Wheatley",{,"phillis, poem, composition, wheatley, mistress, mrs wheatley, mrs folger, folger, delicate, exclaim look"
317,Life in the Slaveholder's Household,"The narrative describes daily life on a plantation, including interactions between enslaved people and their owners, as well as the management of household tasks and responsibilities.","neddy, mazie, spr furnish, lord glory, furnish water, billy, sally, margaret, desert, springmeadow"
318,"Murder, Guanabacoa, Mr Crawford, Havana",{,"murder, guanabacoa, mr crawford, havana, crawford, perpetrat, murder slave, crime, bound, cruelty"
319,Racial Equality and Public Perception,"The struggle for racial equality and the perception of African Americans by white society, including the impact of public events and speeches on their reputation.","race, john anderson, alexander bettis, bettis, rev alexander, assail, presumption, mr coe, coe, liberty"
320,"Paul, Sally, Oh, Landingplace",{,"paul, sally, oh, landingplace, tirrell, zillah, captain, tear, tsa, choteaux"
321,Confronting Captors and Seeking Freedom,"Narratives of enslaved individuals attempting to escape or navigate their captivity, including interactions with jailers, masters, and other authorities.","captor, gavitt, miller, emison, jail, mr shaw, cottrell, smallpox, tavern, squire munser"
322,"Writ, Court, Habea, Habea Corpus",{,"writ, court, habea, habea corpus, corpus, jurisdiction, writ habea, statute, justice cockburn, chief justice"
323,Fundraising Efforts and Donations,Narratives about securing funds for institutions such as Tuskegee and Hampton through donations from individuals like General Armstrong and Andrew Carnegie.,"tuskegee, armstrong, fund, dollar, general armstrong, carnegie, student, school, hampton, build"
324,Authorship and Literary Merit,"The narratives discuss the author's qualifications, literary merit, and the challenges of writing as a formerly enslaved person without formal education.","lordship, ignatius, author, birthplace, born, duchess, bornou, solliman, hereford, majesty"
325,Whipping and Plantation Punishment,The use of physical punishment and mistreatment by plantation owners and overseers to control and discipline enslaved individuals.,"col johnston, inherit, widow jone, royal, royal blood, ward, buy child, born, blood, love land"
326,The Nature of Slavery and Its Effects on Humanity,"This topic explores the inherent cruelty and arbitrariness of slavery, highlighting its dehumanizing effects on individuals and society as a whole.","arbitrary, arbitrary power, cruelty, rely whip, covey, human, labour, objector, signify, motive"
327,Autobiographical Purpose and Authorial Intent,"The purpose behind writing autobiographies, the author's intentions, and their reflections on sharing personal experiences.","sojourner, sojourner truth, truth, dear sojourner, mott, dear, year acquaintance, kan, book life, mass"
328,"Delia, Eggs, Wine, Madam",{,"delia, eggs, wine, madam, roast, dinner, hartwell, beef roast, table, company"
329,The Discovery of Genius and the Dangers of Excess,Narratives about discovering one's own creative potential and struggling with the consequences of excessive drinking and poor influences.,"poet, genius, hood, mr augustus, fame, acrostic, augustus, wine, gentlemen, poem"
330,"Jared, School, Sundayschool, Teacher",{,"jared, school, sundayschool, teacher, storer, sec, seminary, superintendent, arter, pastor"
331,Navigating Multiple Masters,"The complexities of having multiple masters or owners, including conflicting orders and the struggle for loyalty and obedience.","hopkin, myer, epps, old master, new master, farmer, cut tree, tree, guide, free didnt"
332,Racial Equality and Citizenship,"Discussions around racial equality, citizenship rights, and the treatment of African Americans in the United States, including debates on amalgamation, representation, and the Dred Scott decision.","gould, elisha green, citizen, millersburg, bristow, professor bristow, elisha, green, color citizen, basis representation"
333,The Cruelty of Slavery,"Experiences of physical and emotional abuse, mistreatment, and dehumanization under the institution of slavery.","garfield, torment, state mind, present torment, torment sense, slave slavery, mak slave, calm breath, breath wind, noth hear"
334,Mob Violence Against Slave Owners,Accounts of violent attacks by mobs on slave owners' homes and families during a period of heightened racial tension.,"mob, dale, shop, street, beaubien, flame, reynold, missile, door, mrs dale"
335,Encountering Slave-Hunters and Fugitive Life,"Narratives of fugitives' experiences with slave-hunters, including encounters on the road, evading capture, and living in hiding.","davy, bristow, fugitive, wagon, slavehunter, neddy, carter, bristow wilson, billy, bruno"
336,Entrepreneurship and Financial Challenges,"The struggles of establishing and maintaining a business in the context of financial instability, including the use of alternative currencies and the challenges of redeeming notes.","shinplaster, note, barber, bank, circulation, banker, shop, circulation note, bank allow, allow issue"
337,Escape from Slavery via Waterways,Narratives detailing the use of rivers and boats as means of escape for enslaved individuals in North America.,"boat, felton, river, jem, walk, ferry, bundle, fourgeoud, zoogoo, new orlean"
338,Critique of European Superiority and Justification for Slavery,"The narratives critique the idea that Europeans are inherently superior to Africans, highlighting the historical barbarism of European societies and the hypocrisy of slave owners who justify their actions by denying the humanity of enslaved people.","inferiority, virtue, degrad, vice, european, moral, human, civiliz, african, brute"
339,Whipping and Plantation Punishment,"The treatment of slaves by slaveholders, including instances of cruelty, hunger, and plunder, as well as the consequences for both slaves and slaveholders.","treatment, slaveholder, good treatment, hunger, cruelty, plunder, habitually, treat, marvel, cattle"
340,Artistic Talent and Racial Exceptionality,"The theme of artistic talent and racial exceptionality is explored through the narratives of individuals who demonstrate exceptional abilities, often in contrast to societal expectations of African Americans. These stories highlight the idea that African Americans are capable of achieving greatness and possessing innate genius, despite being enslaved or marginalized.","picture, bannister, mr bannister, artist, douglass, genius, simpson, talent, mr simpson, frederick douglass"
341,Plantation Food and Drink,"The daily food and drink provided to enslaved individuals on a plantation, including soup, meat, bread, vegetables, fruits, and beverages such as cider.","fruit, apple, orchard, peach, rice, ripe, soup, tree, cider, grape"
342,Enslavement and Transportation,"The process of being captured, sold, and transported as a slave, including experiences of separation from family members, physical punishment, and the emotional toll of enslavement.","trader, mabowah, bobah, chain, ivory, village, chief, journey, mourzook, sold"
343,Mathematical and Astronomical Contributions by Benjamin Banneker,"Benjamin Banneker's mathematical and astronomical contributions, including his almanacs, calculations, and corrections to existing works, which were recognized and praised by prominent figures such as Thomas Jefferson, Pitt, Fox, and Wilberforce.","almanac, banneker, calculation, jefferson, ellicott, melrose, astronomy, moon, derham, benjamin banneker"
344,Missionary Work and Education,"The importance of education and missionary work in spreading Christianity to non-Christian nations, including discussions on the treatment of slaves by European colonizers and the role of language in evangelism.","maps, entitl act, hermit, proprietor copy, encouragement learn, chart book, copy dur, author proprietor, copy maps, act encouragement"
345,"Dartmouth, Horton, Cuffe, District",{,"dartmouth, horton, cuffe, district, congress, district columbia, resolution, slavery district, westchester, town dartmouth"
346,"Rochester, Harper Ferry, Ferry, Harper",{,"rochester, harper ferry, ferry, harper, douglass, john brown, brown, requisition, mr douglass, governor"
347,Life in Slavery Compared to Freedom,"Narratives describing the author's experiences of life as a slave, comparing their treatment and circumstances to those who are free or have achieved freedom.","auld, baltimore, capt auld, patsey, miss lucretia, capt, sally lloyd, sloop sally, lucretia, pair trowser"
348,Finding Employment and Safety in Northern Cities,"Narratives about escaping slaves finding work and seeking refuge in cities such as Savannah, Carlisle, and Philadelphia, while avoiding detection by slave-holders.","end wharf, ship, wharf, board ship, savannah, wharf ship, simpson, fugitive, large warehouse, parker"
349,Chaplain Allensworth's Military and Civic Roles,"The topic revolves around the experiences and activities of Chaplain William F. N. Allensworth, a prominent figure in North American slave narratives, as he navigates his military and civic roles. The passages highlight his involvement with the 24th Infantry Regiment, his popularity among various organizations in Salt Lake City, and his participation in events such as the Inter-State Competitive Drill and the World's Congress Auxiliary.","chaplain, allensworth, army, chaplain allensworth, flipper, lieutenant, infantry, th infantry, allen allensworth, officer"
350,Voting Rights and Republican Politics,"Narratives about the struggle for voting rights in the South during the late 19th century, particularly in relation to the Republican Party's stance on racial equality and its impact on African American suffrage.","party, republican, republican party, purvis, vote, democratic, ballot, democrat, political, majority"
351,Traveling as a Slave,"Experiences of enslaved individuals while traveling on trains and carriages in North America, including encounters with conductors, ticket sellers, and law enforcement.","train, conductor, mr cray, cray, carriage, car, philadelphia, mccandless, passenger, gentleman slave"
352,Life in the North vs. Life in the South,"Narrators compare their experiences living in free states (e.g., Ohio) to those living in slave-holding states, highlighting differences in laws, education, and treatment of enslaved people.","dumont, isabel, isabella, catlin, robert, mistress, mr dumont, visit isabella, visit isabel, honest aleck"
353,Fugitive Slave Experience and Abolitionist Advocacy,"Narratives from escaped slaves and abolitionists highlighting the struggles of fugitive slaves in North America, the importance of British support for their cause, and the advocacy efforts of prominent figures like William W. Brown and Frederick Douglass.","american, law, boston boys, liberty, fugitive, dr morison, morison, fugitive slave, new jersey, douglass"
354,Economic Value of Slaves in Haiti,"The economic value of slaves in Haiti, including their worth compared to other animals and the proportion of wealth they represented for planters.","hayti, mortality, franc, island, british, jamaica, instruction, soil, cuba, french"
355,Family Life in Slavery,"Narratives about relationships with family members, including grandparents, parents, and siblings, while enslaved.","grandmother, coal, employ, dear wife, dinah, workd, kidderminster, georgy, norwich, nellie"
356,Whipping and Plantation Punishment,"The use of physical punishment to control and intimidate enslaved people in North America, including public whippings, beatings, and other forms of corporal punishment.","covey, cincinnati, search, syracuse, huntingdon, party paper, biddulph, party, impudence, liberty party"
357,Escape and Fugitive Slave Life,"Narratives about escaping from slavery, living as fugitives, and the experiences of those who helped or hindered their escape.","mr hutchinson, hutchinson, aunt emma, mrs thoma, mcgraw, aunt, sister, emma, gardensville, aunt dinah"
358,"Bornou, Native, King, Barbary",{,"bornou, native, king, barbary, tribe, el, bagirmy, kanemy, el kanemy, benin"
359,"Church, Methodist, Episcopal, Methodist Episcopal",{,"church, methodist, episcopal, methodist episcopal, conference, organization, episcopal church, circuit, allen, african"
360,"Lumber, Lawrence, Enterprise, Thousand Foot",{,"lumber, lawrence, enterprise, thousand foot, brought large, amos lawrence, boston, england, fugitive slave, debt"
361,"Lashe, Foot Inche, Leftwich, Inche",{,"lashe, foot inche, leftwich, inche, trader, emery john, jury, mr leftwich, wail, jim riley"
362,Writing and Publishing Slave Narratives,"The process of writing and publishing slave narratives, including the challenges and motivations involved in creating these accounts.","book, early fond, dr blake, fond, mr steward, strove, claim, story, douglass, greener"
363,Escape Planning and Preparations,"Narratives about planning and preparing for escape from slavery, including discussions of dreams, omens, and signs that may indicate the success or failure of their plans.","canoe, venison, road, easter holiday, hid, dog, easter, stealthily, draught, cave"
364,Rivalry Among Slaves,"Competition among slaves to perform more work, often encouraged by masters, but also a source of tension and exploitation.","freeland, covey, mr freeland, dick fallon, yankee trick, covey gave, fallon, yankee, dick, rivalry"
365,Whipping and Plantation Punishment,"Experiences of physical punishment, whipping, and mistreatment by plantation owners or overseers.","says, arter, agin, peter, goes, lecta, em, says peter, gits, comin"
366,Longing for Family and Freedom,"Narrators express deep emotional pain and yearning for loved ones lost or separated due to the institution of slavery, as well as their own aspirations for freedom and autonomy.","extinguish, misery, wretch, caress, fate, thou, snatch child, brother sister, book, manhood"
367,Racial Prejudice at West Point,"Experiences of racial prejudice and hostility faced by a black cadet at the United States Military Academy at West Point, including incidents of exclusion, name-calling, and discriminatory treatment.","cadet, plebe, rank, corporal, tent, dipper, west point, guard, courtmartial, cadet corporal"
368,"Railroad, Pullman, Section, Section Country",{,"railroad, pullman, section, section country, electrical, train, passenger agent, railway, railroad section, inventor"
369,"Union, Citizen America, Color Citizen, Unit Band",{,"union, citizen america, color citizen, unit band, convention, band, unit, god heaven, endeavor, sparingly"
370,Food Preservation Techniques,"Methods for preserving fruits and vegetables through canning, drying, and making jams/jellies, including recipes for strawberry leather, peach leather, and fig leather.","plum, boil, sugar, fruit, dry, cream, pound, juice, syrup, jars"
371,"Paleface, Great Spirit, Forefather, Indian",{,"paleface, great spirit, forefather, indian, pale face, thee, pale, tribe, chief, spot"
372,"New Bedford, Bedford, Southern Port, Cheat",{,"new bedford, bedford, southern port, cheat, german, men south, ox, load unload, white man, southern"
373,"Funeral Slave, Coffin, Sol, Overseer",{,"funeral slave, coffin, sol, overseer, funeral, entertainment power, draw leave, night draw, receive entertainment, massa"
374,"Prince, Leary, School, Holly",{,"prince, leary, school, holly, vashon, bethelsdorp, bishop holly, bishop, tombuctoo, philadelphia"
375,Celebrating Frederick Douglass's Legacy,"Accounts of tributes and honors paid to Frederick Douglass by various groups and individuals, including speeches, monuments, and statues, highlighting his significance as a former slave and prominent abolitionist.","douglass, rochester, frederick douglass, tribute, frederick, monument, honor, statue, citizen, bronze"
376,"Jarm, Major Thornton, Drink, Thornton",{,"jarm, major thornton, drink, thornton, whiskey, drunk, major, liquor, saloon, distillery"
377,Letters and Personal Correspondence,"Personal letters written by enslaved individuals in North America, including Ignatius Sancho and Solomon Bayley, to friends, family members, and influential figures, discussing their lives, struggles, and hopes for freedom.","sancho, sancho letter, thank, mrs sancho, letter, charle street, tubbee, dear, pleasure, truly"
378,Experiences of Fugitive Slaves in the North,"Narratives of enslaved individuals who escaped to Northern states, highlighting their struggles for safety and freedom","croff, sanford, william croff, georgia, man georgia, society, white yes, did know, cold, william"
379,Racial Progress and Education in the South,Narratives highlighting the efforts of African Americans to improve their education and socio-economic status in the face of racial tension and violence in the post-Reconstruction South.,"mound bayou, league, race, mound, organization, education, student, bayou, mr bank, national"
380,Whipping and Plantation Punishment,"The use of physical punishment, particularly whippings, as a means of control and discipline on plantations in North America.","driver, overseer, cowskin, gang, whip, calf, mr wolf, cruelty, cow, cruelty slave"
381,Whipping and Plantation Punishment,"The use of physical punishment, particularly whipping, as a means of control and discipline on plantations in the Southern United States.","whip, souther, flog, bennet, tan, epps, livd, punishment inflict, punishment, overseer"
382,Whipping and Plantation Punishment,"The use of physical punishment, such as flogging or whipping, to control and intimidate enslaved individuals on plantations in the American South.","rage, opposition owner, opposition, owner, moan groan, stimulant, property, provocation, wheatly, oppos far"
383,Escaping from Slavery,"Accounts of enslaved individuals attempting to escape from their captors, often involving violence and resistance.","indian, squaw, white man, murrell, choctaw, poor indian, hungry, chickasaw, zachary, hungry tir"
384,Ministry and Education,"The importance of education and ministry in the lives of African Americans during the period of slavery and its aftermath, including their involvement in various churches, schools, and educational institutions.","school, stewart, sunday school, baptist, district, philadelphia, conference, church, position, lewis"
385,Whipping and Plantation Punishment,"The use of physical punishment, such as whipping, by plantation owners or overseers to control and discipline enslaved individuals.","chain, whip, coffle, flop, patroller, gang, uncle, overseer, march, uncle stephen"
386,Life in the North,"Experiences of enslaved individuals living in the North, including interactions with abolitionists, education, and daily life.","judy, mr green, sofa, templeton, mrs lincoln, news, carriage, green, devenant, lincoln"
387,Early Education and Intellectual Development,"Narratives about the early education, intellectual development, and acquisition of knowledge by enslaved individuals, often in spite of obstacles and opposition from slave owners.","douglass, toussaint, master jame, covey, far rich, freeland, youth, instruction, boy, rochester"
388,Encountering Indigenous Peoples,"Narratives about interactions between enslaved individuals and Native American communities, including encounters, hospitality, and cultural exchange.","enemy, cave, guide, presently, arrow, pond, dens, ella, bag corn, contiguous"
389,Life Stories of Former Slaves,"Personal accounts from individuals born into slavery in North America, detailing their experiences and struggles under the institution of slavery.","born, doct steward, born slave, doct, history, circumstance painful, connecticut year, william grime, grime, owner"
390,Faith and Resilience in the Face of Oppression,"Narratives of spiritual struggle, divine guidance, and hope for eternal life amidst the hardships of slavery.","universe, spiritual, divine, empire, lotte, influx, creation, abolition death, death involve, god life"
391,Racial Equality and Voting Rights,"The struggle for racial equality and voting rights in the South, including discussions on the Reconstruction period, the role of education, and the relationship between African Americans and white Southerners.","ballot, political, race, white man, political right, ignorant, education property, criticism, law, southern"
392,Respect for Educated and Influential Figures,"Narrators express admiration and reverence for individuals who have achieved great things despite being enslaved, such as General Armstrong, Dr. Walker, and Mr. Holly, highlighting the impact of their presence on the narrators' lives.","armstrong, liberia, general armstrong, toussaint, westminister, mr holly, holly, dr walker, hair, president"
393,Whipping and Plantation Punishment,"The use of physical punishment, such as whipping, to control enslaved individuals on plantations in North America.","ranaway, subscriber, reward, negro man, ranaway subscriber, mdonald, county, subscriber negro, lurk, reward ranaway"
394,Rank and Social Status of Officers,"The social standing and rank of officers in the military, including how they are perceived by others and how their position affects their daily life.","chaplain, officer, chaplain allensworth, social, command officer, post, allensworth, regiment, rank, staff"
395,Voting Rights and Racial Tensions in the Late 19th Century,"Narratives about voting rights, racial tensions, and conflicts between African Americans and white people during elections in the late 19th century.","pinchback, governor, antiprohibition, republican, warmouth, governor warmouth, vote, mr pinchback, oh south, senate"
396,False Accusations and Plantation Punishment,"Narratives of enslaved individuals being falsely accused, arrested, and punished by plantation owners or their representatives.","jailer, watch, geese, arrest, struck, bate, john bate, mansfield, corner, note"
397,Spiritual Conversion and Faith,"The process of spiritual conversion and the development of faith in enslaved individuals, including experiences of revival, prayer, and baptism.","lord, brother henson, pray, baptiz, henson, bles, revival, holy spirit, sister, elder"
398,"Auld, Capt, Capt Anthony, Old Master",{,"auld, capt, capt anthony, old master, slaveholder, lucretia, divid, capt auld, aversion preference, hugh"
399,Tracking a Fugitive,"The use of bloodhounds and other dogs to track down escaped slaves, often involving pursuit through woods and swamps.","hardy, hound, blood hound, dogs, dog, owner dog, swamp, wood, pursuit, scent"
400,"Snake, Panther, Rattlesnake, Dog",{,"snake, panther, rattlesnake, dog, lady lay, stick, ivy, bough, bed, cypress"
401,"Dear Lizzie, Lizzie, Letter, Circular",{,"dear lizzie, lizzie, letter, circular, write, dear, ramsey, chicago, col horton, send"
402,Abolitionist Politics and Conventions,"The intersection of abolitionism and politics, including conventions, parties, and figures such as John Brown, Gerrit Smith, and Frederick Douglass.","douglass, party, gerrit smith, gerrit, garrisonian, liberty party, abolition, antislavery, convention, john brown"
403,"King Glory, Chorus, Toussaint, Stewart",{,"king glory, chorus, toussaint, stewart, rosalie, thou, evelyn, glory, sea, placido"
404,Escape from Slavery,Accounts of enslaved individuals attempting to flee or escape from slavery in North America.,"haytien, spr meadow, fight, meadow, clerc, le clerc, march, toussaint, toussaint loverture, le"
405,Church Life and Community,"Experiences and interactions within church communities, including relationships with pastors, congregations, and community members.","pastor, th lectur, preach, norris, lectur, church, congregation, th, mrs norris, schoolhouse"
406,Racial Harmony and Church Relations,"The complex relationships between enslaved Africans, their Christianization, and interactions with white people in churches, as well as the tensions and anxieties faced by free African Americans due to colonization efforts.","bettis, marshpee, potter, seth, church, barne, white people, mt canaan, alexander bettis, churche"
407,Jasper's Ministry and Community,"The narrative focuses on Jasper's career as a preacher in Richmond after the war, highlighting his originality, patience, and influence on his community. It also explores the relationships between Jasper and other churches, as well as the respect he earned from both black and white communities.","jasper, richmond, ter, mr jasper, ter preach, colour, sermon, preacher, preach, exultation"
408,"Claimant, Identity, Record, Burn",{,"claimant, identity, record, burn, evidence, suttle, brent, anthony burn, anthony, millspaugh"
409,"Mayor, Marshal, Military, Edmand",{,"mayor, marshal, military, edmand, police, state street, hallett, boston, peace city, street"
410,Conversion and Spiritual Experience,"Narratives about individuals' experiences of spiritual conversion, faith, and personal transformation, often involving emotional struggles, divine intervention, and a sense of redemption.","license, exhort, brethren, preach, soul, exercis, grace, trial, convert, license exhorter"
411,American Politics and Leadership,"Narratives about American politics, leadership, and the intersection of slavery and national politics during the 19th century.","republican, president, party, office, democratic, marshal, republican party, democratic party, republican state, convention"
412,"Overseer, Perkinson, Farm, Major Thornton",{,"overseer, perkinson, farm, major thornton, weeden, whip, thornton, team, religious slaveholder, major"
413,Romantic Relationships Between Slaves,"Narratives describing romantic relationships between enslaved individuals, often characterized by intense passion and devotion.","darl, paul, sweet, oh paul, wishe parent, lavasser, ah, eugene, shame, mistress"
414,Obtaining and Using Free Papers,"Narrators describe the process of obtaining free papers, including visiting customs houses, making oaths, and paying fees, as well as the consequences of being caught without them.","mcdaniel, friedman, mr grime, anthony, grime, mr stockwell, dimmock, stockwell, peter, tuscumbia"
415,Abraham Lincoln's Presidency,"The narrative discusses the presidency of Abraham Lincoln, including his inauguration, the reactions of those present, and the contrast between Lincoln's character and that of Vice President Andrew Johnson.","executive mansion, president, lincoln, citizen, motto, dorsey, mansion, johnson, individual motto, executive"
416,Life on Plantations and Hiring Out,"Experiences of enslaved individuals living on plantations, including descriptions of daily life, interactions with enslavers and other slaves, and the process of being hired out to work in households or for specific tasks.","port royal, peas, practice physic, jarm, gentleman, mr moodwell, moodwell, father plantation, axe, return father"
417,Toussaint L'Ouverture's Leadership and Politics,"The narrative explores Toussaint L'Ouverture's leadership, politics, and strategic decisions during the Haitian Revolution. It highlights his vision for a free Haiti, his relationships with European powers, and his efforts to maintain control and unity among his troops.","douville, toussaint, rigaud, louverture, general douville, toussaint louverture, english, roume, france, mother country"
418,"Jimmie, Plankinton, Coat Room, Laundry",{,"jimmie, plankinton, coat room, laundry, laundry work, aunt namie, namie, plankinton house, brother william, commander"
419,Grief and Mourning in Slaveholding Families,"The emotional toll of slavery on slaveholders and their families, particularly in the aftermath of a child's death.","miss, biddy, whoooop, louise, jane, susan, miss jane, bradly, rhoderic, miss templeton"
420,War and Military Encounters,"Narratives about interactions between enslaved individuals and military forces during the American Civil War, including encounters with Union soldiers, battles, and the impact of war on slave owners and communities.","army, battle, soldier, marse, troop, mcknight, war, virgil, marse jim, marse virgil"
421,"Ike, Mrs Montgomery, Servant, Montgomery",{,"ike, mrs montgomery, servant, montgomery, cassy, tompkin, brazen, adele, miss adele, mrs"
422,Kidnapping and Coercion by Slave Owners,"Narratives detailing the experiences of enslaved individuals who were kidnapped or coerced into returning to their slave owners, often involving legal proceedings and punishment for attempting to escape or resist.","miller, jail, gherardi, concklin, ellington, throckmorton, patriot, admiral gherardi, poultice, st nicola"
423,Food Rations and Hunger,"The narratives describe the meager food rations provided to enslaved individuals, often consisting of cornmeal or other staples, which were insufficient for their nutritional needs, leading to hunger and malnutrition.","pound, ration, allowance, quart, corn, meat, pound bread, ounce, beef, food"
424,Fugitive Slave Cases,"Accounts of enslaved individuals who escaped from their plantations in North America, often leading to dramatic trials and attempts at recapture.","nalle, lunsford, shane, walch, fugitive, arrest, marshal, boynton, averill, jone"
425,Finding Freedom and New Opportunities,"Narratives of enslaved individuals finding freedom, encountering new people and places, and seeking employment or education.","valentine, peter, jarm, occupation, mrs valentine, ashton, ashton warner, journey, john farney, steamer"
426,Exploitation of Poor Whites by Slave System,"The ways in which slaveholders manipulate and exploit poor white laborers, creating a system where they are nearly as enslaved as black slaves, through competition, prejudice, and economic exploitation.","black slave, mr gardiner, poor white, gardiner, competition, slaveholder, belong slaveholder, mechanic, workmen, slave black"
427,"Vo, Cloth Price, Price, Mo",{,"vo, cloth price, price, mo, vo cloth, mo cloth, cloth, bridegroom, perusal, essay"
428,"Bonnet, Pray, Lord, Prayer Meet",{,"bonnet, pray, lord, prayer meet, prayer, nice, brother sharper, wind cease, bonnet thought, wear"
429,Plantation Life and Slavery,"The narrative describes the life of a former slave owner, highlighting his decline from wealth to poverty, and the contrast between his past affluence and current circumstances. The text also portrays the interactions between the narrator's master and other characters, including a wealthy old gentleman who shows kindness and hospitality.","lloyd, comd, old grime, gentleman, ob, col, grime, cutter, mr johnson, old gentleman"
430,Life on a Ship,"Experiences and observations of life on board ships, including voyages between North America and the Caribbean.","captain, ship, montserrat, liverpool, vessel, mate, sail, shore, musquito shore, topsail"
431,Toussaint L'Ouverture's Leadership in Haitian Independence,"The narrative discusses Toussaint L'Ouverture's leadership during the Haitian Revolution, highlighting his military discipline, punishment of breaches of duty, and adoration by his soldiers and other members of Haytian society.","hayti, loverture, cultivat, toussaint, toussaint loverture, france, independence, louverture, haytien, colony"
432,Racial Profiling and Arrest of Free Black People,"The narratives describe the experiences of free black people in North America who are subject to racial profiling, arrest, and imprisonment under laws that presume them to be slaves based on their skin color. This topic highlights the injustices faced by these individuals, including being beaten, sold into slavery, and denied their personal liberty.","heavenly union, heavenly, union theyll, union, free negro, colour person, vot resolve, law, theyll, merchant"
433,The Unreliability and Cruelty of Slave Owners,"Slave owners who are cruel, untrustworthy, or prone to violence, as exemplified by Colonel Moore's treatment of Lewis and his wife.","colonel moore, moore, colonel, sort, mr harrison, gosnold, mr cleveland, cleveland, trueman, reproache"
434,Surviving in the Woods,"Narratives about finding food, shelter, and safety while living in hiding in the woods, often after escaping from plantations or fleeing abuse.","hattie, sallie, wood, come come, devil devil, aunt sallie, lorendo, sam grundy, lass grease, wisky"
435,Whipping and Plantation Punishment,"Experiences of physical punishment, violence, and threats on plantations or by plantation owners.","horse, leg, squire woodbridge, squire, bell horn, broken, highwayman, millersburg, woodbridge, ride"
436,Establishing Free Black Communities in Upper Canada,"The process of establishing free black communities in Upper Canada, including the settlement of Josiah and his fellow fugitives from slavery, and their efforts to create a manual labor school and promote economic development.","florence, enterprise, liberia, citizen, settlement, mound bayou, color people, mound, florence village, florence enterprise"
437,Racial Superiority and Biblical Justification,"The idea that enslaved Africans are an inferior race, supported by biblical interpretations and used to justify slavery.","everett, mr everett, mum bett, mum, briton, herodotus, race, greek roman, rome, bett"
438,Toussaint L'Ouverture's Life and Legacy,"Passages describing the life, leadership, and impact of Toussaint L'Ouverture, a former slave who rose to become a general, governor, and key figure in the Haitian Revolution.","toussaint, toussaint loverture, loverture, louverture, fiction, toussaint louverture, hayti, patriot, haytien, deed"
