topic,topic_label,chunks,top_words,earliest_publication_year,latest_publication_year,top_documents
0,Spiritual Resilience in the Face of Death,137,"oer, thou, thee, thine, sky, soul, sorrow, evry, tis, heaven",1826.0,1926.0,"Memoir and Poems of Phillis Wheatley, a Native African and a Slave.... (22 chunks); The Poetical Works of George M. Horton: The Colored Bard of North C... (14 chunks); A Tribute for the Negro: Being a Vindication of the Moral, Intellec... (10 chunks)"
1,Critique of Slaveholder's Use of Religion,113,"religion, slaveholder, antislavery, church, abolitionist, christian, christianity, proslavery, sin, principle",1831.0,1914.0,"Pictures of Slavery in Church and State; Including Personal Reminis... (26 chunks); Autobiography of a Fugitive Negro: His Anti-Slavery Labours in the ... (11 chunks); Poems by a Slave in the Island of Cuba, Recently Liberated; Transla... (7 chunks)"
2,Racial Identity and Prejudice,101,"race, color people, prejudice, equality, social, color man, white people, unit, social equality, unit state",1842.0,1929.0,"The History of My Life and Work. Autobiography by Rev. M. L. Latta,... (17 chunks); Booker T. Washington, Builder of a Civilization (9 chunks); An Autobiography: The Story of My Life and Work (8 chunks)"
3,Faith and Redemption,95,"thou, christ, righteous, lord, jesus, soul, thee, jesus christ, pray, heaven",1789.0,1929.0,"The Life, History, and Unparalleled Sufferings of John Jea, the Afr... (12 chunks); From Log Cabin to the Pulpit, or, Fifteen Years in Slavery (7 chunks); The Life of the Rev. Dandridge F. Davis, of the African M. E. Churc... (7 chunks)"
4,Ministerial Encounters and Book Sales,93,"book, pastor, sell book, buy book, preach, bought book, buy, church, sell, sold book",1851.0,1895.0,"The Anderson Surpriser. Written After He Was Seventy-Five Years of ... (48 chunks); The Life of Rev. Robert Anderson. Born the 22d Day of February, in ... (33 chunks); A Family Redeemed from Bondage; Being Rev. Edmond Kelley, (the Auth... (2 chunks)"
5,Respectability and Social Standing,92,"folger, matthia, mrs folger, mr folger, pierson, mr pierson, isabella, mrs, catherine, mr stone",1831.0,1898.0,"Fanaticism; Its Source and Influence, Illustrated by the Simple Nar... (78 chunks); Narrative of Sojourner Truth; a Bondswoman of Olden Time, Emancipat... (3 chunks); John and Mary; or, The Fugitive Slaves, a Tale of South-Eastern Pen... (2 chunks)"
6,Authorial Intentions and Historical Context,92,"narrative, book, author, written, history, story, volume, public, uncle tom, born",1810.0,1980.0,"Narrative of the Life and Adventures of Henry Bibb, an American Sla... (4 chunks); Uncle Tom's Companions: Or, Facts Stranger Than Fiction. A Suppleme... (4 chunks); Narrative and Writings of Andrew Jackson, of Kentucky; Containing a... (3 chunks)"
7,Convict Labor and Punishment in Prisons,87,"convict, prison, warden, prisoner, cell, sentence, sentenc, contract, wall, crime",1848.0,1914.0,"Buried Alive (Behind Prison Walls) for a Quarter of a Century: Life... (62 chunks); Toussaint L'Ouverture: A Biography and Autobiography (4 chunks); The Rev. J. W. Loguen, as a Slave and as a Freeman. A Narrative of ... (3 chunks)"
8,Whipping and Plantation Punishment,85,"whip, mistress, covey, overseer, beat, shirt, goram, field, lashe, kitchen",1810.0,1929.0,"Slavery in the United States: A Narrative of the Life and Adventure... (8 chunks); Fifty Years in Chains, or, The Life of an American Slave (6 chunks); The Blind African Slave, or Memoirs of Boyrereau Brinch, Nick-named... (5 chunks)"
9,Conversion to Ministry,85,"elder, bowle, preach, th, brethren, elder bowle, huntington, th went, quarterly, quarterly meet",1810.0,1916.0,"The Life, Labors, and Travels of Elder Charles Bowles, of the Free ... (66 chunks); A Brief Account of the Life, Experience, Travels, and Gospel Labour... (4 chunks); The Life of the Rev. Dandridge F. Davis, of the African M. E. Churc... (2 chunks)"
10,African American Preachers in Antebellum Era,83,"jasper, church, preach, mr jasper, rev, preacher, minister, color people, sermon, baptist",1833.0,1929.0,"Men of Mark: Eminent, Progressive and Rising (8 chunks); Biography of Rev. David Smith of the A. M. E. Church; Being a Compl... (7 chunks); Autobiography and Work of Bishop M. F. Jamison, D.D. (""Uncle Joe"") ... (5 chunks)"
11,Encounters with Rebel Soldiers,77,"rebel, camp, soldier, regiment, fort, march, officer, wound, army, gen",1782.0,1929.0,"Life and History of the Rev. Elijah P. Marrs, First Pastor of Bearg... (20 chunks); Reminiscences of My Life in Camp with the 33d United States Colored... (11 chunks); Battles and Victories of Allen Allensworth, A. M., Ph. D., Lieutena... (5 chunks)"
12,Education and Institutional Development,76,"school, student, tuskegee, education, teacher, farm, department, teach, build, building",1854.0,1929.0,My Larger Education: Being Chapters from My Experience (22 chunks); An Autobiography: The Story of My Life and Work (12 chunks); Up from Slavery: An Autobiography (10 chunks)
13,Whipping and Plantation Punishment,76,"whip, murder, gore, lloyd, plantation, flog, county, patroller, overseer, punishment",1831.0,1918.0,"American Slavery As It Is: Testimony of a Thousand Witnesses (29 chunks); Uncle Tom's Companions: Or, Facts Stranger Than Fiction. A Suppleme... (5 chunks); Fifty Years of Slavery in the United States of America (3 chunks)"
14,Sancho Letters and Petitions,75,"sancho, letter, sancho letter, mrs sancho, mrs, dear, thank, charle street, ign sancho, ign",1782.0,1908.0,"Letters of the Late Ignatius Sancho, An African. In Two Volumes. To... (62 chunks); A Tribute for the Negro: Being a Vindication of the Moral, Intellec... (4 chunks); Behind the Scenes, or, Thirty years a Slave, and Four Years in the ... (2 chunks)"
15,Limited Rights and Protections for Slaves,74,"law, laws, public opinion, protection, penalty, opinion, legal, white person, court, public",1831.0,1980.0,"American Slavery As It Is: Testimony of a Thousand Witnesses (15 chunks); Battles and Victories of Allen Allensworth, A. M., Ph. D., Lieutena... (8 chunks); Narrative of William W. Brown, an American Slave. Written by Himself (6 chunks)"
16,Plantation Life and Labor,73,"cloth, field, plantation, overseer, corn, cotton, oh oh, generally, allowance, pair",1789.0,1917.0,American Slavery As It Is: Testimony of a Thousand Witnesses (18 chunks); Slavery in the United States: A Narrative of the Life and Adventure... (5 chunks); Negro Slavery Described by a Negro: Being the Narrative of Ashton W... (4 chunks)
17,Forced Sale of Family Members,72,"sold, sale, hall, sell, hugh hall, bought, husband, mr beveridge, beveridge, samuel hall",1789.0,1929.0,"The History of Mary Prince, a West Indian Slave. Related by Herself... (4 chunks); Incidents in the Life of a Slave Girl. Written by Herself (3 chunks); Samuel Hall, 47 Years a Slave; A Brief Story of His Life Before and... (3 chunks)"
18,Encounters with Slave Traders,70,"trader, sold, sale, new master, fellow, plantation, dansley, buy, slavetrader, sell",1825.0,1912.0,"The White Slave; or, Memoirs of a Fugitive (10 chunks); Trials and Confessions of Madison Henderson, Alias Blanchard, Alfre... (4 chunks); Anthony Burns: A History (3 chunks)"
19,The Incompatibility of Liberty and Slavery,68,"liberty, government, constitution, principle, territory, oh set, popular sovereignty, labor, hear voice, war",1836.0,1929.0,"Frederick Douglass The Colored Orator (5 chunks); Narrative of Henry Box Brown, Who Escaped from Slavery, Enclosed in... (5 chunks); Frederick Douglass (3 chunks)"
20,Religious Experience and Salvation,67,"jesus, lord, christ, soul, sez, pray, baptiz, salvation, ah, sinner",1789.0,1924.0,"A Tribute for the Negro: Being a Vindication of the Moral, Intellec... (6 chunks); The Interesting Narrative of the Life of Olaudah Equiano, or Gustav... (5 chunks); The Life of the Rev. Dandridge F. Davis, of the African M. E. Churc... (5 chunks)"
21,Christian Faith and Resilience,64,"christ, lord, resurrection, christian, preacher, dr walker, bible, gospel, african preacher, language",1770.0,1908.0,"The African Preacher. An Authentic Narrative (11 chunks); A Tribute for the Negro: Being a Vindication of the Moral, Intellec... (6 chunks); The Life of the Rev. Dandridge F. Davis, of the African M. E. Churc... (6 chunks)"
22,African Methodist Episcopal Zion Church and African American Leadership,61,"church, conference, member, pastor, sabbathschool, baptist, bishop, membership, rev, baptist church",1833.0,1924.0,"Life and Labors of Rev. Jordan W. Early, One of the Pioneers of Afr... (22 chunks); Pastor Henry N. Jeter's Twenty-five Years Experience with the Shilo... (6 chunks); Autobiography and Work of Bishop M. F. Jamison, D.D. (""Uncle Joe"") ... (4 chunks)"
23,Fugitive Slave Rescue and Resistance,61,"kidnapper, fugitive, carriage, escape, sheriff, postlewaite, benedict, company, jem, party",1836.0,1918.0,"Narratives of the Sufferings of Lewis and Milton Clarke, Sons of a ... (5 chunks); A Narrative of Thomas Smallwood, (Coloured Man:) Giving an Account ... (3 chunks); Life and Times of Frederick Douglass, Written by Himself. His Early... (3 chunks)"
24,The Justice System in Slave Narratives,61,"court, jury, lewis, judge, attorney, defendant, trial, witness, badger, district attorney",1825.0,1917.0,"Out of the Ditch. A True Story of an Ex-Slave (19 chunks); Autobiography and Work of Bishop M. F. Jamison, D.D. (""Uncle Joe"") ... (4 chunks); From Slavery to Wealth. The Life of Scott Bond. The Rewards of Hone... (4 chunks)"
25,Mistress and Master's Behavior,59,"paul, ritty, cassy, mistress, colonel moore, moore, oh, mamma, ah, miss ritty",1836.0,1897.0,"The Story of a Slave. A Realistic Revelation of a Social Relation o... (34 chunks); The White Slave; or, Memoirs of a Fugitive (8 chunks); Autobiography of a Female Slave (5 chunks)"
27,The Missouri Compromise and the Expansion of Slavery,58,"party, territory, union, constitution, antislavery, political, missouri, north, compromise, northern",1839.0,1917.0,"Life and Times of Frederick Douglass: His Early Life as a Slave, Hi... (8 chunks); Life and Opinions of Julius Melbourn; with Sketches of the Lives an... (7 chunks); Life and Times of Frederick Douglass, Written by Himself. His Early... (6 chunks)"
26,The Illusion of Freedom in America,58,"liberty, aaron, nation, stockade, chain, human, american, tyrant, million, soul",1839.0,1893.0,"Poems by a Slave in the Island of Cuba, Recently Liberated; Transla... (4 chunks); American Slavery As It Is: Testimony of a Thousand Witnesses (3 chunks); My Bondage and My Freedom. Part I. Life as a Slave. Part II. Life a... (3 chunks)"
28,Traveling to Europe,57,"passenger, steamer, board, ship, bishop, captain, th, sea, deck, voyage",1789.0,1928.0,"An Autobiography: The Story of the Lord's Dealings with Mrs. Amanda... (8 chunks); The American Fugitive in Europe. Sketches of Places and People Abroad (4 chunks); The Looking-Glass: Being a True Report and Narrative of the Life, T... (4 chunks)"
29,Establishing Settlements in North America,56,"acre, settlement, settler, colony, canada, farm, agent, clear, society, allain",1835.0,1917.0,"A North-Side View of Slavery. The Refugee: or the Narratives of Fug... (15 chunks); Twenty-Two Years a Slave, and Forty Years a Freeman; Embracing a Co... (11 chunks); Biography of Elder Lott Cary, Late Missionary to Africa. With an Ap... (4 chunks)"
30,Traveling as a Slave,56,"horse, road, cyrus, landlord, start, travel, journey, traveller, walk, stranger",1836.0,1917.0,"The Rev. J. W. Loguen, as a Slave and as a Freeman. A Narrative of ... (5 chunks); Slave Life in Georgia: A Narrative of the Life, Sufferings, and Esc... (4 chunks); The White Slave; or, Memoirs of a Fugitive (4 chunks)"
31,Family History and Emancipation,55,"northup, deponent, solomon, ft, county, born, lomboko, state newyork, mintus, mendi",1790.0,1922.0,"Twelve Years a Slave: Narrative of Solomon Northup, a Citizen of Ne... (6 chunks); A History of the Amistad Captives: Being a Circumstantial Account o... (5 chunks); A Short History of the Life of Christopher McPherson, Alias Pherson... (2 chunks)"
32,Racial Equality and Human Rights,54,"animal, specy, colour, european, race, human, intellectual, africa, moral, climate",1789.0,1898.0,"A Tribute for the Negro: Being a Vindication of the Moral, Intellec... (42 chunks); Life and Opinions of Julius Melbourn; with Sketches of the Lives an... (4 chunks); The Life, Labors, and Travels of Elder Charles Bowles, of the Free ... (2 chunks)"
33,The Value of Hardship and Opportunity,54,"covey, peter, marse, venture, quamino, letter, lee, jarm, marse robert, cincinnati",1798.0,1918.0,"The Kidnapped and the Ransomed. Recollections of Peter Still and Hi... (5 chunks); Biographical Sketches and Interesting Anecdotes of Persons of Colou... (4 chunks); The Fugitive Blacksmith; or, Events in the History of James W. C. P... (3 chunks)"
34,Traveling and Navigation in the Wilderness,53,"road, wood, travel, corn, tree, river, husk, cros, weather, northstar",1837.0,1914.0,"Fifty Years in Chains, or, The Life of an American Slave (18 chunks); Slavery in the United States: A Narrative of the Life and Adventure... (18 chunks); The Fugitive Blacksmith; or, Events in the History of James W. C. P... (3 chunks)"
35,Harriet Tubman's Life and Work,53,"sojourner, sojourner truth, harriet, truth, tubman, harriet tubman, battle creek, washington, gen, book life",1869.0,1926.0,"Narrative of Sojourner Truth; a Bondswoman of Olden Time, Emancipat... (32 chunks); Harriet, the Moses of Her People (6 chunks); Scenes in the Life of Harriet Tubman (6 chunks)"
36,Slave Auctions and Sales,51,"dollar, hundr dollar, friedman, peter, sum, cent, paid, bid, osten, sale",1770.0,1916.0,"The Kidnapped and the Ransomed. Recollections of Peter Still and Hi... (7 chunks); Life and History of William O'Neal, or, The Man Who Sold His Wife (3 chunks); Life and Opinions of Julius Melbourn; with Sketches of the Lives an... (3 chunks)"
37,Education and Women's Empowerment,49,"teacher, club, mrs, school, baldwin, women, miss baldwin, miss, color woman, association",1826.0,1926.0,Homespun Heroines and Other Women of Distinction (29 chunks); A Narrative of the Negro (2 chunks); An Autobiography: The Story of My Life and Work (2 chunks)
38,Cosmology and Divine Sovereignty,49,"heaven, ages, earth, eternal, empire, hell, universal, throne, christ, seas",1811.0,1913.0,"Autobiography, Sermons, Addresses, and Essays of Bishop L. H. Holse... (44 chunks); The Life, History, and Unparalleled Sufferings of John Jea, the Afr... (3 chunks); From Log Cabin to the Pulpit, or, Fifteen Years in Slavery (1 chunks)"
42,Separation from Family,48,"ben, ped, wife child, start, neddy, cincinnati, yes, sam, escape, josiah",1836.0,1913.0,"Narrative of the Life and Adventures of Henry Bibb, an American Sla... (4 chunks); An Autobiography. Bond and Free: Or, Yearnings for Freedom, from My... (3 chunks); A North-Side View of Slavery. The Refugee: or the Narratives of Fug... (2 chunks)"
43,Christian Faith and Personal Redemption,48,"pray, lord, prayer, saviour, jesus, aged, christian, bayley, faith, dear",1811.0,1980.0,"Biographical Sketches and Interesting Anecdotes of Persons of Colou... (7 chunks); Sketches of the History, Character, and Dying Testimony, of Benefic... (6 chunks); Memoir of Mrs. Chloe Spear, a Native of Africa, Who was Enslaved in... (5 chunks)"
40,Life at Sea as a Slave,48,"captain, ship, board, vessel, montserrat, sail, voyage, mate, steward, island",1770.0,1902.0,"The Interesting Narrative of the Life of Olaudah Equiano, or Gustav... (18 chunks); A Tribute for the Negro: Being a Vindication of the Moral, Intellec... (6 chunks); A Narrative of the Most Remarkable Particulars in the Life of James... (2 chunks)"
41,Racial Segregation on Public Transportation,48,"car, passenger, conductor, cars, railroad, train, pullman, porter, ride, seat",1848.0,1917.0,"Life and Adventures of Nat Love, Better Known in the Cattle Country... (6 chunks); Frederick Douglass The Colored Orator (4 chunks); Narrative of Sojourner Truth; a Bondswoman of Olden Time, Emancipat... (4 chunks)"
39,Education and Personal Development,48,"school, student, teacher, hampton, tuskegee, washington, teach, graduat, college, university",1848.0,1929.0,"Men of Mark: Eminent, Progressive and Rising (14 chunks); Up from Slavery: An Autobiography (7 chunks); Booker T. Washington, Builder of a Civilization (6 chunks)"
44,Leadership and Public Service,47,"langston, republican, district, position, president, convention, school, elect, professor, university",1855.0,1916.0,"Men of Mark: Eminent, Progressive and Rising (25 chunks); My Larger Education: Being Chapters from My Experience (4 chunks); A Narrative of the Negro (3 chunks)"
45,European Royal Palaces,47,"palace, paris, statue, tower, wall, room, build, napoleon, monument, louis",1789.0,1917.0,"Three Years in Europe: Or, Places I Have Seen and People I Have Met (20 chunks); The American Fugitive in Europe. Sketches of Places and People Abroad (12 chunks); My Life and Work (5 chunks)"
46,Agricultural Labor and Crop Management,47,"farm, crop, bond, mr bond, artichoke, scott, acre, fitzpatrick, potato, mr fitzpatrick",1846.0,1918.0,"From Slavery to Wealth. The Life of Scott Bond. The Rewards of Hone... (21 chunks); Bond and Free: A Tale of the South (4 chunks); Last of the Pioneers: Or, Old Times in East Tenn., Being the Life a... (3 chunks)"
47,Longing for Freedom and Family,46,"joanna, kindness, dr, doctor, waggon, desire, dear, feeling, oh, gone",1782.0,1926.0,"The Kidnapped and the Ransomed. Recollections of Peter Still and Hi... (3 chunks); The Rev. J. W. Loguen, as a Slave and as a Freeman. A Narrative of ... (3 chunks); A Narrative of the Adventures and Escape of Moses Roper, from Ameri... (2 chunks)"
48,Relationships with White Women,45,"miss, jane, miss jane, sally, tildy, banton, sister, miss tildy, girl, mrs banton",1795.0,1926.0,"Autobiography of a Female Slave (8 chunks); The Story of a Slave. A Realistic Revelation of a Social Relation o... (4 chunks); Narrative of the Sufferings of Lewis Clarke, During a Captivity of ... (3 chunks)"
49,Horseback Pursuits and Battles,45,"herd, cattle, horse, trail, ranch, indian, range, saddle, buffalo, cow",1810.0,1907.0,"Life and Adventures of Nat Love, Better Known in the Cattle Country... (38 chunks); Pastor Henry N. Jeter's Twenty-five Years Experience with the Shilo... (3 chunks); Life of Mary F. McCray: Born and Raised a Slave in the State of Ken... (2 chunks)"
50,African American Military Service During the Civil War,45,"regiment, soldier, battle, war, flag, attuck, troop, army, color soldier, fight",1850.0,1918.0,"The Colored Patriots of the American Revolution: With Sketches of S... (10 chunks); A Narrative of the Negro (5 chunks); Battles and Victories of Allen Allensworth, A. M., Ph. D., Lieutena... (5 chunks)"
51,Racial Tensions and Social Hierarchy in Colonial Haiti,44,"mulatto, toussaint, rigaud, france, domingo, hayti, island, french, planter, louverture",1848.0,1899.0,"The Life of Toussaint L'Ouverture, the Negro Patriot of Hayti: Comp... (21 chunks); Toussaint L'Ouverture: A Biography and Autobiography (12 chunks); The Black Man: His Antecedents, His Genius, and His Achievements (6 chunks)"
53,Bishop Leadership and Church Governance,43,"bishop, church, baptist, conference, pastor, rev, ordain, general conference, university, elect",1871.0,1928.0,"Men of Mark: Eminent, Progressive and Rising (20 chunks); Autobiography of Bishop Isaac Lane, LL.D. with a Short History of t... (6 chunks); Life of Charles T. Walker, D.D., (""The Black Spurgeon."") Pastor Mt.... (3 chunks)"
52,Whipping and Plantation Punishment,43,"nigger, whip, plantation, anderson, nt, horse, digg, pass, ike, smart nigger",1845.0,1929.0,"A North-Side View of Slavery. The Refugee: or the Narratives of Fug... (6 chunks); The Experience of a Slave in South Carolina (4 chunks); Twelve Years a Slave: Narrative of Solomon Northup, a Citizen of Ne... (3 chunks)"
54,Life at Sea,42,"captain, mate, ship, sea, vessel, sail, deck, whale, boat, crew",1789.0,1902.0,"Chains and Freedom: Or, The Life and Adventures of Peter Wheeler, a... (8 chunks); The Interesting Narrative of the Life of Olaudah Equiano, or Gustav... (7 chunks); The Life of John Thompson, a Fugitive Slave; Containing His History... (7 chunks)"
55,African Chiefs and European Recognition,42,"king, whydah, dahoman, ahadee, agaow, trudo, kingdom, mahee, fort, popo",1782.0,1897.0,"Memoirs of the Reign of Bossa Ahadee, King of Dahomy, an Inland Cou... (18 chunks); The Life of Rev. John Jasper, Pastor of Sixth Mt. Zion Baptist Chur... (4 chunks); A Tribute for the Negro: Being a Vindication of the Moral, Intellec... (3 chunks)"
56,Confronting Slavery and Abolitionism,40,"douglass, antislavery, audience, cunningham, hall, send money, free church, church, convention, abolitionist",1827.0,1906.0,"Frederick Douglass The Colored Orator (10 chunks); Life and Times of Frederick Douglass: His Early Life as a Slave, Hi... (6 chunks); Frederick Douglass (2 chunks)"
57,Whipping and Plantation Punishment,40,"reuben, poor reuben, di, overseer, hes gone, reuben gone, esther, whip, cruelty, coonrood",1789.0,1901.0,"American Slavery As It Is: Testimony of a Thousand Witnesses (9 chunks); Horrors of the Virginian Slave Trade and of the Slave-Rearing Plant... (2 chunks); Life and Times of Frederick Douglass: His Early Life as a Slave, Hi... (2 chunks)"
58,Economic Opportunities and Contributions,39,"industrial, race, league, mechanic, progress, effort, exhibition, institution, nationality, tuskegee",1789.0,1917.0,"An Autobiography: The Story of My Life and Work (9 chunks); Booker T. Washington, Builder of a Civilization (5 chunks); Up from Slavery: An Autobiography (3 chunks)"
59,Abolitionist Speeches and Public Lectures,39,"antislavery, douglass, paper, garrison, mr brown, brown, speech, abolitionist, fugitive, convention",1845.0,1914.0,"Life and Times of Frederick Douglass: His Early Life as a Slave, Hi... (6 chunks); Life and Times of Frederick Douglass, Written by Himself. His Early... (5 chunks); Frederick Douglass (4 chunks)"
60,Whipping and Plantation Punishment,38,"whip, mistress, beat, epps, miss, harriet, sister, jane, em, tildy",1831.0,1892.0,"Autobiography of a Female Slave (3 chunks); The Life of John Thompson, a Fugitive Slave; Containing His History... (3 chunks); Narrative of James Curry, A Fugitive Slave (2 chunks)"
61,Escape and Fugitive Slave Experience,38,"ruggle, fugitive, mr ruggle, york, canada, cato, new york, escape, douglass, boat",1831.0,1926.0,"Uncle Tom's Companions: Or, Facts Stranger Than Fiction. A Suppleme... (4 chunks); Biography of an American Bondman, by His Daughter (3 chunks); Frederick Douglass (3 chunks)"
62,Struggling with Financial Independence,37,"master hugh, hugh, escape, end week, sailor, master thoma, hir time, ticket, wage, baltimore",1831.0,1906.0,"Life and Times of Frederick Douglass: His Early Life as a Slave, Hi... (5 chunks); Frederick Douglass (4 chunks); Life and Times of Frederick Douglass, Written by Himself. His Early... (4 chunks)"
63,Eloquence and Public Speaking,37,"douglass, disraeli, speaker, orator, speeche, eloquence, remond, speech, public, webster",1847.0,1914.0,"Life and Opinions of Julius Melbourn; with Sketches of the Lives an... (5 chunks); Men of Mark: Eminent, Progressive and Rising (5 chunks); The American Fugitive in Europe. Sketches of Places and People Abroad (5 chunks)"
64,Life as a Runaway Slave,36,"job, caboceiro, annamaboe, tho, shew, coast, negroe, guinea, company, stole",1734.0,1797.0,"The Royal African: or, Memoirs of the Young Prince of Annamaboe. Co... (21 chunks); Some Memoirs of the Life of Job, the Son of Solomon, the High Pries... (10 chunks); The Life, and Dying Speech of Arthur, a Negro Man; Who Was Executed... (4 chunks)"
65,Military Service and Racial Integration,35,"regiment, chaplain, soldier, army, officer, troop, recruit, allensworth, color soldier, fort",1854.0,1914.0,"Battles and Victories of Allen Allensworth, A. M., Ph. D., Lieutena... (10 chunks); The Colored Patriots of the American Revolution: With Sketches of S... (7 chunks); Life and Times of Frederick Douglass, Written by Himself. His Early... (3 chunks)"
66,The American Civil War and Its Aftermath,34,"union, war, lincoln, north, rebellion, territory, proclamation, mr lincoln, peace, measure",1853.0,1914.0,"Life and Times of Frederick Douglass, Written by Himself. His Early... (12 chunks); Life and Times of Frederick Douglass: His Early Life as a Slave, Hi... (9 chunks); Frederick Douglass The Colored Orator (4 chunks)"
67,The Role of Faith and Religion in Human Development,33,"religion, universe, mental, nature, faculty, moral, force, element, civilization, faith",1848.0,1916.0,"Autobiography, Sermons, Addresses, and Essays of Bishop L. H. Holse... (28 chunks); The Life of Rev. John Jasper, Pastor of Sixth Mt. Zion Baptist Chur... (2 chunks); A Tribute for the Negro: Being a Vindication of the Moral, Intellec... (1 chunks)"
68,The Importance of Knowledge and Virtue,33,"wisdom, knowledge, truth, blind, moral, school, virtue, earth, does, vast",1848.0,1922.0,"Battles and Victories of Allen Allensworth, A. M., Ph. D., Lieutena... (4 chunks); A Tribute for the Negro: Being a Vindication of the Moral, Intellec... (2 chunks); Echoes from a Pioneer Life (2 chunks)"
69,Separation from Family,33,"aunt, evelyn, chile, sally, tear, grief, archer, aunt sally, thar, oh",1810.0,1929.0,"Autobiography of a Female Slave (4 chunks); The Kidnapped and the Ransomed. Recollections of Peter Still and Hi... (4 chunks); Aunt Sally: or, The Cross the Way of Freedom. A Narrative of the Sl... (2 chunks)"
70,Violence and Threats from Slave Owners,33,"brown, john brown, harper ferry, harper, mountain, ferry, captain brown, douglass, plan, john",1836.0,1929.0,"Life and Times of Frederick Douglass, Written by Himself. His Early... (9 chunks); Life and Times of Frederick Douglass: His Early Life as a Slave, Hi... (6 chunks); Frederick Douglass (5 chunks)"
71,Escape by Water,33,"boat, river, captain, board, sailor, steamboat, shalt, amos, thou shalt, vessel",1810.0,1895.0,"A Narrative of the Adventures and Escape of Moses Roper, from Ameri... (3 chunks); Life of William Grimes, the Runaway Slave, Brought Down to the Pres... (2 chunks); A Brief Miscellaneous Narrative of the More Early Part of the Life ... (1 chunks)"
72,Family Relationships and Kinship,32,"aunt, aunt dice, dice, aunt polly, peterkin, amy, mr peterkin, polly, oh, miss",1837.0,1913.0,"Autobiography of a Female Slave (14 chunks); Aunt Dice: The Story of a Faithful Slave (4 chunks); Aunt Sally: or, The Cross the Way of Freedom. A Narrative of the Sl... (3 chunks)"
73,Life in Slavery,32,"freeland, mr freeland, bondage, vow, st michael, henry john, quashi, michael, confid, henry",1826.0,1908.0,"My Bondage and My Freedom. Part I. Life as a Slave. Part II. Life a... (4 chunks); Uncle Tom's Companions: Or, Facts Stranger Than Fiction. A Suppleme... (3 chunks); Incidents in the Life of a Slave Girl. Written by Herself (2 chunks)"
74,Christianity and Redemption,32,"race, soudan, ethiopia, negro race, divine, religion, christian, principle, africa, nation",1789.0,1922.0,"A Tribute for the Negro: Being a Vindication of the Moral, Intellec... (11 chunks); Echoes from a Pioneer Life (6 chunks); Autobiography, Sermons, Addresses, and Essays of Bishop L. H. Holse... (3 chunks)"
83,Spirituals and African American Music,31,"sing, jesus, lord, ride, ride jesus, jesus ride, soul, world round, redeem love, redeem",1797.0,1926.0,"The Life of the Rev. Dandridge F. Davis, of the African M. E. Churc... (4 chunks); From Slavery to a Bishopric, or, The Life of Bishop Walter Hawkins ... (2 chunks); Narrative of the Life of Henry Box Brown, Written by Himself (2 chunks)"
82,Celebrity and Autobiographical Accounts,31,"walker, biography, book, university, dr, oxford, duma, history, jasper, professor",1847.0,1929.0,"Men of Mark: Eminent, Progressive and Rising (7 chunks); Booker T. Washington, Builder of a Civilization (3 chunks); Life of Charles T. Walker, D.D., (""The Black Spurgeon."") Pastor Mt.... (3 chunks)"
81,Life as a Domestic Slave,31,"mistress, missis, molino, wash, sally, eve, don, mrs wood, kitchen, mayoral",1770.0,1894.0,"Poems by a Slave in the Island of Cuba, Recently Liberated; Transla... (7 chunks); The History of Mary Prince, a West Indian Slave. Related by Herself... (4 chunks); Aunt Sally: or, The Cross the Way of Freedom. A Narrative of the Sl... (2 chunks)"
80,Life on Steamboats,31,"boat, steamboat, passenger, st louis, louis, board, buel, orlean, cabin boys, new orlean",1831.0,1914.0,"Narrative of William W. Brown, an American Slave. Written by Himself (4 chunks); Narrative of William W. Brown, a Fugitive Slave. Written by Himself (3 chunks); Uncle Tom's Companions: Or, Facts Stranger Than Fiction. A Suppleme... (3 chunks)"
79,Whipping and Plantation Punishment,31,"runaway, dogs, clarkson, mr clarkson, hunter, isom, mr black, runaway slave, hunt, overseer",1836.0,1902.0,My Life in the South (7 chunks); Fifty Years of Slavery in the United States of America (4 chunks); American Slavery As It Is: Testimony of a Thousand Witnesses (3 chunks)
78,Fishing and River Labor,31,"fish, fishery, seine, shad, cotton, river, fishmaster, plough, pine, cabin",1789.0,1926.0,"Slavery in the United States: A Narrative of the Life and Adventure... (10 chunks); Fifty Years in Chains, or, The Life of an American Slave (9 chunks); A Sketch of the Life of Okah Tubbee, (Called) William Chubbee, Son ... (3 chunks)"
76,Fairness of Treatment in the Pension Office,31,"matthew, senate, president, jame matthew, district, mr chase, district columbia, office, nomination, recorder",1856.0,1916.0,"Men of Mark: Eminent, Progressive and Rising (17 chunks); Life and Times of Frederick Douglass, Written by Himself. His Early... (3 chunks); The New Man: Twenty-Nine Years a Slave,Twenty-Nine Years a Free Man (3 chunks)"
75,Agricultural Labor and Crop Management,31,"plant, crop, soil, seed, meat, fertilizer, peas, tomato, worm, variety",1837.0,1929.0,From Captivity to Fame or The Life of George Washington Carver (19 chunks); Slavery in the United States: A Narrative of the Life and Adventure... (3 chunks); An Autobiography: The Story of the Lord's Dealings with Mrs. Amanda... (2 chunks)
77,Agricultural Labor and Corn Harvesting,31,"corn, shuck, dat, aunt dice, dice, cornshuck, chitlin, aunt, carve, shuck dat",1837.0,1911.0,"Aunt Dice: The Story of a Faithful Slave (6 chunks); Life on the Old Plantation in Ante-Bellum Days, or, A Story Based o... (4 chunks); Bond and Free: A Tale of the South (2 chunks)"
88,Missionary Work in Africa,30,"africa, missionary, mission, association, soudan, african mission, mission work, rev, congo, baptist",1837.0,1926.0,"Africa for Christ. Twenty-Eight Years a Slave (6 chunks); Twenty-Eight Years a Slave, or The Story of My Life in Three Contin... (5 chunks); An Autobiography: The Story of the Lord's Dealings with Mrs. Amanda... (3 chunks)"
91,Agricultural Education and Economic Empowerment,30,"farmer, carver, agricultural, school, tuskegee, negro farmer, farm, county, macon county, booker washington",1856.0,1929.0,"Booker T. Washington, Builder of a Civilization (9 chunks); My Larger Education: Being Chapters from My Experience (6 chunks); A North-Side View of Slavery. The Refugee: or the Narratives of Fug... (2 chunks)"
90,The Role of Knowledge and Education in Slave Life,30,"knowledge, auld, ignorance, nature, mr auld, religious, liberty know, escape, liberty, mistress",1789.0,1906.0,"Life and Times of Frederick Douglass, Written by Himself. His Early... (2 chunks); Life and Times of Frederick Douglass: His Early Life as a Slave, Hi... (2 chunks); My Bondage and My Freedom. Part I. Life as a Slave. Part II. Life a... (2 chunks)"
89,Whipping and Plantation Punishment,30,"valentine, mr hall, sold, overseer, whip, william, old man, zulus, jerry, flog",1837.0,1912.0,"A North-Side View of Slavery. The Refugee: or the Narratives of Fug... (3 chunks); American Slavery As It Is: Testimony of a Thousand Witnesses (3 chunks); Life and Times of Frederick Douglass, Written by Himself. His Early... (2 chunks)"
92,"Ship, Sail, Fleet, Captain",30,"ship, sail, fleet, captain, board, crew, french, admiral, privateer, lieutenant",1760.0,1929.0,"The Interesting Narrative of the Life of Olaudah Equiano, or Gustav... (12 chunks); Chains and Freedom: Or, The Life and Adventures of Peter Wheeler, a... (6 chunks); The Slave: or Memoirs of Archy Moore. Vol. II (3 chunks)"
87,Separation from Family and Loss of Affection,30,"lucilla, mrs moore, precious child, agony, dear, precious, babe, moore, affection, wilmington",1831.0,1894.0,"Experience and Personal Narrative of Uncle Tom Jones; Who Was for F... (4 chunks); The Experience of Rev. Thomas H. Jones, Who Was a Slave for Forty-T... (4 chunks); The Experience of Thomas H. Jones, who was a Slave for Forty-Three ... (4 chunks)"
86,Mothers' Labor and Childcare in Slavery,30,"aunt katy, kate, katy, baby, jared, potato, aunt, isabella, vina, bread",1836.0,1922.0,Bond and Free: A Tale of the South (4 chunks); The Kidnapped and the Ransomed. Recollections of Peter Still and Hi... (4 chunks); Autobiography of a Female Slave (3 chunks)
85,Dueling and Vigilantism,30,"affray, pistol, shot, knife, murder, bowie, stab, bowie knife, wound, white population",1839.0,1914.0,"American Slavery As It Is: Testimony of a Thousand Witnesses (26 chunks); Battles and Victories of Allen Allensworth, A. M., Ph. D., Lieutena... (1 chunks); The Life and Adventures of Zamba, an African Negro King; and His Ex... (1 chunks)"
84,Breaking and Entering,30,"madison, ennis, warrick, brown, seward, store, door, rob, baker, vault",1790.0,1873.0,"Trials and Confessions of Madison Henderson, Alias Blanchard, Alfre... (24 chunks); Sketches of the Life of Joseph Mountain, a Negro, Who Was Executed ... (4 chunks); Confession of John Joyce, Alias Davis, Who Was Executed on Monday, ... (1 chunks)"
93,Whipping and Plantation Punishment,29,"whip, overseer, randall, tandy, flog, tie, cook, field, punish, nt",1838.0,1918.0,"A North-Side View of Slavery. The Refugee: or the Narratives of Fug... (5 chunks); Biography of an American Bondman, by His Daughter (2 chunks); My Life in the South (2 chunks)"
94,River Escapes and Travel,29,"river, raft, cow, journey, water, indian, boat, travel, boys let, road",1825.0,1912.0,"An Autobiography. Bond and Free: Or, Yearnings for Freedom, from My... (5 chunks); A Sketch of the Life of Okah Tubbee, (Called) William Chubbee, Son ... (2 chunks); An Autobiography: The Story of the Lord's Dealings with Mrs. Amanda... (2 chunks)"
95,Food Rations and Plantation Provisions,29,"meal, meat, hoo, allowance, basket, corn, cook, shirt, pork, eat",1837.0,1914.0,"Fifty Years in Chains, or, The Life of an American Slave (4 chunks); Thirty Years a Slave: From Bondage to Freedom: The Institution of S... (4 chunks); Jamie Parker, the Fugitive (3 chunks)"
96,Toussaint Louverture's Leadership in Haiti,29,"toussaint, island, french, petion, france, christophe, domingo, hayti, st domingo, colony",1831.0,1912.0,"A Tribute for the Negro: Being a Vindication of the Moral, Intellec... (7 chunks); God's Image in Ebony: Being a Series of Biographical Sketches, Fact... (5 chunks); The Life of Toussaint L'Ouverture, the Negro Patriot of Hayti: Comp... (5 chunks)"
97,Religious Instruction and Personal Growth,28,"goot, master fight, course life, litton, overseer, servant, peter, fight, mr carleton, life secular",1810.0,1926.0,"The Kidnapped and the Ransomed. Recollections of Peter Still and Hi... (3 chunks); Josiah: The Maimed Fugitive. A True Tale (2 chunks); The Life of Josiah Henson, Formerly a Slave, Now an Inhabitant of C... (2 chunks)"
98,Negotiating Freedom through Purchase or Manumission,28,"amos, phillip, dollar, master amos, hundr dollar, trick play, paper, trick, maxwell, mr maxwell",1789.0,1897.0,"Narrative of William Hayden, Containing a Faithful Account of His T... (6 chunks); An Autobiography of the Rev. Josiah Henson (""Uncle Tom""). From 1789... (2 chunks); The Life of Josiah Henson, Formerly a Slave, Now an Inhabitant of C... (2 chunks)"
99,Toussaint Louverture's Military Campaigns and Alliances,28,"gen, toussaint, rochambeau, dessaline, gen leclerc, leclerc, gona ves, ves, gona, troop",1848.0,1912.0,"Toussaint L'Ouverture: A Biography and Autobiography (16 chunks); The Life of Toussaint L'Ouverture, the Negro Patriot of Hayti: Comp... (8 chunks); A Narrative of the Negro (1 chunks)"
100,"Paul, Sea, Manila, Aunt Martha",28,"paul, sea, manila, aunt martha, voyage, ship, whale, built, town, vessel",1840.0,1926.0,"Battles and Victories of Allen Allensworth, A. M., Ph. D., Lieutena... (4 chunks); Life and Times of Frederick Douglass, Written by Himself. His Early... (3 chunks); The Colored Patriots of the American Revolution: With Sketches of S... (3 chunks)"
105,Education and Personal Development,27,"school, hampton, teacher, student, study, taught, coalmine, lesson, tuskegee, college",1861.0,1929.0,A Slave Girl's Story. Being an Autobiography of Kate Drumgoold (6 chunks); Up from Slavery: An Autobiography (6 chunks); An Autobiography: The Story of My Life and Work (2 chunks)
108,Religious Experiences and Conversion,27,"mr stewart, manchester, africa, joanna, mr spurgeon, stage, infancy, spurgeon, driver, tear",1838.0,1929.0,"Narrative of William Hayden, Containing a Faithful Account of His T... (6 chunks); Autobiography of James L. Smith, Including, Also, Reminiscences of ... (2 chunks); Narrative of Joanna; An Emancipated Slave, of Surinam. (From Stedma... (2 chunks)"
107,Employment and Servitude,27,"mrs lincoln, lincoln, mrs, brady, dress, keye, mrs clarke, hotel, lizzie, mcclean",1838.0,1914.0,"Behind the Scenes, or, Thirty years a Slave, and Four Years in the ... (15 chunks); Autobiography of a Female Slave (3 chunks); An Autobiography: The Story of the Lord's Dealings with Mrs. Amanda... (2 chunks)"
106,Whipping and Plantation Punishment,27,"slaveholder, freeland, mr freeland, hilo, disgust slave, human, covey, wick, disgust, african",1826.0,1914.0,"My Bondage and My Freedom. Part I. Life as a Slave. Part II. Life a... (3 chunks); Narrative of the Life of Frederick Douglass, an American Slave. Wri... (3 chunks); Pictures of Slavery in Church and State; Including Personal Reminis... (3 chunks)"
104,Marriage and Family Life,27,"marriage, marry, phillis, husband, conference, canaan, merican, girl, papa, minister",1810.0,1913.0,"An Autobiography. Bond and Free: Or, Yearnings for Freedom, from My... (2 chunks); An Autobiography: The Story of the Lord's Dealings with Mrs. Amanda... (2 chunks); From Log Cabin to the Pulpit, or, Fifteen Years in Slavery (2 chunks)"
103,Baptist Church Practices and Theology,27,"church, baptist, baptiz, baptism, rev, pastor, preach, baptize, ayer, mr ayer",1872.0,1926.0,"Life of the Rev. Elisha W. Green, One of the Founders of the Kentuc... (4 chunks); Autobiography of Bishop Isaac Lane, LL.D. with a Short History of t... (3 chunks); An Autobiography: The Story of the Lord's Dealings with Mrs. Amanda... (2 chunks)"
102,Encounters with Sympathetic Whites,27,"seth, eveline, mr hibbard, hibbard, aunt, jenny, sackett harbor, sackett, store, pa",1826.0,1929.0,The Kidnapped and the Ransomed. Recollections of Peter Still and Hi... (4 chunks); Biographical Sketches and Interesting Anecdotes of Persons of Colou... (2 chunks); Bond and Free: A Tale of the South (2 chunks)
101,"Jimmie, Dinkie, Burkit, Ward",27,"jimmie, dinkie, burkit, ward, flame, gilbert, bed, aunt nancy, mrs ward, farwell",1810.0,1929.0,"A Brief Miscellaneous Narrative of the More Early Part of the Life ... (2 chunks); Bond and Free: A Tale of the South (2 chunks); From Log Cabin to the Pulpit, or, Fifteen Years in Slavery (2 chunks)"
114,Spiritual Awakening and Conversion,26,"pray, lord, sanctify, jesus, oh, sing, convert, didnt, soul, sanctification",1839.0,1926.0,"An Autobiography: The Story of the Lord's Dealings with Mrs. Amanda... (21 chunks); Chains and Freedom: Or, The Life and Adventures of Peter Wheeler, a... (2 chunks); Twice Sold, Twice Ransomed: Autobiography of Mr. and Mrs. L. P. Ray (2 chunks)"
117,Blindness and Economic Dependence,26,"elleanor, blake, folger, matthia, sally, mammy blake, mrs, captain brown, ninus, mammy",1832.0,1926.0,"Aunt Sally: or, The Cross the Way of Freedom. A Narrative of the Sl... (3 chunks); Memoirs of Elleanor Eldridge (3 chunks); Narrative of Sojourner Truth; a Bondswoman of Olden Time, Emancipat... (3 chunks)"
116,Separation from Family Members,26,"sister, flint, grandmother, dr flint, mrs ruffner, ruffner, mother house, ellen, bayliss, son",1825.0,1914.0,"Incidents in the Life of a Slave Girl. Written by Herself (6 chunks); Narrative of William Hayden, Containing a Faithful Account of His T... (4 chunks); A Slave Girl's Story. Being an Autobiography of Kate Drumgoold (2 chunks)"
115,"Mr Madison, Primus, Born, Young Walker",26,"mr madison, primus, born, young walker, colonel monroe, race, madison, fugitive, washington, helm",1848.0,1916.0,"Last of the Pioneers: Or, Old Times in East Tenn., Being the Life a... (3 chunks); Men of Mark: Eminent, Progressive and Rising (3 chunks); Life and Times of Frederick Douglass, Written by Himself. His Early... (2 chunks)"
118,Whipping and Plantation Punishment,26,"horse, shop, mr garner, israel, door, rode, robbin, covington, master jame, blacksmith",1825.0,1914.0,"An Autobiography. Bond and Free: Or, Yearnings for Freedom, from My... (7 chunks); A North-Side View of Slavery. The Refugee: or the Narratives of Fug... (3 chunks); A Brief Miscellaneous Narrative of the More Early Part of the Life ... (2 chunks)"
113,"Pound, Pullman, Tunnel, Mingo",26,"pound, pullman, tunnel, mingo, hunter, job, steubenville, pound shilling, emma, ruffner",1798.0,1922.0,"A Narrative of the Life and Adventures of Venture, a Native of Afri... (6 chunks); Memoirs of Samuel Spottford Clement Relating Interesting Experience... (4 chunks); A Sketch of the Life of Okah Tubbee, (Called) William Chubbee, Son ... (3 chunks)"
112,Correspondence and Separation from Loved Ones,26,"dear wife, dear, letter, brother cousin, write, cousin, thoma jone, mind write, chavis, till death",1839.0,1909.0,"The Experience of Thomas H. Jones, who was a Slave for Forty-Three ... (6 chunks); The Experience of Rev. Thomas H. Jones, Who Was a Slave for Forty-T... (5 chunks); Behind the Scenes, or, Thirty years a Slave, and Four Years in the ... (2 chunks)"
111,Whipping and Plantation Punishment,26,"slaveholder, covey, mr covey, mr gordon, peter, gordon, scraper, worst, jess, mutton",1838.0,1892.0,"My Bondage and My Freedom. Part I. Life as a Slave. Part II. Life a... (4 chunks); Chains and Freedom: Or, The Life and Adventures of Peter Wheeler, a... (3 chunks); A North-Side View of Slavery. The Refugee: or the Narratives of Fug... (2 chunks)"
110,Escape and Fugitive Life,26,"harriet, joe, cyrus, cato, hound, boat, fugitive, runaway, journey, charley",1845.0,1926.0,"Biography of a Slave; Being the Experiences of Rev. Charles Thompso... (3 chunks); Harriet, the Moses of Her People (3 chunks); John and Mary; or, The Fugitive Slaves, a Tale of South-Eastern Pen... (3 chunks)"
109,Cotton Picking and Plantation Labor,26,"cotton, pick, pound, plant, pick cotton, harmattan, field, bale, worm, seed",1789.0,1897.0,"Slavery in the United States: A Narrative of the Life and Adventure... (7 chunks); Slave Life in Georgia: A Narrative of the Life, Sufferings, and Esc... (4 chunks); Thirty Years a Slave: From Bondage to Freedom: The Institution of S... (3 chunks)"
119,Traveling through Wilderness and Uncertainty,25,"road, approach, travel, howl, indian, wolve, distance, lake, wilderness, travel night",1836.0,1913.0,"An Autobiography of the Rev. Josiah Henson (""Uncle Tom""). From 1789... (3 chunks); Uncle Tom's Story of His Life. An Autobiography of the Rev. Josiah ... (3 chunks); Hair-breadth Escapes from Slavery to Freedom (2 chunks)"
120,Abolitionist Influences,25,"douglass, gavan, american, mr gavan, office, wm, garrison, lundy, christopher mcpherson, epps",1847.0,1917.0,"Frederick Douglass The Colored Orator (6 chunks); Life and Times of Frederick Douglass, Written by Himself. His Early... (2 chunks); Men of Mark: Eminent, Progressive and Rising (2 chunks)"
121,Government Revenue and Tariffs,25,"tax, tariff, taxation, import, manufacturer, impost, million, cent, article, government",1789.0,1917.0,"Life and Opinions of Julius Melbourn; with Sketches of the Lives an... (14 chunks); My Life and Work (3 chunks); The Life and Adventures of Zamba, an African Negro King; and His Ex... (3 chunks)"
122,Whipping and Plantation Punishment,25,"weell, weell ho, ho, suffer, plantation, lash, susanna, slaveholder, cruel, blood",1832.0,1926.0,"American Slavery As It Is: Testimony of a Thousand Witnesses (3 chunks); Incidents in the Life of a Slave Girl. Written by Herself (2 chunks); Poems by a Slave in the Island of Cuba, Recently Liberated; Transla... (2 chunks)"
123,Racial Barriers to Education,25,"school, teacher, institute, pupil, color people, education, color child, public school, school pupil, society",1826.0,1917.0,"A Narrative of the Negro (4 chunks); An Autobiography: The Story of My Life and Work (3 chunks); Men of Mark: Eminent, Progressive and Rising (3 chunks)"
124,Land Ownership and Agricultural Labor,25,"gravel, brick, timber, kiln, cahill, mr cahill, mr blount, uncle scott, blount, stearn",1853.0,1917.0,From Slavery to Wealth. The Life of Scott Bond. The Rewards of Hone... (21 chunks); Bond and Free: A Tale of the South (1 chunks); Life of George Henry. Together with a Brief History of the Colored ... (1 chunks)
125,Lectures by Sojourner Truth,25,"sojourner, sojourner truth, truth, petition, government, lecture, suffrage, sibyl, audience, washington",1875.0,1926.0,"Narrative of Sojourner Truth; a Bondswoman of Olden Time, Emancipat... (13 chunks); Frederick Douglass The Colored Orator (4 chunks); Homespun Heroines and Other Women of Distinction (2 chunks)"
131,Surviving Hunger through Hunting,24,"turkey, josh, chicken, tag, harry, bird, brazen, ned, sieve, massa",1837.0,1929.0,"Fifty Years of Slavery in the United States of America (3 chunks); Last of the Pioneers: Or, Old Times in East Tenn., Being the Life a... (2 chunks); My Life in the South (2 chunks)"
133,Racial Identity and Relationships,24,"colour, student, white people, moton, race, major moton, colour people, community, contact, southern",1855.0,1917.0,"My Larger Education: Being Chapters from My Experience (8 chunks); Up from Slavery: An Autobiography (4 chunks); Booker T. Washington, Builder of a Civilization (3 chunks)"
132,Addressing White Audiences in the South,24,"address, atlanta, exposition, audience, race, invitation, tuskegee, director, problem, southern",1852.0,1911.0,"An Autobiography: The Story of My Life and Work (9 chunks); Up from Slavery: An Autobiography (9 chunks); The History of My Life and Work. Autobiography by Rev. M. L. Latta,... (3 chunks)"
129,"River, King, Hous, Meroe",24,"river, king, hous, meroe, kingdom, consist, ancient, distance, sahara, variety",1789.0,1917.0,"The Interesting Narrative of the Life of Olaudah Equiano, or Gustav... (3 chunks); A Narrative of the Negro (2 chunks); Biography of Mahommah G. Baquaqua, a Native of Zoogoo, in the Inter... (2 chunks)"
128,Acknowledging Assistance from Friends,24,"yea, writer, johnson, mission, mr johnson, rev johnson, duly, amen, rev, selah",1847.0,1924.0,"Wilkerson's History of His Travels &amp; Labors, in the United Stat... (8 chunks); Twenty-Eight Years a Slave, or The Story of My Life in Three Contin... (6 chunks); Africa for Christ. Twenty-Eight Years a Slave (2 chunks)"
130,Financial Support and Recognition for Slave Leaders,24,"chase, eustace, belin, dollar, honour, jasper, rev, hawkin, st domingo, mr chase",1826.0,1916.0,"A Tribute for the Negro: Being a Vindication of the Moral, Intellec... (6 chunks); Autobiography of a Fugitive Negro: His Anti-Slavery Labours in the ... (2 chunks); John Jasper: The Unmatched Negro Philosopher and Preacher (2 chunks)"
126,The Fugitive Slave Act and Public Opinion,24,"law, jerry, court, fugitive, marshal, boston, fugitive slave, faneuil hall, faneuil, liberty",1846.0,1914.0,"Anthony Burns: A History (8 chunks); Autobiography of a Fugitive Negro: His Anti-Slavery Labours in the ... (3 chunks); The Rev. J. W. Loguen, as a Slave and as a Freeman. A Narrative of ... (3 chunks)"
127,Racial Prejudice at West Point,24,"cadet, flipper, west point, color cadet, smith, west, academy, graduate, cadet smith, officer",1878.0,1878.0,The Colored Cadet at West Point. Autobiography of Lieut. Henry Ossi... (24 chunks)
134,The Nature of Temptation and Sin,23,"ter, uv, dat, wuz, yer, dey, gord, iz, wat, fer",1895.0,1908.0,John Jasper: The Unmatched Negro Philosopher and Preacher (21 chunks); The Anderson Surpriser. Written After He Was Seventy-Five Years of ... (2 chunks)
135,Negro Education and Racial Progress,23,"education, school, industrial, miss crandall, negro education, high education, crandall, college, washington, negro school",1880.0,1917.0,"Booker T. Washington, Builder of a Civilization (5 chunks); A Narrative of the Negro (3 chunks); The History of My Life and Work. Autobiography by Rev. M. L. Latta,... (3 chunks)"
136,Grief and Mourning,23,"phebe, tenn, dear, dear wife, paul, toussaint, death dear, mr chaplain, miss, oh",1782.0,1916.0,"Memoir of Pierre Toussaint, Born a Slave in St. Domingo (3 chunks); Autobiography of Bishop Isaac Lane, LL.D. with a Short History of t... (2 chunks); Elizabeth, a Colored Minister of the Gospel Born in Slavery (2 chunks)"
137,Methodist Episcopal Church Organization and Governance,23,"bishop, conference, episcopal, general conference, church, methodist episcopal, episcopal church, methodist, elect, organization",1864.0,1917.0,"Autobiography of Bishop Isaac Lane, LL.D. with a Short History of t... (8 chunks); My Life and Work (5 chunks); Autobiography and Work of Bishop M. F. Jamison, D.D. (""Uncle Joe"") ... (3 chunks)"
138,Navigating Wilderness Environments,23,"swamp, tree, road, alligator, pine, fallen, bushe, pine tree, water, wood",1837.0,1902.0,"Fifty Years in Chains, or, The Life of an American Slave (9 chunks); Slavery in the United States: A Narrative of the Life and Adventure... (8 chunks); Twelve Years a Slave: Narrative of Solomon Northup, a Citizen of Ne... (3 chunks)"
144,Patriotism and National Identity,22,"soldier, attuck, regiment, american, war, passport, citizen, enlist, nation, liberty",1853.0,1922.0,"The Colored Patriots of the American Revolution: With Sketches of S... (6 chunks); Life and Times of Frederick Douglass, Written by Himself. His Early... (2 chunks); Men of Mark: Eminent, Progressive and Rising (2 chunks)"
148,Military Training and Hazing at West Point,22,"plebe, cadet, class, camp, drill, benny haven, benny, haz, yearl, guard",1878.0,1878.0,The Colored Cadet at West Point. Autobiography of Lieut. Henry Ossi... (22 chunks)
147,Marriage and Family Separation,22,"wife child, buy, vandervall, mr barter, young mistress, bibb, sold, cowen, gatewood, cellar",1837.0,1922.0,"Days of Bondage. Autobiography of Friday Jones. Being a Brief Narra... (2 chunks); From Log Cabin to the Pulpit, or, Fifteen Years in Slavery (2 chunks); Incidents in the Life of a Slave Girl. Written by Herself (2 chunks)"
146,Purchasing Freedom through Labor,22,"dollar, sold, mrs brown, new orlean, purchase, betsey, orlean, neworlean, maury county, serena",1826.0,1926.0,"Biographical Sketches and Interesting Anecdotes of Persons of Colou... (2 chunks); Narratives of Colored Americans (2 chunks); A Family Redeemed from Bondage; Being Rev. Edmond Kelley, (the Auth... (1 chunks)"
145,Deception and Betrayal by Slave Traders,22,"doctor, mr wilson, maria, wife child, aunt, mr grip, esq william, gaol, grip, wilson",1797.0,1902.0,A True Tale of Slavery. From The Leisure Hour: A Family Journal of ... (2 chunks); Life and Opinions of Julius Melbourn; with Sketches of the Lives an... (2 chunks); A Lost Family Found; An Authentic Narrative of Cyrus Branch and His... (1 chunks)
140,Whipping and Plantation Punishment,22,"gordon, fugitive, miss gordon, pompey, henson, mission hall, aaron, miss perk, perk, sheep",1826.0,1926.0,"Men of Mark: Eminent, Progressive and Rising (3 chunks); A North-Side View of Slavery. The Refugee: or the Narratives of Fug... (2 chunks); Biographical Sketches and Interesting Anecdotes of Persons of Colou... (2 chunks)"
143,Abraham Lincoln's Emancipation and its Aftermath,22,"abraham lincoln, lincoln, abraham, emancipation, american, rule saw, liberty, tousaint, france, celebrate",1852.0,1929.0,"Frederick Douglass The Orator. Containing an Account of His Life; H... (5 chunks); Life and Times of Frederick Douglass, Written by Himself. His Early... (4 chunks); Frederick Douglass (3 chunks)"
142,Christian Faith and Preaching,22,"preach, matthia, ferrill, stewart, doctrine, lazarus, stink, christ, jesus, mr folger",1811.0,1912.0,"The Missionary Pioneer, or A Brief Memoir of the Life, Labours, and... (4 chunks); Autobiography and Work of Bishop M. F. Jamison, D.D. (""Uncle Joe"") ... (3 chunks); The Life, History, and Unparalleled Sufferings of John Jea, the Afr... (3 chunks)"
141,Christianity and Slaveholders,22,"church, thompson, preach, mr grime, sermon, mr thompson, preacher, deacon, grime, anthony",1833.0,1922.0,"Anthony Burns: A History (2 chunks); An Autobiography. Bond and Free: Or, Yearnings for Freedom, from My... (1 chunks); An Autobiography: The Story of the Lord's Dealings with Mrs. Amanda... (1 chunks)"
139,Marriage and Family Ties,22,"marry, marriage, eliza, mrs price, price, st john, philip, mrs, ensor, maria",1810.0,1893.0,"A Narrative of Some Remarkable Incidents in the Life of Solomon Bay... (2 chunks); Narrative of the Life and Adventures of Henry Bibb, an American Sla... (2 chunks); An Autobiography: The Story of the Lord's Dealings with Mrs. Amanda... (1 chunks)"
149,Separation from Family,22,"mr walker, sound jubilee, nealy, di, walker, sold, day com, john ardinburgh, good funeral, steal meat",1843.0,1929.0,"Incidents in the Life of a Slave Girl. Written by Herself (3 chunks); Narrative of William W. Brown, a Fugitive Slave. Written by Himself (3 chunks); Horrors of the Virginian Slave Trade and of the Slave-Rearing Plant... (2 chunks)"
157,Whipping and Plantation Punishment,21,"overseer, edloe, plantation, whip, randall, dinkie, ben, tobacco, old peter, driver",1836.0,1901.0,American Slavery As It Is: Testimony of a Thousand Witnesses (2 chunks); Anthony Burns: A History (2 chunks); Recollections of Slavery by a Runaway Slave (2 chunks)
155,Author's Life and Purpose,21,"aldridge, job, grace, lincoln, mr aldridge, dear mrs, mrs lincoln, dear, mrs keckley, letter",1734.0,1929.0,"Letters of the Late Ignatius Sancho, An African. In Two Volumes. To... (3 chunks); A Tribute for the Negro: Being a Vindication of the Moral, Intellec... (2 chunks); Behind the Scenes, or, Thirty years a Slave, and Four Years in the ... (2 chunks)"
156,Frederick Douglass as Anti-Slavery Orator,21,"douglass, antislavery, speech, mr douglass, haliburton, audience, constitution, abolitionist, frederick, garrison",1847.0,1912.0,Frederick Douglass The Colored Orator (6 chunks); A Narrative of the Negro (2 chunks); Frederick Douglass (2 chunks)
154,Escaping Slavery through Military Alliances,21,"mallory, war, col, south carolina, gen, col mallory, gen wild, march, guerrilla, raid",1845.0,1912.0,"The Colored Patriots of the American Revolution: With Sketches of S... (4 chunks); Autobiography of James L. Smith, Including, Also, Reminiscences of ... (3 chunks); The Black Man: His Antecedents, His Genius, and His Achievements (2 chunks)"
152,The Role of John Jasper as a Baptist Pastor,21,"pastor, church, baptist, sermon, rev, baptist church, jeter, church rev, jasper, saviour",1826.0,1911.0,"A Tribute for the Negro: Being a Vindication of the Moral, Intellec... (3 chunks); John Jasper: The Unmatched Negro Philosopher and Preacher (3 chunks); Biography of Elder Lott Cary, Late Missionary to Africa. With an Ap... (2 chunks)"
151,Christian Faith and Salvation,21,"christ, holy, heaven, israel, faith, gospel, salvation, soul, st peter, holt",1810.0,1922.0,"A Brief Miscellaneous Narrative of the More Early Part of the Life ... (2 chunks); The Looking-Glass: Being a True Report and Narrative of the Life, T... (2 chunks); Twenty-Eight Years a Slave, or The Story of My Life in Three Contin... (2 chunks)"
150,Traveling as a Fugitive Slave,21,"cassy, sojourner, tavern, hostess, thimble, tribute sar, night lodg, york shilling, road, travel",1836.0,1898.0,"Narrative of Sojourner Truth; a Bondswoman of Olden Time, Emancipat... (8 chunks); Narrative of Sojourner Truth, a Northern Slave, Emancipated from Bo... (4 chunks); The Slave: or Memoirs of Archy Moore. Vol. II (4 chunks)"
153,Grief and Mourning,21,"mrs lincoln, lincoln, mr lincoln, mrs, white house, willie, grief, president, miss, flower",1852.0,1897.0,"Behind the Scenes, or, Thirty years a Slave, and Four Years in the ... (9 chunks); Autobiography of a Female Slave (4 chunks); Aunt Dice: The Story of a Faithful Slave (1 chunks)"
158,Prejudice and Social Exclusion at West Point,20,"cadet, west point, west, prejudice, guard, color cadet, treatment, academy, report, officer",1878.0,1878.0,The Colored Cadet at West Point. Autobiography of Lieut. Henry Ossi... (20 chunks)
159,The Power of Positive Thinking and Redemption,20,"happiness, heaven, thou, dear, hell, self, joys, bles, happy, self love",1782.0,1910.0,"Letters of the Late Ignatius Sancho, An African. In Two Volumes. To... (3 chunks); The Rev. J. W. Loguen, as a Slave and as a Freeman. A Narrative of ... (3 chunks); Samuel Joseph May. Born in Boston, Massachusetts, September 12th, 1... (2 chunks)"
160,Christianity and American Politics,20,"christ king, alia pherson, son christ, pherson, pherson son, king lord, seal, richmond tuesday, tuesday th, king king",1835.0,1917.0,"A Short History of the Life of Christopher McPherson, Alias Pherson... (10 chunks); Frederick Douglass The Colored Orator (2 chunks); My Life and Work (2 chunks)"
161,Escape Attempts and Punishment,20,"gad, whip, eat, fetch, mr bass, umbrella, yard, frankee, rope, victual",1825.0,1918.0,"An Autobiography. Bond and Free: Or, Yearnings for Freedom, from My... (4 chunks); Life of William Grimes, the Runaway Slave, Brought Down to the Pres... (3 chunks); Life of William Grimes, the Runaway Slave. Written by Himself (3 chunks)"
162,Abolitionist Movement and American Politics,20,"abraham lincoln, abraham, republic, lincoln, american, principle, nation, union, ireland, government",1847.0,1917.0,"Life and Times of Frederick Douglass, Written by Himself. His Early... (6 chunks); Frederick Douglass The Orator. Containing an Account of His Life; H... (2 chunks); God's Image in Ebony: Being a Series of Biographical Sketches, Fact... (2 chunks)"
178,Fugitive Slave Act and Resistance,19,"prison, convict, ellen, boston, archer, contract, cary, ashmun, mr ashmun, craft",1826.0,1893.0,"Buried Alive (Behind Prison Walls) for a Quarter of a Century: Life... (4 chunks); Anthony Burns: A History (2 chunks); Life and Adventures of James Williams, a Fugitive Slave, with a Ful... (2 chunks)"
171,Imprisonment and Interrogation,19,"jail, prison, cell, gaol, iron, jailor, friend alabama, lock, bolt, alabama",1825.0,1892.0,"A Narrative of Events of the Life of J. H. Banks, an Escaped Slave,... (3 chunks); Life and Times of Frederick Douglass, Written by Himself. His Early... (2 chunks); My Bondage and My Freedom. Part I. Life as a Slave. Part II. Life a... (2 chunks)"
177,Whipping and Plantation Punishment,19,"overseer, hog, whip, mr lipscomb, lipscomb, burton, pallam, mr pallam, run away, pig",1825.0,1910.0,"A North-Side View of Slavery. The Refugee: or the Narratives of Fug... (3 chunks); The History of My Life and Work. Autobiography by Rev. M. L. Latta,... (2 chunks); The Kidnapped and the Ransomed. Recollections of Peter Still and Hi... (2 chunks)"
175,Toussaint Louverture's Conflict with French Authorities,19,"toussaint, leclerc, christophe, louverture, toussaint louverture, french, squadron, captaingeneral, domingo, cape",1811.0,1863.0,"Toussaint L'Ouverture: A Biography and Autobiography (9 chunks); The Life of Toussaint L'Ouverture, the Negro Patriot of Hayti: Comp... (8 chunks); A Tribute for the Negro: Being a Vindication of the Moral, Intellec... (1 chunks)"
174,African Royalty and Ceremonies,19,"king, cowry, tamegah, priest, mos, mayhou, jethro, mos fatherinlaw, festival, procession",1789.0,1880.0,"Memoirs of the Reign of Bossa Ahadee, King of Dahomy, an Inland Cou... (9 chunks); Biography of Mahommah G. Baquaqua, a Native of Zoogoo, in the Inter... (3 chunks); The Blind African Slave, or Memoirs of Boyrereau Brinch, Nick-named... (2 chunks)"
173,Whipping and Plantation Punishment,19,"lloyd, barney, old barney, col lloyd, horse, stable, col, slaveholder, ostler, wilk",1839.0,1929.0,"American Slavery As It Is: Testimony of a Thousand Witnesses (4 chunks); My Bondage and My Freedom. Part I. Life as a Slave. Part II. Life a... (4 chunks); Life and Times of Frederick Douglass, Written by Himself. His Early... (2 chunks)"
172,Surviving Enslavement,19,"jupe, jamie, wedge, jarm, nat, wildfire, giant, turk, wood, southampton",1810.0,1918.0,"A North-Side View of Slavery. The Refugee: or the Narratives of Fug... (3 chunks); Jamie Parker, the Fugitive (3 chunks); The Black Man: His Antecedents, His Genius, and His Achievements (2 chunks)"
176,African American Clergy and Intellectuals,19,"church, pastor, fergusson, dr derrick, author, derrick, rev, bishop, minister, episcopal",1848.0,1928.0,"Men of Mark: Eminent, Progressive and Rising (7 chunks); Autobiography of Bishop Isaac Lane, LL.D. with a Short History of t... (2 chunks); A Tribute for the Negro: Being a Vindication of the Moral, Intellec... (1 chunks)"
170,Abolitionist Influence and Freedom,19,"beecher, trade, george, seminary, lyman beecher, new bedford, kentucky, bedford, food, canada",1789.0,1907.0,"A North-Side View of Slavery. The Refugee: or the Narratives of Fug... (3 chunks); A True Tale of Slavery. From The Leisure Hour: A Family Journal of ... (1 chunks); An Autobiography of the Rev. Josiah Henson (""Uncle Tom""). From 1789... (1 chunks)"
168,Survival and Evasion in the Wilderness,19,"wood, cattle, dog, rebecka, pigs, barn, camp, kil, pine, oxen",1836.0,1929.0,"Fifty Years in Chains, or, The Life of an American Slave (2 chunks); The Life and Adventures of Zamba, an African Negro King; and His Ex... (2 chunks); The Slave: or Memoirs of Archy Moore. Vol. II (2 chunks)"
167,Effective Classroom Management,19,"teacher, verb, pupil, correctly, pronoun, lesson, class, division, participle, multiply",1913.0,1913.0,"Reminiscences of School Life, and Hints on Teaching (19 chunks)"
166,Leadership and Titles in Haitian Insurrection,19,"ois, fran ois, fran, biassou, jean fran, jean, toussaint, mulatto, jeannot, insurgent",1853.0,1881.0,"Toussaint L'Ouverture: A Biography and Autobiography (9 chunks); The Life of Toussaint L'Ouverture, the Negro Patriot of Hayti: Comp... (8 chunks); Life and Times of Frederick Douglass: His Early Life as a Slave, Hi... (1 chunks)"
163,Christianity and the Treatment of Enslaved People,19,"religion, irish, mr carleton, carleton, anna elizabeth, religious, anna, california, human, hudlun",1789.0,1926.0,"Autobiography of a Fugitive Negro: His Anti-Slavery Labours in the ... (2 chunks); God's Image in Ebony: Being a Series of Biographical Sketches, Fact... (2 chunks); Slavery in the United States: A Narrative of the Life and Adventure... (2 chunks)"
165,Horse Racing and Gambling,19,"sar, horse, cock, bet, burk, smith, cock fight, massa, rider, ju",1857.0,1892.0,"Fifty Years of Slavery in the United States of America (6 chunks); The Martyrs, and the Fugitive; or a Narrative of the Captivity, Suf... (4 chunks); Sketches of My Life in the South. Part I (3 chunks)"
164,Extradition of Fugitive Slaves in North America,19,"anderson, treaty, extradition, queen bench, court, fugitive slave, writ, canada, fugitive, court queen",1856.0,1863.0,"The Story of the Life of John Anderson, the Fugitive Slave (12 chunks); Anthony Burns: A History (7 chunks)"
169,Conversion to Christianity in Africa,19,"colony, missionary, native, cary, africa, liberia, governor, african, owen, stoffle",1835.0,1925.0,"A Tribute for the Negro: Being a Vindication of the Moral, Intellec... (7 chunks); Biography of Elder Lott Cary, Late Missionary to Africa. With an Ap... (3 chunks); A Narrative of the Negro (2 chunks)"
192,French Invasion and Haitian Revolt,18,"rochambeau, vengeance, punishment, ferrou, sea, portauprince, revolt, french, victim, dessaline",1848.0,1908.0,"The Life of Toussaint L'Ouverture, the Negro Patriot of Hayti: Comp... (9 chunks); Toussaint L'Ouverture: A Biography and Autobiography (7 chunks); A Tribute for the Negro: Being a Vindication of the Moral, Intellec... (1 chunks)"
190,Abolitionist Politics and the Vote,18,"suffrage, vote, convention, senator, senate, vote slave, constitution, amendment, measure, delegate",1845.0,1906.0,"Life and Times of Frederick Douglass: His Early Life as a Slave, Hi... (4 chunks); Men of Mark: Eminent, Progressive and Rising (3 chunks); The New Man: Twenty-Nine Years a Slave,Twenty-Nine Years a Free Man (2 chunks)"
191,Spiritual Seeking and Plantation Punishment,18,"pray, whip, night told, binney pennison, pennison, forgive, forgive master, happy, binney, going meet",1825.0,1885.0,"Experience and Personal Narrative of Uncle Tom Jones; Who Was for F... (4 chunks); The Experience of Rev. Thomas H. Jones, Who Was a Slave for Forty-T... (4 chunks); The Experience of Thomas H. Jones, who was a Slave for Forty-Three ... (4 chunks)"
196,Missionary Work and African Culture,18,"missionary, africa, miss, kafir, hughe, vashon, mission, institute, mr stewart, native",1837.0,1926.0,"Twenty-Eight Years a Slave, or The Story of My Life in Three Contin... (4 chunks); An Autobiography: The Story of the Lord's Dealings with Mrs. Amanda... (3 chunks); Bond and Free: A Tale of the South (2 chunks)"
193,Life on a Riverboat,18,"captain, fleet, boat, tawah, planter, ship, allensworth, officer, pilot, vessel",1835.0,1914.0,"Battles and Victories of Allen Allensworth, A. M., Ph. D., Lieutena... (3 chunks); Men of Mark: Eminent, Progressive and Rising (3 chunks); Slavery in the United States: A Narrative of the Life and Adventure... (3 chunks)"
194,Critique of Slavery and Social Hierarchy,18,"thou, waterford, hast, sorrow woe, philemon, mos roper, caulkin, obligation, roper, thou hast",1836.0,1872.0,"God's Image in Ebony: Being a Series of Biographical Sketches, Fact... (2 chunks); Narrative of Henry Watson, a Fugitive Slave (2 chunks); Narrative of the Adventures and Escape of Moses Roper, from America... (2 chunks)"
195,Whipping and Plantation Punishment,18,"whip, randall, uncle nelson, juno, lash, jim, mclean, female, nelson, overseer",1826.0,1911.0,American Slavery As It Is: Testimony of a Thousand Witnesses (3 chunks); Fifty Years of Slavery in the United States of America (2 chunks); Scenes in the Life of Harriet Tubman (2 chunks)
188,Tzatzoe's Life and Leadership,18,"tzatzoe, tribe, medina, native, odessa, missionary, tubbee, okah tubbee, okah, dr okah",1834.0,1892.0,"A Tribute for the Negro: Being a Vindication of the Moral, Intellec... (4 chunks); God's Image in Ebony: Being a Series of Biographical Sketches, Fact... (2 chunks); Sketches of the History, Character, and Dying Testimony, of Benefic... (2 chunks)"
189,Economic Struggles and Community Development,18,"washington, mr washington, terry, conference, community, education, mass, farmer, mortgage crop, crop",1849.0,1929.0,"Booker T. Washington, Builder of a Civilization (4 chunks); An Autobiography: The Story of My Life and Work (3 chunks); My Larger Education: Being Chapters from My Experience (2 chunks)"
185,Education and Career Advancement,18,"school, cromwell, mr cromwell, teacher, graduat, department, institute, secretary, washington, convention",1848.0,1913.0,"Men of Mark: Eminent, Progressive and Rising (8 chunks); Reminiscences of School Life, and Hints on Teaching (4 chunks); A Brief History of the Slave Life of Rev. L. R. Ferebee, and the Ba... (1 chunks)"
187,Racial Degradation and Loss of Civilization,18,"biddy mason, hudlun, angele, los angele, california, biddy, gipsy, mason, los, slocum",1847.0,1926.0,"Homespun Heroines and Other Women of Distinction (6 chunks); A Tribute for the Negro: Being a Vindication of the Moral, Intellec... (2 chunks); A Narrative of the Negro (1 chunks)"
186,Slavery and Christianity,18,"preacher, member, christianity, chattel, church, sabbath, religion, class, jamaica, slaveholder",1831.0,1887.0,"Pictures of Slavery in Church and State; Including Personal Reminis... (8 chunks); Poems by a Slave in the Island of Cuba, Recently Liberated; Transla... (2 chunks); A Narrative of Events of the Life of J. H. Banks, an Escaped Slave,... (1 chunks)"
184,Christian Faith and Morality,18,"mr wilk, goodness, wilk, heaven, christ, charity, faith, thou, earth, prophet",1810.0,1925.0,"The Life, Experience, and Gospel Labours of the Rt. Rev. Richard Al... (3 chunks); A Tribute for the Negro: Being a Vindication of the Moral, Intellec... (2 chunks); Autobiography, Sermons, Addresses, and Essays of Bishop L. H. Holse... (2 chunks)"
183,Racial Identity and Biblical Interpretation,18,"ham, fit die, wilk, riland, mr wilk, gehazi, naaman, race ham, mr frierson, jasper",1834.0,1914.0,"The Rev. J. W. Loguen, as a Slave and as a Freeman. A Narrative of ... (2 chunks); American Slavery As It Is: Testimony of a Thousand Witnesses (1 chunks); Anecdotes and Memoirs of William Boen, a Coloured Man, Who Lived an... (1 chunks)"
182,Free Black Men's Economic Success,18,"mr hunt, pierson, mr pierson, hunt, folger, mr folger, matthia, terry, stove, pierson mr",1835.0,1916.0,"Fanaticism; Its Source and Influence, Illustrated by the Simple Nar... (7 chunks); Men of Mark: Eminent, Progressive and Rising (4 chunks); Booker T. Washington, Builder of a Civilization (2 chunks)"
181,Pardons and Judicial Review,18,"prisoner, parole, court, burn, claimant, petitioner, dana, pardon, law, prison",1839.0,1892.0,"Anthony Burns: A History (7 chunks); Buried Alive (Behind Prison Walls) for a Quarter of a Century: Life... (4 chunks); Lunsford Lane; or, Another Helper from North Carolina (2 chunks)"
180,False Accusations and Unfair Trials,18,"murder, jury, murder degree, frank, prisoner, verdict, crime, lucy, murderer, trial",1797.0,1910.0,"Buried Alive (Behind Prison Walls) for a Quarter of a Century: Life... (3 chunks); Confession of John Joyce, Alias Davis, Who Was Executed on Monday, ... (3 chunks); The Address of Abraham Johnstone, a Black Man, Who Was Hanged at Wo... (3 chunks)"
179,Tobacco Sales and Plantation Economy,18,"tobacco, carr, owen, sell, plug, dimmock, mr smith, mr boylan, profit, boylan",1825.0,1929.0,"The Narrative of Lunsford Lane, Formerly of Raleigh, N.C. Embracing... (3 chunks); Lunsford Lane; or, Another Helper from North Carolina (2 chunks); Autobiography of Omar ibn Said, Slave in North Carolina, 1831. Ed. ... (1 chunks)"
211,European Landmarks and Estates,17,"prince, valley, lake, dundee, wale, scenery, dr dick, beautiful, mountain, badenbaden",1846.0,1922.0,"The Autobiography of Nicholas Said, A Native of Bournou, Eastern So... (4 chunks); The American Fugitive in Europe. Sketches of Places and People Abroad (3 chunks); Three Years in Europe: Or, Places I Have Seen and People I Have Met (3 chunks)"
212,Whipping and Plantation Punishment,17,"whip, overseer, stubb, mr stubb, randall, major thornton, thornton, benjamin, slave whip, colonel moore",1836.0,1891.0,"The White Slave; or, Memoirs of a Fugitive (3 chunks); American Slavery As It Is: Testimony of a Thousand Witnesses (2 chunks); The Slave: or Memoirs of Archy Moore. Vol. I (2 chunks)"
214,Forbidden Education and Punishment,17,"learn read, maus, maus oscar, oscar, auld, cucumber, eddie, sah, spell, miss hebe",1795.0,1914.0,"Battles and Victories of Allen Allensworth, A. M., Ph. D., Lieutena... (2 chunks); Frederick Douglass (2 chunks); Frederick Douglass The Colored Orator (2 chunks)"
210,Relationships between Slaves and Their Owners,17,"aunt dice, dice, aunt, riverside, trevor, mos, mos sam, john trevor, anne, sam",1857.0,1897.0,Aunt Dice: The Story of a Faithful Slave (14 chunks); Autobiography of a Female Slave (1 chunks); Bond and Free: A Tale of the South (1 chunks)
213,Racial Slurs and Racist Language,17,"nigger, miss jane, yer, miss, jane, polly, leeche, joyce, aunt polly, doctor",1808.0,1884.0,"Autobiography of a Female Slave (8 chunks); Narrative of Sojourner Truth; a Bondswoman of Olden Time, Emancipat... (2 chunks); Confession of John Joyce, Alias Davis, Who Was Executed on Monday, ... (1 chunks)"
208,Camp Meetings and Revivalism,17,"tent, camp meet, lord, camp, inskip, mrs, bles, pray, didnt, sister",1893.0,1926.0,"An Autobiography: The Story of the Lord's Dealings with Mrs. Amanda... (14 chunks); Twice Sold, Twice Ransomed: Autobiography of Mr. and Mrs. L. P. Ray (2 chunks); Life of Mary F. McCray: Born and Raised a Slave in the State of Ken... (1 chunks)"
215,Church Finances and Membership,17,"church, dollar, hundr dollar, bishop, conference, thousand dollar, chapel, cost thousand, member, churche",1859.0,1928.0,"Men of Mark: Eminent, Progressive and Rising (7 chunks); A Narrative of the Life of Rev. Noah Davis, a Colored Man. Written ... (2 chunks); Twenty-Eight Years a Slave, or The Story of My Life in Three Contin... (2 chunks)"
216,Escape from Slavery,17,"shaker, massah, zip, john, seth, ship, john anderson, anderson, rick, john glasgow",1826.0,1926.0,"A Lost Family Found; An Authentic Narrative of Cyrus Branch and His... (1 chunks); A Sketch of Henry Franklin and Family. (1 chunks); A Tribute for the Negro: Being a Vindication of the Moral, Intellec... (1 chunks)"
217,Establishing Sabbath Schools and Literacy,17,"sabbathschool, learn read, freeland, classleader, st michael, book, michael, study, mr freeland, school",1831.0,1916.0,"Biography of a Slave; Being the Experiences of Rev. Charles Thompso... (2 chunks); Life and Times of Frederick Douglass, Written by Himself. His Early... (2 chunks); Life and Times of Frederick Douglass: His Early Life as a Slave, Hi... (2 chunks)"
218,Escape from Slavery in North America,17,"henson, liberia, mr henson, peterson, josiah henson, george sturge, esq, mr peterson, continental church, england",1826.0,1909.0,"An Autobiography of the Rev. Josiah Henson (""Uncle Tom""). From 1789... (2 chunks); Narrative of Sojourner Truth; a Bondswoman of Olden Time, Emancipat... (2 chunks); Africa for Christ. Twenty-Eight Years a Slave (1 chunks)"
209,Escape from Slavery and Seeking Help,17,"grandmother, linda, mr sand, flint, dr flint, sand, benny, uncle, uncle phillip, betty",1857.0,1869.0,"Incidents in the Life of a Slave Girl. Written by Herself (15 chunks); Autobiography of Rev. Francis Frederick, of Virginia (1 chunks); Twenty-Two Years a Slave, and Forty Years a Freeman; Embracing a Co... (1 chunks)"
219,Plantation Management and Labor Disputes,17,"gin, engine, plant, gin plant, uncle scott, scott, seed, bond, mr dickerson, charley",1917.0,1917.0,From Slavery to Wealth. The Life of Scott Bond. The Rewards of Hone... (17 chunks)
207,Persecution by Authorities,17,"mission, ray, meeting, seattle, sister ray, lord, altar, worker, brother ray, kansa city",1863.0,1926.0,"Twice Sold, Twice Ransomed: Autobiography of Mr. and Mrs. L. P. Ray (14 chunks); Autobiography of Rev. Thomas W. Henry, of the A. M. E. Church (1 chunks); Elizabeth, a Colored Minister of the Gospel Born in Slavery (1 chunks)"
201,Escape from Slavery,17,"colonel, mr read, gaol, stubb, mr stubb, archy, colonel moore, tollerber, moore, gordon",1789.0,1889.0,"The Slave: or Memoirs of Archy Moore. Vol. I (3 chunks); The White Slave; or, Memoirs of a Fugitive (3 chunks); A Narrative of Events of the Life of J. H. Banks, an Escaped Slave,... (2 chunks)"
206,Education and the Role of Teachers in African American Communities,17,"school, tuskegee, teacher, education, oberlin, race, colour, general armstrong, student, class",1853.0,1926.0,Up from Slavery: An Autobiography (4 chunks); An Autobiography: The Story of My Life and Work (2 chunks); Frederick Douglass The Colored Orator (1 chunks)
198,Social Stratification and Racial Hierarchy,17,"class, sah, poor white, lodge, aristocracy, prince hall, population, mr ward, beaufort, ward",1837.0,1929.0,Pictures of Slavery in Church and State; Including Personal Reminis... (4 chunks); Autobiography of a Fugitive Negro: His Anti-Slavery Labours in the ... (2 chunks); Slavery in the United States: A Narrative of the Life and Adventure... (2 chunks)
199,Leaving Home for Education,17,"johnson, new bedford, vinell, bedford, mr vinell, nathan johnson, mr minge, pocketbook, mr johnson, minge",1847.0,1909.0,"Struggles for Freedom; or The Life of James Watkins, Formerly a Sla... (2 chunks); The American Fugitive in Europe. Sketches of Places and People Abroad (2 chunks); Autobiography of Rev. Thomas W. Henry, of the A. M. E. Church (1 chunks)"
200,John Jasper's Geocentric Views,17,"sun, jasper, earth, verse, john jasper, philosopher, mr jasper, revolve, sermon, sun earth",1852.0,1913.0,"The Life of Rev. John Jasper, Pastor of Sixth Mt. Zion Baptist Chur... (10 chunks); Men of Mark: Eminent, Progressive and Rising (3 chunks); John Jasper: The Unmatched Negro Philosopher and Preacher (2 chunks)"
197,Escape from Slavery and Plantation Punishment,17,"zip, iron, mr gooch, gooch, escape, mcoy, door, lock, pott, sandy",1836.0,1881.0,"A Narrative of the Adventures and Escape of Moses Roper, from Ameri... (1 chunks); A North-Side View of Slavery. The Refugee: or the Narratives of Fug... (1 chunks); American Slavery As It Is: Testimony of a Thousand Witnesses (1 chunks)"
202,Abolitionist Women's Influence on American Society,17,"antislavery, mott, abby kelley, fayerweather, abby, class american, sarah, deprecate, free state, mrs mott",1831.0,1926.0,"Life and Times of Frederick Douglass, Written by Himself. His Early... (3 chunks); American Slavery As It Is: Testimony of a Thousand Witnesses (2 chunks); Homespun Heroines and Other Women of Distinction (2 chunks)"
203,Whipping and Plantation Punishment,17,"whip, eat, ensor, mornin, glassel, corn, jourdine, escap, mr stubb, stubb",1825.0,1918.0,"Chains and Freedom: Or, The Life and Adventures of Peter Wheeler, a... (2 chunks); Narratives of the Sufferings of Lewis and Milton Clarke, Sons of a ... (2 chunks); A North-Side View of Slavery. The Refugee: or the Narratives of Fug... (1 chunks)"
204,Plantation Life and Social Hierarchy,17,"mingo, mr ward, spriggin, break leg, mcarter, mr burkit, burkit, gentleman, horse, leg",1798.0,1929.0,"Life of William Grimes, the Runaway Slave, Brought Down to the Pres... (3 chunks); Life of William Grimes, the Runaway Slave. Written by Himself (2 chunks); The Life of Rev. Robert Anderson. Born the 22d Day of February, in ... (2 chunks)"
205,Education and Personal Development,17,"school, kent, tuskegee, henson, kent ontario, dollar, ontario, colonial continental, dalton, berea",1863.0,1929.0,"Up from Slavery: An Autobiography (4 chunks); An Autobiography: The Story of My Life and Work (2 chunks); Twenty-Eight Years a Slave, or The Story of My Life in Three Contin... (2 chunks)"
230,"Schooner, Montez, Amistad, Pedro Montez",16,"schooner, montez, amistad, pedro montez, pedro, vessel, captain, steer, ruiz, havana",1789.0,1887.0,"A History of the Amistad Captives: Being a Circumstantial Account o... (6 chunks); American Slavery As It Is: Testimony of a Thousand Witnesses (1 chunks); Chains and Freedom: Or, The Life and Adventures of Peter Wheeler, a... (1 chunks)"
240,Desire for Revenge Against Masters,16,"amos, master amos, axe, commit murder, wretch, murder, kill, shorten, murderer usually, contrive circumstance",1829.0,1881.0,"An Autobiography of the Rev. Josiah Henson (""Uncle Tom""). From 1789... (2 chunks); Josiah: The Maimed Fugitive. A True Tale (2 chunks); The Life of Josiah Henson, Formerly a Slave, Now an Inhabitant of C... (2 chunks)"
239,Traveling and Encounters on the Road,16,"horse, listwell, rasp, mr ward, ward, constable, loafer, guinea, master richard, rode",1790.0,1929.0,"An Autobiography. Bond and Free: Or, Yearnings for Freedom, from My... (2 chunks); Sketches of the Life of Joseph Mountain, a Negro, Who Was Executed ... (2 chunks); A Narrative of Thomas Smallwood, (Coloured Man:) Giving an Account ... (1 chunks)"
238,Strangers and Travelers,16,"johnny, miss nancy, nancy, noaccount johnny, aaron, noaccount, sarah, miss, henry, mrs whitlock",1826.0,1893.0,Autobiography of a Female Slave (4 chunks); A History of the Amistad Captives: Being a Circumstantial Account o... (1 chunks); An Autobiography: The Story of the Lord's Dealings with Mrs. Amanda... (1 chunks)
237,Slave Trading and Auctions,16,"mr walker, walker, mr broadwell, broadwell, new orlean, orlean, bought, merchant, lewis, warehouse",1789.0,1914.0,"Narrative of William W. Brown, an American Slave. Written by Himself (3 chunks); Narrative of William W. Brown, a Fugitive Slave. Written by Himself (2 chunks); The Interesting Narrative of the Life of Olaudah Equiano, or Gustav... (2 chunks)"
236,Economic Impact of Slavery and Emancipation,16,"virginia, population, estimate, shade white, slave population, market, increase, shade, price, annually",1789.0,1880.0,American Slavery As It Is: Testimony of a Thousand Witnesses (7 chunks); Horrors of the Virginian Slave Trade and of the Slave-Rearing Plant... (2 chunks); A Brief Miscellaneous Narrative of the More Early Part of the Life ... (1 chunks)
235,Loss of Family and Caregivers,16,"grandmother, flint, nancy, dr flint, mistress, linda, grave, mrs flint, uncle phillip, bury",1857.0,1906.0,Incidents in the Life of a Slave Girl. Written by Herself (9 chunks); A Slave Girl's Story. Being an Autobiography of Kate Drumgoold (1 chunks); Autobiography of a Female Slave (1 chunks)
234,Obtaining Passes and Avoiding Punishment,16,"kerr, tom, pass, girl, patrol, sell, lawyer, millspaugh, sister, miss kerr",1837.0,1897.0,"Narrative of Dimmock Charlton, a British Subject, Taken from the Br... (2 chunks); A Narrative of Events of the Life of J. H. Banks, an Escaped Slave,... (1 chunks); Anthony Burns: A History (1 chunks)"
233,Illiteracy and Spiritual Ignorance,16,"tom, teach, bible, bless lord, lord soul, father son, psalm, lord, anybody teach, learn anybody",1811.0,1909.0,"An Autobiography of the Rev. Josiah Henson (""Uncle Tom""). From 1789... (2 chunks); The Life and Adventures of Zamba, an African Negro King; and His Ex... (2 chunks); The Life, History, and Unparalleled Sufferings of John Jea, the Afr... (2 chunks)"
231,Faith and Redemption in Slavery,16,"quamino, standard, jesus, provide, saviour, law, spiritual, principle, sin, duty parent",1810.0,1922.0,"The Life and Adventures of Zamba, an African Negro King; and His Ex... (3 chunks); A Brief Account of the Life, Experience, Travels, and Gospel Labour... (1 chunks); A Brief Miscellaneous Narrative of the More Early Part of the Life ... (1 chunks)"
232,Whipping and Plantation Punishment,16,"beggar, mayoral, peseta, ingenio, mistress, beggar man, dinkie, dat, marfa, miss marfa",1825.0,1894.0,"Poems by a Slave in the Island of Cuba, Recently Liberated; Transla... (4 chunks); My Southern Home: or, The South and Its People (2 chunks); Slave Life in Virginia and Kentucky; or, Fifty Years of Slavery in ... (2 chunks)"
229,Education and Racial Barriers in Schools,16,"school, bettis, teacher, student, academy, professor day, professor, dr delaney, nicholson, new york",1854.0,1916.0,"Men of Mark: Eminent, Progressive and Rising (5 chunks); Autobiography of a Fugitive Negro: His Anti-Slavery Labours in the ... (3 chunks); Brief Sketch of the Life and Labors of Rev. Alexander Bettis. Also ... (2 chunks)"
228,Whipping and Plantation Punishment,16,"mr lovejoy, mpherson, lovejoy, mr sawyer, sawyer, st louis, flog, louis, captain minner, minner",1837.0,1901.0,"Uncle Tom's Companions: Or, Facts Stranger Than Fiction. A Suppleme... (3 chunks); A North-Side View of Slavery. The Refugee: or the Narratives of Fug... (1 chunks); An Autobiography: The Story of My Life and Work (1 chunks)"
227,Theatrical Performances in London,16,"cheapside, prince, matthia, king, othello, england, desdemona, pierson, chelsea, billdistributor",1815.0,1916.0,"The American Fugitive in Europe. Sketches of Places and People Abroad (2 chunks); Africa for Christ. Twenty-Eight Years a Slave (1 chunks); An Autobiography of the Rev. Josiah Henson (""Uncle Tom""). From 1789... (1 chunks)"
226,Racism and Prejudice in America,16,"colour, prejudice, american, mr brown, par, america, banneker, sed, dat, rapidly",1834.0,1914.0,"Autobiography of a Fugitive Negro: His Anti-Slavery Labours in the ... (3 chunks); My Southern Home: or, The South and Its People (2 chunks); Three Years in Europe: Or, Places I Have Seen and People I Have Met (2 chunks)"
225,Life at Sea and Quarantine,16,"captain, shore, metcalf, boat, foot touch, man nature, captain metcalf, joanna, ashore, youre",1838.0,1902.0,"A Sketch of the Life of Okah Tubbee, (Called) William Chubbee, Son ... (2 chunks); An Autobiography: The Story of the Lord's Dealings with Mrs. Amanda... (2 chunks); Biography of Mahommah G. Baquaqua, a Native of Zoogoo, in the Inter... (2 chunks)"
224,Desire for Education,16,"book, spellingbook, learn read, store, boy, alphabet, white boy, spel, syllable, try learn",1826.0,1914.0,"The Experience of Thomas H. Jones, who was a Slave for Forty-Three ... (3 chunks); Experience and Personal Narrative of Uncle Tom Jones; Who Was for F... (2 chunks); The Experience of Rev. Thomas H. Jones, Who Was a Slave for Forty-T... (2 chunks)"
223,Encounters with Hunting Dogs,16,"dog, hound, dogs, mr martin, swamp, animal, martin, deer, thoma, tree",1836.0,1901.0,Pictures of Slavery in Church and State; Including Personal Reminis... (2 chunks); The Slave: or Memoirs of Archy Moore. Vol. II (2 chunks); Buried Alive (Behind Prison Walls) for a Quarter of a Century: Life... (1 chunks)
222,Christianity and Slavery,16,"preach, ben, gospel, preacher, lacy, poor slave, peggie, overseer, worship, whip",1811.0,1913.0,"From Slave Cabin to the Pulpit. The Autobiography of Rev. Peter Ran... (3 chunks); The Life, History, and Unparalleled Sufferings of John Jea, the Afr... (3 chunks); Biography of a Slave; Being the Experiences of Rev. Charles Thompso... (2 chunks)"
221,Confrontation with Slave Catchers,16,"henry, eagan, henry john, dodger, jail, constable, maam, archer, cross hand, pistol",1836.0,1906.0,"Bond and Free: A Tale of the South (2 chunks); John and Mary; or, The Fugitive Slaves, a Tale of South-Eastern Pen... (2 chunks); Life and Times of Frederick Douglass: His Early Life as a Slave, Hi... (2 chunks)"
220,Encounters with Abolitionists and Free Blacks,16,"philo, mrs keister, keister, eat, run away, charley, quaker, brown, cato, mrs price",1832.0,1929.0,"Narrative of William W. Brown, a Fugitive Slave. Written by Himself (2 chunks); Narrative of William W. Brown, an American Slave. Written by Himself (2 chunks); Uncle Tom's Companions: Or, Facts Stranger Than Fiction. A Suppleme... (2 chunks)"
262,Racial Progress and White Allies,15,"haliburton, race, moton, major moton, judge haliburton, colour, elliott, university, white people, color people",1852.0,1924.0,"Men of Mark: Eminent, Progressive and Rising (3 chunks); My Larger Education: Being Chapters from My Experience (3 chunks); The History of My Life and Work. Autobiography by Rev. M. L. Latta,... (2 chunks)"
257,Older Female Slaves and Community,15,"dey, mrs benson, judy, dat, maria, ole, benson, den, chilen, jessie",1826.0,1913.0,"A True Story, Repeated Word for Word As I Heard It. From The Atlant... (2 chunks); Life and Opinions of Julius Melbourn; with Sketches of the Lives an... (2 chunks); Aunt Judy's Story: A Tale From Real Life. Written for the Pennsylva... (1 chunks)"
258,Life on Plantation with Master Edmondson,15,"johnston, mr edmondson, edmondson, jimmie, abram, miller, old yank, kitchen, yank, mule",1837.0,1929.0,"Fifty Years in Chains, or, The Life of an American Slave (2 chunks); Autobiography of James L. Smith, Including, Also, Reminiscences of ... (1 chunks); Biography of a Slave; Being the Experiences of Rev. Charles Thompso... (1 chunks)"
259,Separation from Family and the Emotional Toll of Slavery,15,"stowe, st michael, mrs stowe, michael, brother eldest, baltimore, home canada, mistress brother, son, canada",1797.0,1908.0,"Narrative of William Hayden, Containing a Faithful Account of His T... (2 chunks); An Autobiography of the Rev. Josiah Henson (""Uncle Tom""). From 1789... (1 chunks); An Autobiography. Bond and Free: Or, Yearnings for Freedom, from My... (1 chunks)"
260,False Accusations of Forgery and Theft,15,"mcnellis, attorney, mortgage, mr fussell, fussell, red, republican, paid attorney, ray, morgan",1825.0,1917.0,"Book for the People! To Be Read by All Voters, Black and White, wit... (7 chunks); From Slavery to Wealth. The Life of Scott Bond. The Rewards of Hone... (2 chunks); A Brief History of the Slave Life of Rev. L. R. Ferebee, and the Ba... (1 chunks)"
261,Chasing and Capture by Slave Catchers,15,"horse, beg kill, chaise, rail, gooch, mr gooch, wood, road, neck, ran",1837.0,1929.0,"A Narrative of the Adventures and Escape of Moses Roper, from Ameri... (1 chunks); A North-Side View of Slavery. The Refugee: or the Narratives of Fug... (1 chunks); An Autobiography. Bond and Free: Or, Yearnings for Freedom, from My... (1 chunks)"
267,Economic Inequality and Limited Opportunities,15,"raleigh, richmond, dollar, teacher, bank, producer wealth, producer, school, enterpris, young men",1846.0,1917.0,"The History of My Life and Work. Autobiography by Rev. M. L. Latta,... (2 chunks); The New Man: Twenty-Nine Years a Slave,Twenty-Nine Years a Free Man (2 chunks); What Experience Has Taught Me: An Autobiography of Thomas William B... (2 chunks)"
263,Slaveholder's Obligations to Provide Holiday Time,15,"holiday, dey gib, dur holiday, gib, slaveholder, holiday serve, dey, slave forc, spirit insurrection, slaveholder spirit",1836.0,1892.0,"American Slavery As It Is: Testimony of a Thousand Witnesses (3 chunks); Narrative of Sojourner Truth; a Bondswoman of Olden Time, Emancipat... (2 chunks); Twelve Years a Slave: Narrative of Solomon Northup, a Citizen of Ne... (2 chunks)"
264,The Importance of Perseverance and Collective Action in Achieving Racial Equality,15,"equality, convention, hezekiah grice, american, abraham lincoln, hezekiah, cheer, lincoln, social, grice",1847.0,1914.0,"Life and Times of Frederick Douglass, Written by Himself. His Early... (4 chunks); The Colored Patriots of the American Revolution: With Sketches of S... (4 chunks); Frederick Douglass The Orator. Containing an Account of His Life; H... (2 chunks)"
265,Plantation Punishment and Escape,15,"wood, ensor, gorsuch, dogs, bloodhound, covey, iron, travel, dry, road",1789.0,1875.0,"Struggles for Freedom; or The Life of James Watkins, Formerly a Sla... (3 chunks); Slavery in the United States: A Narrative of the Life and Adventure... (2 chunks); A Narrative of the Adventures and Escape of Moses Roper, from Ameri... (1 chunks)"
266,Escape from Slavery,15,"mr freeland, freeland, jarm, barn, mr hamilton, lane gate, hamilton, horse, sandy, tie",1845.0,1901.0,"The Rev. J. W. Loguen, as a Slave and as a Freeman. A Narrative of ... (3 chunks); An Autobiography. Bond and Free: Or, Yearnings for Freedom, from My... (2 chunks); Jamie Parker, the Fugitive (2 chunks)"
255,Life on a Slave Vessel,15,"deck, cingue, montez, ruiz, captain, vessel, senor, cutter, slaver, grabeau",1840.0,1894.0,"A History of the Amistad Captives: Being a Circumstantial Account o... (5 chunks); Anthony Burns: A History (1 chunks); Biography of Mahommah G. Baquaqua, a Native of Zoogoo, in the Inter... (1 chunks)"
268,Church Leadership and Conflict,15,"preach, brother ward, preacher, bishop, denver, lady, ward, lord, oclock, church",1861.0,1912.0,"Autobiography and Work of Bishop M. F. Jamison, D.D. (""Uncle Joe"") ... (3 chunks); The History of My Life and Work. Autobiography by Rev. M. L. Latta,... (3 chunks); An Autobiography: The Story of the Lord's Dealings with Mrs. Amanda... (2 chunks)"
256,Maternal Love and Separation,15,"sear, cassy, st john, mrs wheatley, wheatley, marriage, mr sear, moore, daughter, colonel moore",1836.0,1926.0,"The White Slave; or, Memoirs of a Fugitive (4 chunks); Autobiography of a Female Slave (1 chunks); Behind the Scenes, or, Thirty years a Slave, and Four Years in the ... (1 chunks)"
245,"Exodus, Emigrate, Rochester, Antislavery",15,"exodus, emigrate, rochester, antislavery, peace, color people, nation, unit state, north, slaveholder",1810.0,1906.0,"Frederick Douglass The Colored Orator (3 chunks); Life and Times of Frederick Douglass, Written by Himself. His Early... (3 chunks); A Narrative of Thomas Smallwood, (Coloured Man:) Giving an Account ... (2 chunks)"
254,Confrontations with Authority and Betrayal,15,"cullen, captain, captain cullen, battle, captain brown, mcknight, hoyt, hotel, general washington, war",1789.0,1911.0,"The Colored Patriots of the American Revolution: With Sketches of S... (4 chunks); John and Mary; or, The Fugitive Slaves, a Tale of South-Eastern Pen... (2 chunks); The Rev. J. W. Loguen, as a Slave and as a Freeman. A Narrative of ... (2 chunks)"
247,Escaping Slavery,15,"parson, badger answer, badger, lewis, canaan, mr munger, munger, wood, lawrence, upson",1856.0,1910.0,"Life of James Mars, A Slave Born and Sold in Connecticut. Written b... (5 chunks); Life of James Mars, a Slave Born and Sold in Connecticut. Written b... (5 chunks); A North-Side View of Slavery. The Refugee: or the Narratives of Fug... (1 chunks)"
241,Confronting Public Opinion and Slavery,15,"harriet, isabel, girl, lloyd, mr nottingham, opinion, davenport, nottingham, bone, public opinion",1845.0,1898.0,"Jamie Parker, the Fugitive (2 chunks); A Slave Girl's Story. Being an Autobiography of Kate Drumgoold (1 chunks); Autobiography of a Female Slave (1 chunks)"
253,Forced Separation from Family,15,"proctor, mr proctor, cassy, goodwin, joanna, peterkin, jarm, pepul, mr stubb, mr goodwin",1836.0,1891.0,"The White Slave; or, Memoirs of a Fugitive (3 chunks); Narrative of Joanna; An Emancipated Slave, of Surinam. (From Stedma... (2 chunks); Autobiography of a Female Slave (1 chunks)"
243,Peanut-Based Food and Products,15,"peanut, butter, add, potato, flour, boil, cream, bake, sweet potato, sugar",1929.0,1929.0,From Captivity to Fame or The Life of George Washington Carver (15 chunks)
244,Government Responsibility for Freedmen,15,"freedmen, fortyfourth, contraband, government, fortythird, congress, employ, report, fortyfourth congress, fre",1841.0,1918.0,"Lunsford Lane; or, Another Helper from North Carolina (3 chunks); A Narrative of the Negro (2 chunks); A Slave's Adventures Toward Freedom. Not Fiction, but the True Stor... (1 chunks)"
246,Treatment of Millie Christine by Railroad Companies,15,"millie, christine, millie christine, twohead, christine millie, pancoast, dual, ticket, medical, dual woman",1902.0,1902.0,"Biographical Sketch of Millie Christine, the Carolina Twin, Surname... (13 chunks); The History of the Carolina Twins: Told in ""Their Own Peculiar Way""... (2 chunks)"
242,The Nature of Slavery and Its Morality,15,"que, las, property, casa, las casa, law, por, slaveholder, evil, la",1838.0,1912.0,"Autobiography of a Female Slave (2 chunks); My Bondage and My Freedom. Part I. Life as a Slave. Part II. Life a... (2 chunks); Poems by a Slave in the Island of Cuba, Recently Liberated; Transla... (2 chunks)"
248,Mob Violence and Lynching,15,"gorsuch, kline, pinckney, mr gorsuch, wound, fir, kidnapper, steven, thompson, hanway",1831.0,1873.0,The Freedman's Story: In Two Parts (6 chunks); A Colored Man's Reminiscences of James Madison (1 chunks); A Thrilling Narrative from the Lips of the Sufferers of the Late De... (1 chunks)
249,Overcoming Slavery through Education,15,"tuckahoe, race, history, carver, ris son, dr brown, major berry, douglass, picanniny, book",1854.0,1929.0,"God's Image in Ebony: Being a Series of Biographical Sketches, Fact... (2 chunks); Life and Times of Frederick Douglass: His Early Life as a Slave, Hi... (2 chunks); Battles and Victories of Allen Allensworth, A. M., Ph. D., Lieutena... (1 chunks)"
250,Navigating Racial Prejudice and Securing Support,15,"problem, solve, negro problem, race, institution, colour, negro race, solve negro, school, tuskegee",1855.0,1911.0,"My Larger Education: Being Chapters from My Experience (7 chunks); The History of My Life and Work. Autobiography by Rev. M. L. Latta,... (4 chunks); Up from Slavery: An Autobiography (3 chunks)"
251,False Accusations and Torture,15,"hardy, brown, police, weaver, leah, mr weaver, madison, district attorney, lewis, blanchard",1789.0,1910.0,"Trials and Confessions of Madison Henderson, Alias Blanchard, Alfre... (7 chunks); Fifty Years in Chains, or, The Life of an American Slave (3 chunks); Slavery in the United States: A Narrative of the Life and Adventure... (3 chunks)"
252,False Accusations and Trials,15,"welday, freudenberger, squire, lewis, vell, young welday, mr freudenberger, alexander, john alexander, witness",1790.0,1908.0,"Memoirs of Samuel Spottford Clement Relating Interesting Experience... (3 chunks); Life and Adventures of James Williams, a Fugitive Slave, with a Ful... (2 chunks); Trials and Confessions of Madison Henderson, Alias Blanchard, Alfre... (2 chunks)"
287,The Morality of Slavery and Human Rights,14,"oath, perjury, truth, crime, human, louverture, guilty, sacr, bonaparte, lies",1797.0,1906.0,"The Address of Abraham Johnstone, a Black Man, Who Was Hanged at Wo... (4 chunks); A Tribute for the Negro: Being a Vindication of the Moral, Intellec... (3 chunks); American Slavery As It Is: Testimony of a Thousand Witnesses (1 chunks)"
283,Official Documentation and Testimony,14,"seal, whereof, northup, testimony whereof, court, certificate, affix, certify, aforesaid, executor",1828.0,1906.0,"From Slave Cabin to the Pulpit. The Autobiography of Rev. Peter Ran... (2 chunks); Twelve Years a Slave: Narrative of Solomon Northup, a Citizen of Ne... (2 chunks); A Statement with Regard to the Moorish Prince, Abduhl Rahhahman (1 chunks)"
284,French Colonial Politics and Slavery,14,"toussaint, france, tutor, agent, domingo, dismissal, french, directory, colony, ask dismissal",1826.0,1878.0,"The Life of Toussaint L'Ouverture, the Negro Patriot of Hayti: Comp... (4 chunks); Toussaint L'Ouverture: A Biography and Autobiography (3 chunks); Biographical Sketches and Interesting Anecdotes of Persons of Colou... (2 chunks)"
285,Participation in Republican and Democratic Conventions,14,"party, crawford, convention, republican, democratic party, mr crawford, democratic, republican party, procession, buren",1847.0,1914.0,"Life and Times of Frederick Douglass, Written by Himself. His Early... (5 chunks); Life and Opinions of Julius Melbourn; with Sketches of the Lives an... (3 chunks); Frederick Douglass (2 chunks)"
286,Medical Education and Professionalization,14,"physician, medical, medicine, patient, dr, texa, houston, tolton, county texa, science",1855.0,1911.0,"Men of Mark: Eminent, Progressive and Rising (5 chunks); What Experience Has Taught Me: An Autobiography of Thomas William B... (5 chunks); My Larger Education: Being Chapters from My Experience (1 chunks)"
290,Church Governance and Membership,14,"sec, church, member, pastor, sec member, baptist, council, deacon, churche, fellowship",1833.0,1901.0,"Pastor Henry N. Jeter's Twenty-five Years Experience with the Shilo... (9 chunks); The Life of Rev. John Jasper, Pastor of Sixth Mt. Zion Baptist Chur... (3 chunks); The Life, Experience, and Gospel Labours of the Rt. Rev. Richard Al... (2 chunks)"
288,"Chatham, Colour, Settlement, Mccormick",14,"chatham, colour, settlement, mccormick, settler, colour people, canada, town, advantage, sarah",1851.0,1926.0,"Autobiography of a Fugitive Negro: His Anti-Slavery Labours in the ... (5 chunks); A Narrative of Thomas Smallwood, (Coloured Man:) Giving an Account ... (1 chunks); A North-Side View of Slavery. The Refugee: or the Narratives of Fug... (1 chunks)"
289,Gratitude and Support from Friends,14,"mr spurgeon, spurgeon, hawkin, brentford, college, elder warren, kindness, bles, thank god, piggin",1839.0,1980.0,"From Slavery to a Bishopric, or, The Life of Bishop Walter Hawkins ... (2 chunks); Twenty-Two Years a Slave, and Forty Years a Freeman; Embracing a Co... (2 chunks); A Slave Girl's Story. Being an Autobiography of Kate Drumgoold (1 chunks)"
281,Whipping and Plantation Punishment,14,"master hugh, hugh, shipyard, gardiner, carpenter, kill nigger, mr gardner, kill, fred, gardner",1845.0,1918.0,"Life and Times of Frederick Douglass: His Early Life as a Slave, Hi... (3 chunks); My Bondage and My Freedom. Part I. Life as a Slave. Part II. Life a... (3 chunks); Life and Times of Frederick Douglass, Written by Himself. His Early... (2 chunks)"
291,"Kinsley, London, Pie, Wale",14,"kinsley, london, pie, wale, africa, caernarvon, bangor, waiter, europe, welsh",1853.0,1929.0,Autobiography of a Fugitive Negro: His Anti-Slavery Labours in the ... (2 chunks); My Larger Education: Being Chapters from My Experience (2 chunks); The American Fugitive in Europe. Sketches of Places and People Abroad (2 chunks)
292,Resisting Slavery,14,"jim, sar, knowls jim, knowls, jarm, tommy, nichol, babe, manager, resist",1831.0,1892.0,"Buried Alive (Behind Prison Walls) for a Quarter of a Century: Life... (2 chunks); My Bondage and My Freedom. Part I. Life as a Slave. Part II. Life a... (2 chunks); The Martyrs, and the Fugitive; or a Narrative of the Captivity, Suf... (2 chunks)"
282,Dr. George Washington Carver's Work at Tuskegee,14,"carver, dr carver, peanut, dr, product, sweet potato, potato, scientific, tuskegee, peanut sweet",1929.0,1929.0,From Captivity to Fame or The Life of George Washington Carver (14 chunks)
273,Critique of Slavery and Southern Culture,14,"tater, aggs, mrs stowe, stowe, tromp, van tromp, mr bird, uncle tom, nature, yer time",1845.0,1880.0,"Uncle Tom's Companions: Or, Facts Stranger Than Fiction. A Suppleme... (5 chunks); My Bondage and My Freedom. Part I. Life as a Slave. Part II. Life a... (1 chunks); My Southern Home: or, The South and Its People (1 chunks)"
280,Racism and Segregation in Public Spaces,14,"allow nigger, dont allow, nigger, seat, table, state meet, dont, skin, told dont, admission",1853.0,1895.0,"Frederick Douglass The Colored Orator (3 chunks); Life and Times of Frederick Douglass: His Early Life as a Slave, Hi... (3 chunks); My Bondage and My Freedom. Part I. Life as a Slave. Part II. Life a... (3 chunks)"
278,Life on Plantations and in Cities,14,"jimmie, garlick, mr louis, mr garlick, regiment, gatewood, san francisco, francisco, savannah, winter",1789.0,1911.0,A North-Side View of Slavery. The Refugee: or the Narratives of Fug... (1 chunks); Biography of a Slave; Being the Experiences of Rev. Charles Thompso... (1 chunks); Incidents in the Life of a Slave Girl. Written by Herself (1 chunks)
277,Faith and Community,14,"holy, mr pendleton, nearer thee, nearer, mr jefferson, pendleton, thee nearer, toussaint, thee, nearer god",1810.0,1929.0,"Samuel Joseph May. Born in Boston, Massachusetts, September 12th, 1... (2 chunks); A Slave Girl's Story. Being an Autobiography of Kate Drumgoold (1 chunks); Before the War, and After the Union. An Autobiography (1 chunks)"
276,"Camel, Lion, Beast, Tree",14,"camel, lion, beast, tree, water, herbage, animal, grass, roar, growl",1837.0,1892.0,"Slavery in the United States: A Narrative of the Life and Adventure... (7 chunks); The Life and Adventures of Zamba, an African Negro King; and His Ex... (3 chunks); Incidents Connected with the Life of Selim Aga, a Native of Central... (1 chunks)"
275,Forced Marriage and Plantation Control,14,"yo, missis, fanny, hannah, cato, jerry, dat, ef, nt, massa",1863.0,1894.0,"The Story of a Slave. A Realistic Revelation of a Social Relation o... (6 chunks); Slave Life in Virginia and Kentucky; or, Fifty Years of Slavery in ... (3 chunks); My Southern Home: or, The South and Its People (2 chunks)"
274,Music and Personal Expression,14,"music, musical, guitar, trotter, composer, musician, holland, mr trotter, cleveland, instrument",1865.0,1912.0,"Men of Mark: Eminent, Progressive and Rising (10 chunks); A Narrative of the Negro (1 chunks); A Sketch of the Life of Thomas Greene Bethune (Blind Tom) (1 chunks)"
269,The Virtues and Flaws of a Strong-Willed Woman,14,"miss baldwin, baldwin, chloe, mossell, india, joseph, conway, desirable, forrester, gift",1826.0,1926.0,"Memoir of Mrs. Chloe Spear, a Native of Africa, Who was Enslaved in... (4 chunks); Homespun Heroines and Other Women of Distinction (3 chunks); An Autobiography: The Story of the Lord's Dealings with Mrs. Amanda... (2 chunks)"
272,Whipping and Plantation Punishment,14,"roll, overseer, pays com, mr warner, major thornton, day child, foreman, mr carleton, carleton, com day",1836.0,1909.0,The Slave: or Memoirs of Archy Moore. Vol. I (3 chunks); The Kidnapped and the Ransomed. Recollections of Peter Still and Hi... (2 chunks); A North-Side View of Slavery. The Refugee: or the Narratives of Fug... (1 chunks)
271,Faith and Spiritual Resilience,14,"pray, ray, mission, lord, sister, ta, etau, sister ray, sing, mr richardson",1892.0,1926.0,"Twice Sold, Twice Ransomed: Autobiography of Mr. and Mrs. L. P. Ray (5 chunks); An Autobiography: The Story of the Lord's Dealings with Mrs. Amanda... (4 chunks); Twenty-Eight Years a Slave, or The Story of My Life in Three Contin... (2 chunks)"
270,"Lord, Pray, Sterret, Miss Celie",14,"lord, pray, sterret, miss celie, celie, lord believe, new castle, mrs ryther, ryther, praise lord",1872.0,1926.0,"An Autobiography: The Story of the Lord's Dealings with Mrs. Amanda... (6 chunks); Twice Sold, Twice Ransomed: Autobiography of Mr. and Mrs. L. P. Ray (5 chunks); Autobiography of Rev. Thomas W. Henry, of the A. M. E. Church (1 chunks)"
279,Lynching and Mob Violence in the South,14,"lynch, crime, rape, person lynch, lynching, cas, mob, mormon, southern, southern state",1839.0,1917.0,"An Autobiography: The Story of My Life and Work (3 chunks); The History of My Life and Work. Autobiography by Rev. M. L. Latta,... (3 chunks); American Slavery As It Is: Testimony of a Thousand Witnesses (2 chunks)"
312,Whipping and Plantation Punishment,13,"heddy, whip, barn, cooper, wallace, scow, mr tucker, clothe, mfie, peter",1798.0,1912.0,"Negro Slavery Described by a Negro: Being the Narrative of Ashton W... (3 chunks); A Narrative of the Life and Adventures of Venture, a Native of Afri... (2 chunks); Chains and Freedom: Or, The Life and Adventures of Peter Wheeler, a... (2 chunks)"
307,Christian Leadership and Community Development,13,"farley, mr farley, mr davis, davis, conference, operator, gallery, sow, ideal, debaptiste",1849.0,1924.0,"Men of Mark: Eminent, Progressive and Rising (3 chunks); The African Preacher. An Authentic Narrative (2 chunks); A Brief Miscellaneous Narrative of the More Early Part of the Life ... (1 chunks)"
308,Encounters with Sympathetic White Women,13,"cleaveland, lincoln, mrs lincoln, cassy, hester cook, mr gordon, gordon, hester, st denis, denis",1808.0,1885.0,"Behind the Scenes, or, Thirty years a Slave, and Four Years in the ... (2 chunks); Trials and Confessions of Madison Henderson, Alias Blanchard, Alfre... (2 chunks); An Autobiography. Bond and Free: Or, Yearnings for Freedom, from My... (1 chunks)"
310,Whipping and Plantation Punishment,13,"cobb, mr cobb, note, did steal, steal meat, benton, lashe, flog, whip, jail",1841.0,1918.0,"A Slave's Adventures Toward Freedom. Not Fiction, but the True Stor... (2 chunks); Narrative of the Life of J. D. Green, a Runaway Slave, from Kentuck... (2 chunks); A North-Side View of Slavery. The Refugee: or the Narratives of Fug... (1 chunks)"
311,"Journey, Time Promis, Ohio, Start",13,"journey, time promis, ohio, start, kentuckian, large party, travel, kentucky way, journey kentucky, occurrence happen",1825.0,1926.0,"The Life of John Thompson, a Fugitive Slave; Containing His History... (3 chunks); An Autobiography of the Rev. Josiah Henson (""Uncle Tom""). From 1789... (2 chunks); A North-Side View of Slavery. The Refugee: or the Narratives of Fug... (1 chunks)"
317,Life in the Slaveholder's Household,13,"neddy, mazie, spr furnish, lord glory, furnish water, billy, sally, margaret, desert, springmeadow",1836.0,1926.0,"Aunt Sally: or, The Cross the Way of Freedom. A Narrative of the Sl... (2 chunks); John and Mary; or, The Fugitive Slaves, a Tale of South-Eastern Pen... (2 chunks); The White Slave; or, Memoirs of a Fugitive (2 chunks)"
313,Encounters with Abolitionists and Influential Figures,13,"jame sherman, scobell, john scobell, samuel gurney, branch eusebius, rev, eusebius smith, eusebius, john branch, gurney",1849.0,1913.0,"Twenty-Eight Years a Slave, or The Story of My Life in Three Contin... (2 chunks); A Brief History of the Slave Life of Rev. L. R. Ferebee, and the Ba... (1 chunks); An Autobiography of the Rev. Josiah Henson (""Uncle Tom""). From 1789... (1 chunks)"
314,Christianity and Slaveowner Relationships,13,"crumpling, preach, prohibition, meeting, mr crumpling, funeral, prayer, church, bro, present dollar",1855.0,1903.0,"The Experience of Rev. Thomas H. Jones, Who Was a Slave for Forty-T... (6 chunks); Autobiography of James L. Smith, Including, Also, Reminiscences of ... (2 chunks); Autobiography of Rev. Thomas W. Henry, of the A. M. E. Church (1 chunks)"
315,Religious Meetings and Conversion,13,"camp meet, mr lundy, lundy, camp, circuit, infernal black, pool, black ghost, lamourie, exhort",1852.0,1929.0,"A Short History of the Life of Christopher McPherson, Alias Pherson... (1 chunks); An Autobiography: The Story of the Lord's Dealings with Mrs. Amanda... (1 chunks); Autobiography and Work of Bishop M. F. Jamison, D.D. (""Uncle Joe"") ... (1 chunks)"
316,"Phillis, Poem, Composition, Wheatley",13,"phillis, poem, composition, wheatley, mistress, mrs wheatley, mrs folger, folger, delicate, exclaim look",1834.0,1980.0,"Memoir and Poems of Phillis Wheatley, a Native African and a Slave.... (3 chunks); God's Image in Ebony: Being a Series of Biographical Sketches, Fact... (2 chunks); The Colored Patriots of the American Revolution: With Sketches of S... (2 chunks)"
305,Whipping and Plantation Punishment,13,"jared, major thornton, isaac, marster, thornton, wealch, neighbor, major, servant, arter",1836.0,1928.0,"The White Slave; or, Memoirs of a Fugitive (3 chunks); Fifty Years of Slavery in the United States of America (2 chunks); American Slavery As It Is: Testimony of a Thousand Witnesses (1 chunks)"
306,"Mob, Mob Violence, Carey, Violence",13,"mob, mob violence, carey, violence, dyersburg, mr speaker, decker, asylum, orphan, fir",1847.0,1917.0,"Lunsford Lane; or, Another Helper from North Carolina (2 chunks); Men of Mark: Eminent, Progressive and Rising (2 chunks); A Thrilling Narrative from the Lips of the Sufferers of the Late De... (1 chunks)"
309,Restrictions on Free Speech and Assembly,13,"confession, baal, mr roby, pullum, roby, sign bond, hurd, rev pullum, home guard, free speech",1808.0,1910.0,"Narrative of Sojourner Truth; a Bondswoman of Olden Time, Emancipat... (3 chunks); Confession of John Joyce, Alias Davis, Who Was Executed on Monday, ... (2 chunks); A Brief History of the Slave Life of Rev. L. R. Ferebee, and the Ba... (1 chunks)"
304,"Amo, Latin, Laidlaw, Lislet",13,"amo, latin, laidlaw, lislet, et, publish, hawick, mr laidlaw, axim, isle france",1826.0,1887.0,"A Tribute for the Negro: Being a Vindication of the Moral, Intellec... (5 chunks); God's Image in Ebony: Being a Series of Biographical Sketches, Fact... (3 chunks); Men of Mark: Eminent, Progressive and Rising (3 chunks)"
297,"Abbey, Ruin, Abbotsford, Poet",13,"abbey, ruin, abbotsford, poet, monk, walter scott, visit abbotsford, beautiful, palace, wall",1852.0,1897.0,"The American Fugitive in Europe. Sketches of Places and People Abroad (5 chunks); Three Years in Europe: Or, Places I Have Seen and People I Have Met (5 chunks); Bond and Free: A Tale of the South (1 chunks)"
303,Traveling at Night through Woodlands and Swamps,13,"archy, dogs, edy, old archy, wood, road, hound, start, cave, river",1839.0,1897.0,"Jamie Parker, the Fugitive (3 chunks); A North-Side View of Slavery. The Refugee: or the Narratives of Fug... (1 chunks); An Autobiography. Bond and Free: Or, Yearnings for Freedom, from My... (1 chunks)"
293,Christianity and Slavery in Plantation Life,13,"mr troy, troy, primus, master thoma, preacher, ditto, conversion, thoma, tent, windsor",1849.0,1895.0,"Hair-breadth Escapes from Slavery to Freedom (2 chunks); An Autobiography of the Rev. Josiah Henson (""Uncle Tom""). From 1789... (1 chunks); Frederick Douglass The Colored Orator (1 chunks)"
295,"Indian, Tribe, Brant, Choctaw",13,"indian, tribe, brant, choctaw, ham, nation, osage, thousand year, kouka, egypt",1848.0,1912.0,"A Sketch of the Life of Okah Tubbee, (Called) William Chubbee, Son ... (2 chunks); A Thrilling Sketch of the Life of the Distinguished Chief Okah Tubb... (2 chunks); A Narrative of the Negro (1 chunks)"
296,Medical Care in Slavery,13,"cato, toof, oh, doctor, lord, oh toof, ef, pat, pill, trust lord",1880.0,1926.0,"An Autobiography: The Story of the Lord's Dealings with Mrs. Amanda... (8 chunks); My Southern Home: or, The South and Its People (2 chunks); Twice Sold, Twice Ransomed: Autobiography of Mr. and Mrs. L. P. Ray (2 chunks)"
294,Faith and Spiritual Resilience,13,"oh, lord, ravenshoe, jesus, dear, satur, mrs satur, pray, corydon, church",1855.0,1926.0,"An Autobiography: The Story of the Lord's Dealings with Mrs. Amanda... (5 chunks); Twenty-Eight Years a Slave, or The Story of My Life in Three Contin... (3 chunks); Autobiography of a Fugitive Negro: His Anti-Slavery Labours in the ... (1 chunks)"
298,Tributes to Enslaved Individuals,13,"walker, walker baptist, hall, wagner, deed, samuel hall, douglass, mr hall, john wagner, sam hall",1797.0,1912.0,"The African Preacher. An Authentic Narrative (2 chunks); A Sketch of Henry Franklin and Family. (1 chunks); A Sketch of the Life of Okah Tubbee, (Called) William Chubbee, Son ... (1 chunks)"
299,African American Education and Intellectual Achievement,13,"chandler, dr brook, whatsoever thing, mr chandler, dr, clark, debaptiste, school, florida, ocala",1848.0,1914.0,"Men of Mark: Eminent, Progressive and Rising (7 chunks); A Tribute for the Negro: Being a Vindication of the Moral, Intellec... (1 chunks); Autobiography of a Fugitive Negro: His Anti-Slavery Labours in the ... (1 chunks)"
300,"Antislavery, Movement, Abolition, Antislavery Movement",13,"antislavery, movement, abolition, antislavery movement, principle, mr forster, liberty, abolitionist, forster, antiabolitionist",1831.0,1914.0,"My Bondage and My Freedom. Part I. Life as a Slave. Part II. Life a... (5 chunks); Battles and Victories of Allen Allensworth, A. M., Ph. D., Lieutena... (2 chunks); From Slavery to a Bishopric, or, The Life of Bishop Walter Hawkins ... (1 chunks)"
301,"Douglass, Mr Douglass, Constitution, Orator",13,"douglass, mr douglass, constitution, orator, convention, speech, audience, ward, garrison, mr fulton",1852.0,1917.0,Frederick Douglass The Colored Orator (3 chunks); My Bondage and My Freedom. Part I. Life as a Slave. Part II. Life a... (2 chunks); Frederick Douglass (1 chunks)
302,"Workhouse, Rawlinson, Mr Rawlinson, Massa",13,"workhouse, rawlinson, mr rawlinson, massa, flog, magistrate, treadmill, dance, penal gang, apprentice",1837.0,1837.0,"A Narrative of Events Since the First of August, 1834, By James Wil... (13 chunks)"
347,Life in Slavery Compared to Freedom,12,"auld, baltimore, capt auld, patsey, miss lucretia, capt, sally lloyd, sloop sally, lucretia, pair trowser",1826.0,1893.0,"Autobiography of a Female Slave (2 chunks); Life and Times of Frederick Douglass, Written by Himself. His Early... (2 chunks); An Autobiography: The Story of the Lord's Dealings with Mrs. Amanda... (1 chunks)"
339,Whipping and Plantation Punishment,12,"treatment, slaveholder, good treatment, hunger, cruelty, plunder, habitually, treat, marvel, cattle",1831.0,1893.0,"American Slavery As It Is: Testimony of a Thousand Witnesses (6 chunks); Narrative of Sojourner Truth, a Northern Slave, Emancipated from Bo... (3 chunks); From Slave Cabin to the Pulpit. The Autobiography of Rev. Peter Ran... (1 chunks)"
340,Artistic Talent and Racial Exceptionality,12,"picture, bannister, mr bannister, artist, douglass, genius, simpson, talent, mr simpson, frederick douglass",1854.0,1914.0,"Men of Mark: Eminent, Progressive and Rising (5 chunks); Frederick Douglass (3 chunks); The Black Man: His Antecedents, His Genius, and His Achievements (2 chunks)"
341,Plantation Food and Drink,12,"fruit, apple, orchard, peach, rice, ripe, soup, tree, cider, grape",1810.0,1917.0,"Fifty Years in Chains, or, The Life of an American Slave (3 chunks); Slavery in the United States: A Narrative of the Life and Adventure... (3 chunks); The Blind African Slave, or Memoirs of Boyrereau Brinch, Nick-named... (2 chunks)"
342,Enslavement and Transportation,12,"trader, mabowah, bobah, chain, ivory, village, chief, journey, mourzook, sold",1760.0,1873.0,"The Martyrs, and the Fugitive; or a Narrative of the Captivity, Suf... (4 chunks); A Narrative of the Uncommon Sufferings, and Surprizing Deliverance ... (1 chunks); God's Image in Ebony: Being a Series of Biographical Sketches, Fact... (1 chunks)"
343,Mathematical and Astronomical Contributions by Benjamin Banneker,12,"almanac, banneker, calculation, jefferson, ellicott, melrose, astronomy, moon, derham, benjamin banneker",1826.0,1912.0,"A Tribute for the Negro: Being a Vindication of the Moral, Intellec... (2 chunks); God's Image in Ebony: Being a Series of Biographical Sketches, Fact... (2 chunks); The Black Man: His Antecedents, His Genius, and His Achievements (2 chunks)"
344,Missionary Work and Education,12,"maps, entitl act, hermit, proprietor copy, encouragement learn, chart book, copy dur, author proprietor, copy maps, act encouragement",1808.0,1928.0,"A Tribute for the Negro: Being a Vindication of the Moral, Intellec... (1 chunks); Confession of John Joyce, Alias Davis, Who Was Executed on Monday, ... (1 chunks); From Slavery to the Bishopric in the A.M.E. Church. An Autobiography (1 chunks)"
345,"Dartmouth, Horton, Cuffe, District",12,"dartmouth, horton, cuffe, district, congress, district columbia, resolution, slavery district, westchester, town dartmouth",1847.0,1917.0,"The Colored Patriots of the American Revolution: With Sketches of S... (3 chunks); Battles and Victories of Allen Allensworth, A. M., Ph. D., Lieutena... (2 chunks); Life and Opinions of Julius Melbourn; with Sketches of the Lives an... (2 chunks)"
346,"Rochester, Harper Ferry, Ferry, Harper",12,"rochester, harper ferry, ferry, harper, douglass, john brown, brown, requisition, mr douglass, governor",1859.0,1906.0,"Frederick Douglass The Orator. Containing an Account of His Life; H... (3 chunks); Life and Times of Frederick Douglass, Written by Himself. His Early... (3 chunks); Life and Times of Frederick Douglass: His Early Life as a Slave, Hi... (3 chunks)"
352,Life in the North vs. Life in the South,12,"dumont, isabel, isabella, catlin, robert, mistress, mr dumont, visit isabella, visit isabel, honest aleck",1839.0,1913.0,"Narrative of Sojourner Truth, a Northern Slave, Emancipated from Bo... (2 chunks); The Story of a Slave. A Realistic Revelation of a Social Relation o... (2 chunks); A North-Side View of Slavery. The Refugee: or the Narratives of Fug... (1 chunks)"
348,Finding Employment and Safety in Northern Cities,12,"end wharf, ship, wharf, board ship, savannah, wharf ship, simpson, fugitive, large warehouse, parker",1837.0,1891.0,Sunshine and Shadow of Slave Life. Reminiscences as told by Isaac D... (2 chunks); The Freedman's Story: In Two Parts (2 chunks); Autobiography of Henry Parker (1 chunks)
349,Chaplain Allensworth's Military and Civic Roles,12,"chaplain, allensworth, army, chaplain allensworth, flipper, lieutenant, infantry, th infantry, allen allensworth, officer",1878.0,1914.0,"Battles and Victories of Allen Allensworth, A. M., Ph. D., Lieutena... (8 chunks); The Colored Cadet at West Point. Autobiography of Lieut. Henry Ossi... (4 chunks)"
337,Escape from Slavery via Waterways,12,"boat, felton, river, jem, walk, ferry, bundle, fourgeoud, zoogoo, new orlean",1838.0,1895.0,"A North-Side View of Slavery. The Refugee: or the Narratives of Fug... (3 chunks); Slave Life in Georgia: A Narrative of the Life, Sufferings, and Esc... (3 chunks); Biography of Mahommah G. Baquaqua, a Native of Zoogoo, in the Inter... (1 chunks)"
350,Voting Rights and Republican Politics,12,"party, republican, republican party, purvis, vote, democratic, ballot, democrat, political, majority",1847.0,1917.0,"Men of Mark: Eminent, Progressive and Rising (4 chunks); Frederick Douglass The Colored Orator (2 chunks); Frederick Douglass The Orator. Containing an Account of His Life; H... (2 chunks)"
351,Traveling as a Slave,12,"train, conductor, mr cray, cray, carriage, car, philadelphia, mccandless, passenger, gentleman slave",1855.0,1893.0,"Running a Thousand Miles for Freedom; or, the Escape of William and... (5 chunks); Sunshine and Shadow of Slave Life. Reminiscences as told by Isaac D... (2 chunks); From Slavery to a Bishopric, or, The Life of Bishop Walter Hawkins ... (1 chunks)"
353,Fugitive Slave Experience and Abolitionist Advocacy,12,"american, law, boston boys, liberty, fugitive, dr morison, morison, fugitive slave, new jersey, douglass",1838.0,1895.0,"From Slavery to a Bishopric, or, The Life of Bishop Walter Hawkins ... (2 chunks); A Narrative of the Adventures and Escape of Moses Roper, from Ameri... (1 chunks); Frederick Douglass The Colored Orator (1 chunks)"
354,Economic Value of Slaves in Haiti,12,"hayti, mortality, franc, island, british, jamaica, instruction, soil, cuba, french",1831.0,1912.0,"A Narrative of the Negro (2 chunks); Negro Slavery Described by a Negro: Being the Narrative of Ashton W... (2 chunks); Poems by a Slave in the Island of Cuba, Recently Liberated; Transla... (2 chunks)"
355,Family Life in Slavery,12,"grandmother, coal, employ, dear wife, dinah, workd, kidderminster, georgy, norwich, nellie",1770.0,1926.0,"A Narrative of the Most Remarkable Particulars in the Life of James... (4 chunks); Twice Sold, Twice Ransomed: Autobiography of Mr. and Mrs. L. P. Ray (2 chunks); Autobiography of a Female Slave (1 chunks)"
338,Critique of European Superiority and Justification for Slavery,12,"inferiority, virtue, degrad, vice, european, moral, human, civiliz, african, brute",1848.0,1854.0,"A Tribute for the Negro: Being a Vindication of the Moral, Intellec... (11 chunks); God's Image in Ebony: Being a Series of Biographical Sketches, Fact... (1 chunks)"
324,Authorship and Literary Merit,12,"lordship, ignatius, author, birthplace, born, duchess, bornou, solliman, hereford, majesty",1782.0,1894.0,"A Tribute for the Negro: Being a Vindication of the Moral, Intellec... (2 chunks); The Story of a Slave. A Realistic Revelation of a Social Relation o... (2 chunks); Autobiography of a Fugitive Negro: His Anti-Slavery Labours in the ... (1 chunks)"
336,Entrepreneurship and Financial Challenges,12,"shinplaster, note, barber, bank, circulation, banker, shop, circulation note, bank allow, allow issue",1825.0,1892.0,"Biography of an American Bondman, by His Daughter (2 chunks); Life of William Grimes, the Runaway Slave, Brought Down to the Pres... (2 chunks); Life of William Grimes, the Runaway Slave. Written by Himself (2 chunks)"
326,The Nature of Slavery and Its Effects on Humanity,12,"arbitrary, arbitrary power, cruelty, rely whip, covey, human, labour, objector, signify, motive",1831.0,1863.0,"American Slavery As It Is: Testimony of a Thousand Witnesses (4 chunks); The Life of Toussaint L'Ouverture, the Negro Patriot of Hayti: Comp... (2 chunks); A Tribute for the Negro: Being a Vindication of the Moral, Intellec... (1 chunks)"
335,Encountering Slave-Hunters and Fugitive Life,12,"davy, bristow, fugitive, wagon, slavehunter, neddy, carter, bristow wilson, billy, bruno",1853.0,1886.0,"John and Mary; or, The Fugitive Slaves, a Tale of South-Eastern Pen... (5 chunks); A Brief Miscellaneous Narrative of the More Early Part of the Life ... (1 chunks); Autobiography of a Fugitive Negro: His Anti-Slavery Labours in the ... (1 chunks)"
319,Racial Equality and Public Perception,12,"race, john anderson, alexander bettis, bettis, rev alexander, assail, presumption, mr coe, coe, liberty",1853.0,1913.0,"Frederick Douglass The Orator. Containing an Account of His Life; H... (2 chunks); Biography of an American Bondman, by His Daughter (1 chunks); Brief Sketch of the Life and Labors of Rev. Alexander Bettis. Also ... (1 chunks)"
320,"Paul, Sally, Oh, Landingplace",12,"paul, sally, oh, landingplace, tirrell, zillah, captain, tear, tsa, choteaux",1836.0,1894.0,"The Story of a Slave. A Realistic Revelation of a Social Relation o... (4 chunks); Narrative of William Hayden, Containing a Faithful Account of His T... (2 chunks); The Life and Adventures of Zamba, an African Negro King; and His Ex... (2 chunks)"
321,Confronting Captors and Seeking Freedom,12,"captor, gavitt, miller, emison, jail, mr shaw, cottrell, smallpox, tavern, squire munser",1841.0,1906.0,"The Fugitive Blacksmith; or, Events in the History of James W. C. P... (2 chunks); Uncle Tom's Companions: Or, Facts Stranger Than Fiction. A Suppleme... (2 chunks); Bond and Free: A Tale of the South (1 chunks)"
322,"Writ, Court, Habea, Habea Corpus",12,"writ, court, habea, habea corpus, corpus, jurisdiction, writ habea, statute, justice cockburn, chief justice",1840.0,1863.0,"The Story of the Life of John Anderson, the Fugitive Slave (6 chunks); Anthony Burns: A History (3 chunks); A History of the Amistad Captives: Being a Circumstantial Account o... (2 chunks)"
323,Fundraising Efforts and Donations,12,"tuskegee, armstrong, fund, dollar, general armstrong, carnegie, student, school, hampton, build",1855.0,1924.0,"An Autobiography: The Story of My Life and Work (3 chunks); The History of My Life and Work. Autobiography by Rev. M. L. Latta,... (2 chunks); Up from Slavery: An Autobiography (2 chunks)"
325,Whipping and Plantation Punishment,12,"col johnston, inherit, widow jone, royal, royal blood, ward, buy child, born, blood, love land",1836.0,1929.0,"The Story of a Slave. A Realistic Revelation of a Social Relation o... (2 chunks); A Narrative of the Life and Labors of the Rev. G. W. Offley, a Colo... (1 chunks); Autobiography, Sermons, Addresses, and Essays of Bishop L. H. Holse... (1 chunks)"
318,"Murder, Guanabacoa, Mr Crawford, Havana",12,"murder, guanabacoa, mr crawford, havana, crawford, perpetrat, murder slave, crime, bound, cruelty",1831.0,1863.0,"American Slavery As It Is: Testimony of a Thousand Witnesses (3 chunks); Poems by a Slave in the Island of Cuba, Recently Liberated; Transla... (2 chunks); A Narrative of the Adventures and Escape of Moses Roper, from Ameri... (1 chunks)"
327,Autobiographical Purpose and Authorial Intent,12,"sojourner, sojourner truth, truth, dear sojourner, mott, dear, year acquaintance, kan, book life, mass",1838.0,1910.0,"Narrative of Sojourner Truth; a Bondswoman of Olden Time, Emancipat... (10 chunks); Memoirs of Elleanor Eldridge (1 chunks); What Experience Has Taught Me: An Autobiography of Thomas William B... (1 chunks)"
329,The Discovery of Genius and the Dangers of Excess,12,"poet, genius, hood, mr augustus, fame, acrostic, augustus, wine, gentlemen, poem",1845.0,1855.0,"The American Fugitive in Europe. Sketches of Places and People Abroad (6 chunks); The Poetical Works of George M. Horton: The Colored Bard of North C... (3 chunks); Life of George M. Horton. The Colored Bard of North Carolina from ""... (2 chunks)"
330,"Jared, School, Sundayschool, Teacher",12,"jared, school, sundayschool, teacher, storer, sec, seminary, superintendent, arter, pastor",1826.0,1922.0,"Echoes from a Pioneer Life (6 chunks); Biographical Sketches and Interesting Anecdotes of Persons of Colou... (1 chunks); Biography of Elder Lott Cary, Late Missionary to Africa. With an Ap... (1 chunks)"
331,Navigating Multiple Masters,12,"hopkin, myer, epps, old master, new master, farmer, cut tree, tree, guide, free didnt",1834.0,1885.0,"Sunshine and Shadow of Slave Life. Reminiscences as told by Isaac D... (4 chunks); An Autobiography of the Rev. Josiah Henson (""Uncle Tom""). From 1789... (1 chunks); Anecdotes and Memoirs of William Boen, a Coloured Man, Who Lived an... (1 chunks)"
332,Racial Equality and Citizenship,12,"gould, elisha green, citizen, millersburg, bristow, professor bristow, elisha, green, color citizen, basis representation",1852.0,1893.0,"Life and Times of Frederick Douglass, Written by Himself. His Early... (2 chunks); Life and Times of Frederick Douglass: His Early Life as a Slave, Hi... (2 chunks); Life of the Rev. Elisha W. Green, One of the Founders of the Kentuc... (2 chunks)"
333,The Cruelty of Slavery,12,"garfield, torment, state mind, present torment, torment sense, slave slavery, mak slave, calm breath, breath wind, noth hear",1836.0,1892.0,"Autobiography of a Female Slave (2 chunks); Life and Times of Frederick Douglass, Written by Himself. His Early... (2 chunks); Incidents in the Life of a Slave Girl. Written by Herself (1 chunks)"
334,Mob Violence Against Slave Owners,12,"mob, dale, shop, street, beaubien, flame, reynold, missile, door, mrs dale",1863.0,1893.0,"A Thrilling Narrative from the Lips of the Sufferers of the Late De... (10 chunks); An Autobiography: The Story of the Lord's Dealings with Mrs. Amanda... (1 chunks); Life and Adventures of James Williams, a Fugitive Slave, with a Ful... (1 chunks)"
328,"Delia, Eggs, Wine, Madam",12,"delia, eggs, wine, madam, roast, dinner, hartwell, beef roast, table, company",1837.0,1917.0,"A Tribute for the Negro: Being a Vindication of the Moral, Intellec... (1 chunks); Biography of an American Bondman, by His Daughter (1 chunks); Bond and Free: A Tale of the South (1 chunks)"
381,Whipping and Plantation Punishment,11,"whip, souther, flog, bennet, tan, epps, livd, punishment inflict, punishment, overseer",1770.0,1891.0,American Slavery As It Is: Testimony of a Thousand Witnesses (2 chunks); Horrors of the Virginian Slave Trade and of the Slave-Rearing Plant... (2 chunks); A Narrative of the Most Remarkable Particulars in the Life of James... (1 chunks)
375,Celebrating Frederick Douglass's Legacy,11,"douglass, rochester, frederick douglass, tribute, frederick, monument, honor, statue, citizen, bronze",1855.0,1914.0,"Frederick Douglass (5 chunks); Life and Times of Frederick Douglass: His Early Life as a Slave, Hi... (2 chunks); Battles and Victories of Allen Allensworth, A. M., Ph. D., Lieutena... (1 chunks)"
376,"Jarm, Major Thornton, Drink, Thornton",11,"jarm, major thornton, drink, thornton, whiskey, drunk, major, liquor, saloon, distillery",1836.0,1926.0,"The Rev. J. W. Loguen, as a Slave and as a Freeman. A Narrative of ... (2 chunks); The Slave: or Memoirs of Archy Moore. Vol. I (2 chunks); Twenty-Two Years a Slave, and Forty Years a Freeman; Embracing a Co... (2 chunks)"
377,Letters and Personal Correspondence,11,"sancho, sancho letter, thank, mrs sancho, letter, charle street, tubbee, dear, pleasure, truly",1782.0,1875.0,"Letters of the Late Ignatius Sancho, An African. In Two Volumes. To... (6 chunks); A Sketch of the Life of Okah Tubbee, (Called) William Chubbee, Son ... (1 chunks); A Tribute for the Negro: Being a Vindication of the Moral, Intellec... (1 chunks)"
378,Experiences of Fugitive Slaves in the North,11,"croff, sanford, william croff, georgia, man georgia, society, white yes, did know, cold, william",1838.0,1895.0,"The Anderson Surpriser. Written After He Was Seventy-Five Years of ... (2 chunks); Biography of an American Bondman, by His Daughter (1 chunks); Hair-breadth Escapes from Slavery to Freedom (1 chunks)"
379,Racial Progress and Education in the South,11,"mound bayou, league, race, mound, organization, education, student, bayou, mr bank, national",1881.0,1916.0,"Booker T. Washington, Builder of a Civilization (3 chunks); My Larger Education: Being Chapters from My Experience (2 chunks); Up from Slavery: An Autobiography (2 chunks)"
380,Whipping and Plantation Punishment,11,"driver, overseer, cowskin, gang, whip, calf, mr wolf, cruelty, cow, cruelty slave",1836.0,1892.0,"A Narrative of Events of the Life of J. H. Banks, an Escaped Slave,... (1 chunks); A North-Side View of Slavery. The Refugee: or the Narratives of Fug... (1 chunks); American Slavery As It Is: Testimony of a Thousand Witnesses (1 chunks)"
385,Whipping and Plantation Punishment,11,"chain, whip, coffle, flop, patroller, gang, uncle, overseer, march, uncle stephen",1839.0,1901.0,"American Slavery As It Is: Testimony of a Thousand Witnesses (3 chunks); The House of Bondage, or, Charlotte Brooks and Other Slaves, Origin... (2 chunks); A North-Side View of Slavery. The Refugee: or the Narratives of Fug... (1 chunks)"
382,Whipping and Plantation Punishment,11,"rage, opposition owner, opposition, owner, moan groan, stimulant, property, provocation, wheatly, oppos far",1789.0,1914.0,"American Slavery As It Is: Testimony of a Thousand Witnesses (2 chunks); Battles and Victories of Allen Allensworth, A. M., Ph. D., Lieutena... (2 chunks); Autobiography of a Female Slave (1 chunks)"
383,Escaping from Slavery,11,"indian, squaw, white man, murrell, choctaw, poor indian, hungry, chickasaw, zachary, hungry tir",1848.0,1902.0,"A Sketch of the Life of Okah Tubbee, (Called) William Chubbee, Son ... (2 chunks); Last of the Pioneers: Or, Old Times in East Tenn., Being the Life a... (2 chunks); A North-Side View of Slavery. The Refugee: or the Narratives of Fug... (1 chunks)"
384,Ministry and Education,11,"school, stewart, sunday school, baptist, district, philadelphia, conference, church, position, lewis",1827.0,1914.0,"Men of Mark: Eminent, Progressive and Rising (7 chunks); Battles and Victories of Allen Allensworth, A. M., Ph. D., Lieutena... (1 chunks); Life and Labors of Rev. Jordan W. Early, One of the Pioneers of Afr... (1 chunks)"
386,Life in the North,11,"judy, mr green, sofa, templeton, mrs lincoln, news, carriage, green, devenant, lincoln",1852.0,1929.0,"Aunt Sally: or, The Cross the Way of Freedom. A Narrative of the Sl... (2 chunks); Bond and Free: A Tale of the South (2 chunks); Aunt Judy's Story: A Tale From Real Life. Written for the Pennsylva... (1 chunks)"
387,Early Education and Intellectual Development,11,"douglass, toussaint, master jame, covey, far rich, freeland, youth, instruction, boy, rochester",1836.0,1906.0,Frederick Douglass (2 chunks); Toussaint L'Ouverture: A Biography and Autobiography (2 chunks); Frederick Douglass The Colored Orator (1 chunks)
389,Life Stories of Former Slaves,11,"born, doct steward, born slave, doct, history, circumstance painful, connecticut year, william grime, grime, owner",1825.0,1922.0,"A Slave's Adventures Toward Freedom. Not Fiction, but the True Stor... (1 chunks); A True Tale of Slavery. From The Leisure Hour: A Family Journal of ... (1 chunks); God's Image in Ebony: Being a Series of Biographical Sketches, Fact... (1 chunks)"
373,"Funeral Slave, Coffin, Sol, Overseer",11,"funeral slave, coffin, sol, overseer, funeral, entertainment power, draw leave, night draw, receive entertainment, massa",1845.0,1893.0,"Narratives of the Sufferings of Lewis and Milton Clarke, Sons of a ... (3 chunks); From Slave Cabin to the Pulpit. The Autobiography of Rev. Peter Ran... (2 chunks); Sketches of Slave Life: Or, Illustrations of the ""Peculiar Institut... (2 chunks)"
374,"Prince, Leary, School, Holly",11,"prince, leary, school, holly, vashon, bethelsdorp, bishop holly, bishop, tombuctoo, philadelphia",1828.0,1914.0,"Men of Mark: Eminent, Progressive and Rising (5 chunks); A Statement with Regard to the Moorish Prince, Abduhl Rahhahman (1 chunks); A Tribute for the Negro: Being a Vindication of the Moral, Intellec... (1 chunks)"
388,Encountering Indigenous Peoples,11,"enemy, cave, guide, presently, arrow, pond, dens, ella, bag corn, contiguous",1798.0,1897.0,"A Narrative of the Life and Adventures of Venture, a Native of Afri... (4 chunks); Jamie Parker, the Fugitive (2 chunks); The White Slave; or, Memoirs of a Fugitive (2 chunks)"
372,"New Bedford, Bedford, Southern Port, Cheat",11,"new bedford, bedford, southern port, cheat, german, men south, ox, load unload, white man, southern",1789.0,1895.0,"The New Man: Twenty-Nine Years a Slave,Twenty-Nine Years a Free Man (2 chunks); Biography of Mahommah G. Baquaqua, a Native of Zoogoo, in the Inter... (1 chunks); Life and Times of Frederick Douglass, Written by Himself. His Early... (1 chunks)"
363,Escape Planning and Preparations,11,"canoe, venison, road, easter holiday, hid, dog, easter, stealthily, draught, cave",1848.0,1892.0,"A North-Side View of Slavery. The Refugee: or the Narratives of Fug... (2 chunks); An Autobiography of the Rev. Josiah Henson (""Uncle Tom""). From 1789... (1 chunks); Jamie Parker, the Fugitive (1 chunks)"
371,"Paleface, Great Spirit, Forefather, Indian",11,"paleface, great spirit, forefather, indian, pale face, thee, pale, tribe, chief, spot",1852.0,1902.0,"A Sketch of the Life of Okah Tubbee, (Called) William Chubbee, Son ... (10 chunks); Last of the Pioneers: Or, Old Times in East Tenn., Being the Life a... (1 chunks)"
356,Whipping and Plantation Punishment,11,"covey, cincinnati, search, syracuse, huntingdon, party paper, biddulph, party, impudence, liberty party",1848.0,1893.0,"A North-Side View of Slavery. The Refugee: or the Narratives of Fug... (2 chunks); Incidents in the Life of a Slave Girl. Written by Herself (2 chunks); The Rev. J. W. Loguen, as a Slave and as a Freeman. A Narrative of ... (2 chunks)"
357,Escape and Fugitive Slave Life,11,"mr hutchinson, hutchinson, aunt emma, mrs thoma, mcgraw, aunt, sister, emma, gardensville, aunt dinah",1838.0,1893.0,"An Autobiography: The Story of the Lord's Dealings with Mrs. Amanda... (3 chunks); Incidents in the Life of a Slave Girl. Written by Herself (2 chunks); The White Slave; or, Memoirs of a Fugitive (2 chunks)"
359,"Church, Methodist, Episcopal, Methodist Episcopal",11,"church, methodist, episcopal, methodist episcopal, conference, organization, episcopal church, circuit, allen, african",1872.0,1916.0,"Autobiography of Bishop Isaac Lane, LL.D. with a Short History of t... (3 chunks); Biography of Rev. David Smith of the A. M. E. Church; Being a Compl... (3 chunks); Richard Allen and Absalom Jones, by the Rev. George F. Bragg, in Ho... (2 chunks)"
360,"Lumber, Lawrence, Enterprise, Thousand Foot",11,"lumber, lawrence, enterprise, thousand foot, brought large, amos lawrence, boston, england, fugitive slave, debt",1858.0,1917.0,"Truth Stranger Than Fiction. Father Henson's Story of His Own Life (3 chunks); An Autobiography of the Rev. Josiah Henson (""Uncle Tom""). From 1789... (2 chunks); From Slavery to Wealth. The Life of Scott Bond. The Rewards of Hone... (2 chunks)"
361,"Lashe, Foot Inche, Leftwich, Inche",11,"lashe, foot inche, leftwich, inche, trader, emery john, jury, mr leftwich, wail, jim riley",1837.0,1910.0,American Slavery As It Is: Testimony of a Thousand Witnesses (1 chunks); Anthony Burns: A History (1 chunks); Bond and Free: A Tale of the South (1 chunks)
362,Writing and Publishing Slave Narratives,11,"book, early fond, dr blake, fond, mr steward, strove, claim, story, douglass, greener",1845.0,1912.0,"A Narrative of the Negro (1 chunks); An Autobiography: The Story of My Life and Work (1 chunks); Autobiography of Rev. Francis Frederick, of Virginia (1 chunks)"
358,"Bornou, Native, King, Barbary",11,"bornou, native, king, barbary, tribe, el, bagirmy, kanemy, el kanemy, benin",1789.0,1912.0,"A Narrative of the Negro (4 chunks); The Autobiography of Nicholas Said, A Native of Bournou, Eastern So... (2 chunks); The Blind African Slave, or Memoirs of Boyrereau Brinch, Nick-named... (2 chunks)"
364,Rivalry Among Slaves,11,"freeland, covey, mr freeland, dick fallon, yankee trick, covey gave, fallon, yankee, dick, rivalry",1852.0,1917.0,"Buried Alive (Behind Prison Walls) for a Quarter of a Century: Life... (1 chunks); From Slavery to Wealth. The Life of Scott Bond. The Rewards of Hone... (1 chunks); Life and History of William O'Neal, or, The Man Who Sold His Wife (1 chunks)"
366,Longing for Family and Freedom,11,"extinguish, misery, wretch, caress, fate, thou, snatch child, brother sister, book, manhood",1836.0,1892.0,"Autobiography of a Female Slave (2 chunks); The White Slave; or, Memoirs of a Fugitive (2 chunks); Elizabeth, a Colored Minister of the Gospel Born in Slavery (1 chunks)"
367,Racial Prejudice at West Point,11,"cadet, plebe, rank, corporal, tent, dipper, west point, guard, courtmartial, cadet corporal",1878.0,1878.0,The Colored Cadet at West Point. Autobiography of Lieut. Henry Ossi... (11 chunks)
368,"Railroad, Pullman, Section, Section Country",11,"railroad, pullman, section, section country, electrical, train, passenger agent, railway, railroad section, inventor",1887.0,1907.0,"Life and Adventures of Nat Love, Better Known in the Cattle Country... (4 chunks); The History of My Life and Work. Autobiography by Rev. M. L. Latta,... (4 chunks); Men of Mark: Eminent, Progressive and Rising (2 chunks)"
369,"Union, Citizen America, Color Citizen, Unit Band",11,"union, citizen america, color citizen, unit band, convention, band, unit, god heaven, endeavor, sparingly",1846.0,1917.0,An Address to All the Colored Citizens of the United States (9 chunks); My Life and Work (1 chunks); Out of the Ditch. A True Story of an Ex-Slave (1 chunks)
365,Whipping and Plantation Punishment,11,"says, arter, agin, peter, goes, lecta, em, says peter, gits, comin",1839.0,1852.0,"Chains and Freedom: Or, The Life and Adventures of Peter Wheeler, a... (7 chunks); Uncle Tom's Companions: Or, Facts Stranger Than Fiction. A Suppleme... (4 chunks)"
370,Food Preservation Techniques,11,"plum, boil, sugar, fruit, dry, cream, pound, juice, syrup, jars",1929.0,1929.0,From Captivity to Fame or The Life of George Washington Carver (11 chunks)
421,"Ike, Mrs Montgomery, Servant, Montgomery",10,"ike, mrs montgomery, servant, montgomery, cassy, tompkin, brazen, adele, miss adele, mrs",1836.0,1880.0,"Autobiography of a Female Slave (3 chunks); The White Slave; or, Memoirs of a Fugitive (3 chunks); Aunt Sally: or, The Cross the Way of Freedom. A Narrative of the Sl... (1 chunks)"
424,Fugitive Slave Cases,10,"nalle, lunsford, shane, walch, fugitive, arrest, marshal, boynton, averill, jone",1848.0,1886.0,"Lunsford Lane; or, Another Helper from North Carolina (4 chunks); Life of Rev. Thomas James, by Himself (2 chunks); A Tribute for the Negro: Being a Vindication of the Moral, Intellec... (1 chunks)"
423,Food Rations and Hunger,10,"pound, ration, allowance, quart, corn, meat, pound bread, ounce, beef, food",1837.0,1855.0,American Slavery As It Is: Testimony of a Thousand Witnesses (8 chunks); My Bondage and My Freedom. Part I. Life as a Slave. Part II. Life a... (1 chunks); Slavery in the United States: A Narrative of the Life and Adventure... (1 chunks)
422,Kidnapping and Coercion by Slave Owners,10,"miller, jail, gherardi, concklin, ellington, throckmorton, patriot, admiral gherardi, poultice, st nicola",1841.0,1897.0,"The Kidnapped and the Ransomed. Recollections of Peter Still and Hi... (2 chunks); Life and Times of Frederick Douglass, Written by Himself. His Early... (1 chunks); Lunsford Lane; or, Another Helper from North Carolina (1 chunks)"
418,"Jimmie, Plankinton, Coat Room, Laundry",10,"jimmie, plankinton, coat room, laundry, laundry work, aunt namie, namie, plankinton house, brother william, commander",1851.0,1911.0,"Thirty Years a Slave: From Bondage to Freedom: The Institution of S... (3 chunks); The Kidnapped and the Ransomed. Recollections of Peter Still and Hi... (2 chunks); Life on the Old Plantation in Ante-Bellum Days, or, A Story Based o... (1 chunks)"
420,War and Military Encounters,10,"army, battle, soldier, marse, troop, mcknight, war, virgil, marse jim, marse virgil",1855.0,1914.0,"Autobiography of James L. Smith, Including, Also, Reminiscences of ... (2 chunks); The Autobiography of Nicholas Said, A Native of Bournou, Eastern So... (2 chunks); Battles and Victories of Allen Allensworth, A. M., Ph. D., Lieutena... (1 chunks)"
419,Grief and Mourning in Slaveholding Families,10,"miss, biddy, whoooop, louise, jane, susan, miss jane, bradly, rhoderic, miss templeton",1839.0,1888.0,"Autobiography of a Female Slave (4 chunks); Bond and Free: A Tale of the South (1 chunks); Chains and Freedom: Or, The Life and Adventures of Peter Wheeler, a... (1 chunks)"
417,Toussaint L'Ouverture's Leadership and Politics,10,"douville, toussaint, rigaud, louverture, general douville, toussaint louverture, english, roume, france, mother country",1853.0,1863.0,"The Life of Toussaint L'Ouverture, the Negro Patriot of Hayti: Comp... (6 chunks); Toussaint L'Ouverture: A Biography and Autobiography (4 chunks)"
416,Life on Plantations and Hiring Out,10,"port royal, peas, practice physic, jarm, gentleman, mr moodwell, moodwell, father plantation, axe, return father",1825.0,1924.0,A Thrilling Sketch of the Life of the Distinguished Chief Okah Tubb... (1 chunks); Autobiography of a Female Slave (1 chunks); From Slavery to Wealth. The Life of Scott Bond. The Rewards of Hone... (1 chunks)
426,Exploitation of Poor Whites by Slave System,10,"black slave, mr gardiner, poor white, gardiner, competition, slaveholder, belong slaveholder, mechanic, workmen, slave black",1851.0,1917.0,"A Narrative of Thomas Smallwood, (Coloured Man:) Giving an Account ... (2 chunks); The White Slave; or, Memoirs of a Fugitive (2 chunks); From Slavery to Wealth. The Life of Scott Bond. The Rewards of Hone... (1 chunks)"
425,Finding Freedom and New Opportunities,10,"valentine, peter, jarm, occupation, mrs valentine, ashton, ashton warner, journey, john farney, steamer",1848.0,1906.0,"The Kidnapped and the Ransomed. Recollections of Peter Still and Hi... (2 chunks); A Tribute for the Negro: Being a Vindication of the Moral, Intellec... (1 chunks); An Autobiography. Bond and Free: Or, Yearnings for Freedom, from My... (1 chunks)"
434,Surviving in the Woods,10,"hattie, sallie, wood, come come, devil devil, aunt sallie, lorendo, sam grundy, lass grease, wisky",1848.0,1890.0,"The House of Bondage, or, Charlotte Brooks and Other Slaves, Origin... (3 chunks); Horrors of the Virginian Slave Trade and of the Slave-Rearing Plant... (2 chunks); A Tribute for the Negro: Being a Vindication of the Moral, Intellec... (1 chunks)"
427,"Vo, Cloth Price, Price, Mo",10,"vo, cloth price, price, mo, vo cloth, mo cloth, cloth, bridegroom, perusal, essay",1838.0,1902.0,"The Fugitive Blacksmith; or, Events in the History of James W. C. P... (4 chunks); Biography of Mahommah G. Baquaqua, a Native of Zoogoo, in the Inter... (2 chunks); A Tribute for the Negro: Being a Vindication of the Moral, Intellec... (1 chunks)"
428,"Bonnet, Pray, Lord, Prayer Meet",10,"bonnet, pray, lord, prayer meet, prayer, nice, brother sharper, wind cease, bonnet thought, wear",1861.0,1926.0,"An Autobiography: The Story of the Lord's Dealings with Mrs. Amanda... (7 chunks); An Autobiography. Bond and Free: Or, Yearnings for Freedom, from My... (1 chunks); The History of William Webb, Composed by Himself (1 chunks)"
429,Plantation Life and Slavery,10,"lloyd, comd, old grime, gentleman, ob, col, grime, cutter, mr johnson, old gentleman",1825.0,1892.0,"Life and Times of Frederick Douglass, Written by Himself. His Early... (2 chunks); Biographical Sketches and Interesting Anecdotes of Persons of Colou... (1 chunks); Biography of an American Bondman, by His Daughter (1 chunks)"
430,Life on a Ship,10,"captain, ship, montserrat, liverpool, vessel, mate, sail, shore, musquito shore, topsail",1789.0,1849.0,"The Interesting Narrative of the Life of Olaudah Equiano, or Gustav... (4 chunks); The Life, History, and Unparalleled Sufferings of John Jea, the Afr... (3 chunks); A Tribute for the Negro: Being a Vindication of the Moral, Intellec... (1 chunks)"
431,Toussaint L'Ouverture's Leadership in Haitian Independence,10,"hayti, loverture, cultivat, toussaint, toussaint loverture, france, independence, louverture, haytien, colony",1853.0,1917.0,"The Life of Toussaint L'Ouverture, the Negro Patriot of Hayti: Comp... (2 chunks); Battles and Victories of Allen Allensworth, A. M., Ph. D., Lieutena... (1 chunks); Frederick Douglass The Orator. Containing an Account of His Life; H... (1 chunks)"
432,Racial Profiling and Arrest of Free Black People,10,"heavenly union, heavenly, union theyll, union, free negro, colour person, vot resolve, law, theyll, merchant",1845.0,1863.0,"The Life and Adventures of Zamba, an African Negro King; and His Ex... (3 chunks); Horrors of the Virginian Slave Trade and of the Slave-Rearing Plant... (1 chunks); Life and Opinions of Julius Melbourn; with Sketches of the Lives an... (1 chunks)"
433,The Unreliability and Cruelty of Slave Owners,10,"colonel moore, moore, colonel, sort, mr harrison, gosnold, mr cleveland, cleveland, trueman, reproache",1836.0,1914.0,The Slave: or Memoirs of Archy Moore. Vol. I (2 chunks); A Lost Family Found; An Authentic Narrative of Cyrus Branch and His... (1 chunks); Autobiography of a Female Slave (1 chunks)
414,Obtaining and Using Free Papers,10,"mcdaniel, friedman, mr grime, anthony, grime, mr stockwell, dimmock, stockwell, peter, tuscumbia",1853.0,1895.0,Anthony Burns: A History (2 chunks); A North-Side View of Slavery. The Refugee: or the Narratives of Fug... (1 chunks); Frederick Douglass The Colored Orator (1 chunks)
435,Whipping and Plantation Punishment,10,"horse, leg, squire woodbridge, squire, bell horn, broken, highwayman, millersburg, woodbridge, ride",1847.0,1907.0,"An Autobiography. Bond and Free: Or, Yearnings for Freedom, from My... (2 chunks); Life and Adventures of Nat Love, Better Known in the Cattle Country... (1 chunks); Life of George Henry. Together with a Brief History of the Colored ... (1 chunks)"
436,Establishing Free Black Communities in Upper Canada,10,"florence, enterprise, liberia, citizen, settlement, mound bayou, color people, mound, florence village, florence enterprise",1853.0,1912.0,"The Looking-Glass: Being a True Report and Narrative of the Life, T... (4 chunks); A Brief Miscellaneous Narrative of the More Early Part of the Life ... (2 chunks); A Narrative of the Negro (1 chunks)"
437,Racial Superiority and Biblical Justification,10,"everett, mr everett, mum bett, mum, briton, herodotus, race, greek roman, rome, bett",1810.0,1926.0,"Autobiography of a Fugitive Negro: His Anti-Slavery Labours in the ... (2 chunks); The Black Man: His Antecedents, His Genius, and His Achievements (2 chunks); The Colored Patriots of the American Revolution: With Sketches of S... (2 chunks)"
415,Abraham Lincoln's Presidency,10,"executive mansion, president, lincoln, citizen, motto, dorsey, mansion, johnson, individual motto, executive",1853.0,1906.0,"Life and Times of Frederick Douglass: His Early Life as a Slave, Hi... (3 chunks); Life and Times of Frederick Douglass, Written by Himself. His Early... (2 chunks); Life of Charles T. Walker, D.D., (""The Black Spurgeon."") Pastor Mt.... (2 chunks)"
406,Racial Harmony and Church Relations,10,"bettis, marshpee, potter, seth, church, barne, white people, mt canaan, alexander bettis, churche",1855.0,1915.0,"A North-Side View of Slavery. The Refugee: or the Narratives of Fug... (1 chunks); Autobiography of Rev. Thomas W. Henry, of the A. M. E. Church (1 chunks); Brief Sketch of the Life and Labors of Rev. Alexander Bettis. Also ... (1 chunks)"
413,Romantic Relationships Between Slaves,10,"darl, paul, sweet, oh paul, wishe parent, lavasser, ah, eugene, shame, mistress",1840.0,1894.0,"The Story of a Slave. A Realistic Revelation of a Social Relation o... (6 chunks); The White Slave; or, Memoirs of a Fugitive (2 chunks); Autobiography of a Female Slave (1 chunks)"
412,"Overseer, Perkinson, Farm, Major Thornton",10,"overseer, perkinson, farm, major thornton, weeden, whip, thornton, team, religious slaveholder, major",1831.0,1895.0,"The New Man: Twenty-Nine Years a Slave,Twenty-Nine Years a Free Man (3 chunks); The Slave: or Memoirs of Archy Moore. Vol. I (2 chunks); From Slave Cabin to the Pulpit. The Autobiography of Rev. Peter Ran... (1 chunks)"
390,Faith and Resilience in the Face of Oppression,10,"universe, spiritual, divine, empire, lotte, influx, creation, abolition death, death involve, god life",1859.0,1898.0,"Autobiography, Sermons, Addresses, and Essays of Bishop L. H. Holse... (6 chunks); The Rev. J. W. Loguen, as a Slave and as a Freeman. A Narrative of ... (3 chunks); Uncle Johnson, the Pilgrim of Six Score Years (1 chunks)"
391,Racial Equality and Voting Rights,10,"ballot, political, race, white man, political right, ignorant, education property, criticism, law, southern",1893.0,1917.0,"An Autobiography: The Story of My Life and Work (2 chunks); Booker T. Washington, Builder of a Civilization (2 chunks); My Life and Work (2 chunks)"
392,Respect for Educated and Influential Figures,10,"armstrong, liberia, general armstrong, toussaint, westminister, mr holly, holly, dr walker, hair, president",1854.0,1902.0,"Memoir of Pierre Toussaint, Born a Slave in St. Domingo (2 chunks); God's Image in Ebony: Being a Series of Biographical Sketches, Fact... (1 chunks); Life of Charles T. Walker, D.D., (""The Black Spurgeon."") Pastor Mt.... (1 chunks)"
393,Whipping and Plantation Punishment,10,"ranaway, subscriber, reward, negro man, ranaway subscriber, mdonald, county, subscriber negro, lurk, reward ranaway",1835.0,1849.0,"American Slavery As It Is: Testimony of a Thousand Witnesses (6 chunks); Narrative of William W. Brown, an American Slave. Written by Himself (2 chunks); Narrative and Writings of Andrew Jackson, of Kentucky; Containing a... (1 chunks)"
394,Rank and Social Status of Officers,10,"chaplain, officer, chaplain allensworth, social, command officer, post, allensworth, regiment, rank, staff",1878.0,1914.0,"Battles and Victories of Allen Allensworth, A. M., Ph. D., Lieutena... (7 chunks); The Colored Cadet at West Point. Autobiography of Lieut. Henry Ossi... (3 chunks)"
395,Voting Rights and Racial Tensions in the Late 19th Century,10,"pinchback, governor, antiprohibition, republican, warmouth, governor warmouth, vote, mr pinchback, oh south, senate",1861.0,1914.0,"Men of Mark: Eminent, Progressive and Rising (3 chunks); An Autobiography. Bond and Free: Or, Yearnings for Freedom, from My... (1 chunks); Autobiography and Work of Bishop M. F. Jamison, D.D. (""Uncle Joe"") ... (1 chunks)"
396,False Accusations and Plantation Punishment,10,"jailer, watch, geese, arrest, struck, bate, john bate, mansfield, corner, note",1849.0,1924.0,"Life and Adventures of James Williams, a Fugitive Slave, with a Ful... (4 chunks); An Autobiography. Bond and Free: Or, Yearnings for Freedom, from My... (2 chunks); Memoirs of Samuel Spottford Clement Relating Interesting Experience... (1 chunks)"
397,Spiritual Conversion and Faith,10,"lord, brother henson, pray, baptiz, henson, bles, revival, holy spirit, sister, elder",1852.0,1926.0,"An Autobiography: The Story of the Lord's Dealings with Mrs. Amanda... (3 chunks); Twice Sold, Twice Ransomed: Autobiography of Mr. and Mrs. L. P. Ray (3 chunks); Africa for Christ. Twenty-Eight Years a Slave (1 chunks)"
398,"Auld, Capt, Capt Anthony, Old Master",10,"auld, capt, capt anthony, old master, slaveholder, lucretia, divid, capt auld, aversion preference, hugh",1839.0,1887.0,"My Bondage and My Freedom. Part I. Life as a Slave. Part II. Life a... (3 chunks); Life and Times of Frederick Douglass: His Early Life as a Slave, Hi... (2 chunks); A Tribute for the Negro: Being a Vindication of the Moral, Intellec... (1 chunks)"
399,Tracking a Fugitive,10,"hardy, hound, blood hound, dogs, dog, owner dog, swamp, wood, pursuit, scent",1837.0,1882.0,"Slavery in the United States: A Narrative of the Life and Adventure... (3 chunks); Fifty Years in Chains, or, The Life of an American Slave (2 chunks); Bond and Free: A Tale of the South (1 chunks)"
400,"Snake, Panther, Rattlesnake, Dog",10,"snake, panther, rattlesnake, dog, lady lay, stick, ivy, bough, bed, cypress",1837.0,1913.0,"Slavery in the United States: A Narrative of the Life and Adventure... (3 chunks); Chains and Freedom: Or, The Life and Adventures of Peter Wheeler, a... (1 chunks); Fifty Years in Chains, or, The Life of an American Slave (1 chunks)"
401,"Dear Lizzie, Lizzie, Letter, Circular",10,"dear lizzie, lizzie, letter, circular, write, dear, ramsey, chicago, col horton, send",1856.0,1868.0,"Behind the Scenes, or, Thirty years a Slave, and Four Years in the ... (7 chunks); Louisa Picquet, the Octoroon, or, Inside Views of Southern Domestic... (2 chunks); The Kidnapped and the Ransomed. Recollections of Peter Still and Hi... (1 chunks)"
402,Abolitionist Politics and Conventions,10,"douglass, party, gerrit smith, gerrit, garrisonian, liberty party, abolition, antislavery, convention, john brown",1881.0,1914.0,"Frederick Douglass (3 chunks); Frederick Douglass The Colored Orator (3 chunks); Battles and Victories of Allen Allensworth, A. M., Ph. D., Lieutena... (1 chunks)"
403,"King Glory, Chorus, Toussaint, Stewart",10,"king glory, chorus, toussaint, stewart, rosalie, thou, evelyn, glory, sea, placido",1827.0,1897.0,"A Brief Miscellaneous Narrative of the More Early Part of the Life ... (1 chunks); Aunt Dice: The Story of a Faithful Slave (1 chunks); Memoir of Pierre Toussaint, Born a Slave in St. Domingo (1 chunks)"
404,Escape from Slavery,10,"haytien, spr meadow, fight, meadow, clerc, le clerc, march, toussaint, toussaint loverture, le",1810.0,1926.0,"John Jasper: The Unmatched Negro Philosopher and Preacher (1 chunks); Last of the Pioneers: Or, Old Times in East Tenn., Being the Life a... (1 chunks); Reflections on the Life and Times of Toussaint L'Overture, the Negr... (1 chunks)"
405,Church Life and Community,10,"pastor, th lectur, preach, norris, lectur, church, congregation, th, mrs norris, schoolhouse",1847.0,1908.0,"The Life of Rev. Robert Anderson. Born the 22d Day of February, in ... (3 chunks); The Anderson Surpriser. Written After He Was Seventy-Five Years of ... (2 chunks); A Brief Miscellaneous Narrative of the More Early Part of the Life ... (1 chunks)"
407,Jasper's Ministry and Community,10,"jasper, richmond, ter, mr jasper, ter preach, colour, sermon, preacher, preach, exultation",1848.0,1914.0,"John Jasper: The Unmatched Negro Philosopher and Preacher (5 chunks); A Tribute for the Negro: Being a Vindication of the Moral, Intellec... (1 chunks); Autobiography of a Female Slave (1 chunks)"
408,"Claimant, Identity, Record, Burn",10,"claimant, identity, record, burn, evidence, suttle, brent, anthony burn, anthony, millspaugh",1856.0,1856.0,Anthony Burns: A History (10 chunks)
409,"Mayor, Marshal, Military, Edmand",10,"mayor, marshal, military, edmand, police, state street, hallett, boston, peace city, street",1856.0,1856.0,Anthony Burns: A History (10 chunks)
410,Conversion and Spiritual Experience,10,"license, exhort, brethren, preach, soul, exercis, grace, trial, convert, license exhorter",1810.0,1854.0,"A Brief Account of the Life, Experience, Travels, and Gospel Labour... (8 chunks); God's Image in Ebony: Being a Series of Biographical Sketches, Fact... (1 chunks); The Life, Labors, and Travels of Elder Charles Bowles, of the Free ... (1 chunks)"
411,American Politics and Leadership,10,"republican, president, party, office, democratic, marshal, republican party, democratic party, republican state, convention",1887.0,1917.0,"Men of Mark: Eminent, Progressive and Rising (7 chunks); Frederick Douglass (1 chunks); Life and Times of Frederick Douglass, Written by Himself. His Early... (1 chunks)"
438,Toussaint L'Ouverture's Life and Legacy,10,"toussaint, toussaint loverture, loverture, louverture, fiction, toussaint louverture, hayti, patriot, haytien, deed",1847.0,1886.0,"God's Image in Ebony: Being a Series of Biographical Sketches, Fact... (2 chunks); Life and Opinions of Julius Melbourn; with Sketches of the Lives an... (2 chunks); Reflections on the Life and Times of Toussaint L'Overture, the Negr... (2 chunks)"
