topic,count,default_name,year_min,year_max,top_documents
-1,6478,-1_church_lord_school_dollar,1734,1980,"An Autobiography: The Story of the Lord's Dealings with Mrs. Amanda Smith, the Colored Evangelist: Containing an Account of Her Life Work of Faith, and Her Travels in America, England, Ireland, Scotland, India, and Africa as an Independent Missionary (Amanda  Smith): 172 | Men of Mark: Eminent, Progressive and Rising (William J. Simmons): 155 | Life and Times of Frederick Douglass, Written by Himself. His Early Life as a Slave, His Escape from Bondage, and His Complete History to the Present Time, Including His Connection with the Anti-slavery Movement; His Labors in Great Britain as Well as in His Own Country; His Experience in the Conduct of an Influential Newspaper; His Connection with the Underground Railroad; His Relations with John Brown and the Harpers Ferry Raid;  His Recruiting the 54th and 55th Mass. Colored Regiments; His Interviews with Presidents Lincoln and Johnson; His Appointment by Gen. Grant to Accompany the Santo Domingo Commission&#x2014;Also to a Seat in the Council of the District of Columbia; His Appointment as United States Marshal by President R. B. Hayes; Also His Appointment to Be Recorder of Deeds in Washington by President J. A. Garfield; with Many Other Interesting and Important Events of His Most Eventful Life; With an Introduction by Mr. George L. Ruffin, of Boston (Frederick  Douglass): 142 | Life and Times of Frederick Douglass: His Early Life as a Slave, His Escape from Bondage, and His Complete History to the Present Time (Frederick  Douglass): 127 | American Slavery As It Is: Testimony of a Thousand Witnesses (Theodore Dwight Weld): 99"
0,137,0_oer_thou_thee_thine,1826,1926,"Memoir and Poems of Phillis Wheatley, a Native African and a Slave. Dedicated to the Friends of the Africans (Phillis  Wheatley): 22 | The Poetical Works of George M. Horton: The Colored Bard of North Carolina: To Which is Prefixed the Life of the Author, Written by Himself (George Moses Horton): 14 | A Tribute for the Negro: Being a Vindication of the Moral, Intellectual, and Religious Capabilities of the Colored Portion of Mankind; with Particular Reference to the African Race (Wilson  Armistead): 10 | Biographical Sketches and Interesting Anecdotes of Persons of Colour. To Which is Added, a Selection of Pieces in Poetry (Abigail  Mott): 8 | Memoirs of Elleanor Eldridge (Frances H. Green): 6"
1,113,1_religion_slaveholder_antislavery_church,1831,1914,"Pictures of Slavery in Church and State; Including Personal Reminiscences, Biographical Sketches, Anecdotes, etc. etc.  with an Appendix, Containing the Views of John Wesley and Richard Watson on Slavery (John Dixon Long): 26 | Autobiography of a Fugitive Negro: His Anti-Slavery Labours in the United States, Canada, &amp; England (Samuel Ringgold Ward): 11 | Poems by a Slave in the Island of Cuba, Recently Liberated; Translated from the Spanish, by R. R. Madden, M.D. With the History of the Early Life of the Negro Poet, Written by Himself; to Which Are Prefixed Two Pieces Descriptive of Cuban Slavery and the Slave-Traffic, by R. R. M. (Juan Francisco Manzano): 7 | Uncle Tom's Companions: Or, Facts Stranger Than Fiction.  A Supplement to Uncle Tom's Cabin: Being Startling Incidents in the Lives of Celebrated Fugitive Slaves. (John Passmore Edwards): 6 | Struggles for Freedom; or The Life of James Watkins, Formerly a Slave in Maryland, U. S.; in Which is Detailed a Graphic Account of His Extraordinary Escape from Slavery, Notices of the Fugitive Slave Law, the Sentiments of American Divines on the Subject of Slavery, etc., etc. (James  Watkins): 4"
2,101,2_race_color people_prejudice_equality,1842,1929,"The History of My Life and Work. Autobiography by Rev. M. L. Latta, A.M., D.D. (M. L. Latta): 17 | Booker T. Washington, Builder of a Civilization (Emmett J. Scott): 9 | An Autobiography: The Story of My Life and Work (Booker T. Washington): 8 | Frederick Douglass The Colored Orator (Frederic May Holland): 6 | My Life and Work (Alexander  Walters): 5"
3,95,3_thou_christ_righteous_lord,1789,1929,"The Life, History, and Unparalleled Sufferings of John Jea, the African Preacher. Compiled and Written by Himself (John  Jea): 12 | From Log Cabin to the Pulpit, or, Fifteen Years in Slavery (William H. Robinson): 7 | The Life of the Rev. Dandridge F. Davis, of the African M. E. Church. With a Brief Account of His Conversion and Ministerial Labors, from August 1834, till March 1847. Also, a Brief Sketch of the Life of the Rev. David Conyou, of the A. M. E. C. and His Ministerial Labors. To Which Is Annexed the Funeral Discourse Delivered at the Ohio Conference, in Zanesville, on the Decease of the Rev. D. F. Davis, by the Author (A. R. Green): 7 | Narrative and Writings of Andrew Jackson, of Kentucky; Containing an Account of His Birth, and Twenty-Six Years of His Life While a Slave; His Escape; Five Years of Freedom, Together with Anecdotes Relating to Slavery; Journal of One Year's Travels; Sketches, etc. Narrated by Himself; Written by a Friend (Andrew  Jackson): 4 | A Brief Miscellaneous Narrative of the More Early Part of the Life of L. Tilmon: Pastor of a Colored Methodist Congregational Church in the City of New York (Levin  Tilmon): 4"
4,93,4_book_pastor_sell book_buy book,1851,1895,"The Anderson Surpriser. Written After He Was Seventy-Five Years of Age. The Author Was Born in Liberty County, Ga., on the 22d Day of February, in the Year of Our Lord, 1819, and United with the Methodist Episcopal Church in the Year 1839. This Book Contains an Account of His Florida and Northern Trip, Written by Himself, Giving Much Valuable Information of the People Among Whom He Had Been Several Months (Robert  Anderson): 48 | The Life of Rev. Robert Anderson. Born the 22d Day of February, in the Year of Our Lord 1819, and Joined the Methodist Episcopal Church in 1839. This Book Shall Be Called The Young Men's Guide, Or, the Brother in White (Robert  Anderson): 33 | An Autobiography. Bond and Free:  Or, Yearnings for Freedom, from My Green Brier House. Being the Story of My Life in Bondage, and My Life in Freedom (Israel  Campbell): 2 | A Family Redeemed from Bondage; Being Rev. Edmond Kelley, (the Author,) His Wife, and Four Children (Edmond  Kelley): 2 | Twelve Years a Slave: Narrative of Solomon Northup, a Citizen of New-York, Kidnapped in Washington City in 1841, and Rescued in 1853 (Solomon  Northup): 1"
5,92,5_folger_matthia_mrs folger_mr folger,1831,1898,"Fanaticism; Its Source and Influence, Illustrated by the Simple Narrative of Isabella, in the Case of Matthias, Mr. and Mrs. B. Folger, Mr. Pierson, Mr. Mills, Catherine, Isabella, &amp;c. &amp;c. A Reply to W. L. Stone, with the Descriptive Portraits of All the Parties, While at Sing-Sing and at Third  Street. - Containing the Whole Truth - and Nothing but the Truth (G.  Vale): 78 | John and Mary; or, The Fugitive Slaves, a Tale of South-Eastern Pennsylvania (Ellwood  Griest): 2 | Narrative of Sojourner Truth, a Northern Slave, Emancipated from Bodily Servitude by the State of New York, in 1828 (Sojourner  Truth): 2 | Narrative of Sojourner Truth; a Bondswoman of Olden Time, Emancipated by the New York Legislature in the Early Part of the Present Century; with a History of Her Labors and Correspondence Drawn from Her ""Book of Life;"" Also, a Memorial Chapter, Giving the Particulars of Her Last Sickness and Death. (Sojourner  Truth): 2 | Twenty-Two Years a Slave, and Forty Years a Freeman; Embracing a Correspondence of Several Years, While President of Wilberforce Colony, London, Canada West (Austin  Steward): 1"
6,92,6_narrative_book_author_written,1810,1980,"Uncle Tom's Companions: Or, Facts Stranger Than Fiction.  A Supplement to Uncle Tom's Cabin: Being Startling Incidents in the Lives of Celebrated Fugitive Slaves. (John Passmore Edwards): 4 | Narrative of the Life and Adventures of Henry Bibb, an American Slave, Written by Himself (Henry  Bibb): 4 | Narrative and Writings of Andrew Jackson, of Kentucky; Containing an Account of His Birth, and Twenty-Six Years of His Life While a Slave; His Escape; Five Years of Freedom, Together with Anecdotes Relating to Slavery; Journal of One Year's Travels; Sketches, etc. Narrated by Himself; Written by a Friend (Andrew  Jackson): 3 | The New Man: Twenty-Nine Years a Slave,Twenty-Nine Years a Free Man (Henry Clay Bruce): 3 | American Slavery As It Is: Testimony of a Thousand Witnesses (Theodore Dwight Weld): 2"
7,87,7_convict_prison_warden_prisoner,1848,1914,"Buried Alive (Behind Prison Walls) for a Quarter of a Century: Life of William Walker (William  Walker): 62 | Toussaint L'Ouverture: A Biography and Autobiography (J. R. Beard): 4 | The Rev. J. W. Loguen, as a Slave and as a Freeman. A Narrative of Real Life (J. W. Loguen): 3 | Life and Adventures of Nat Love, Better Known in the Cattle Country as ""Deadwood Dick,"" by Himself; a True History of Slavery Days, Life on the Great Cattle Ranges and on the Plains of the ""Wild and Woolly"" West, Based on Facts, and Personal Experiences of the Author (Nat  Love): 2 | The Life of Toussaint L'Ouverture, the Negro Patriot of Hayti: Comprising an Account of the Struggle for Liberty in the Island, and a Sketch of Its History to the Present Period (J. R. Beard): 2"
8,85,8_whip_mistress_covey_overseer,1810,1929,"Slavery in the United States: A Narrative of the Life and Adventures of Charles Ball, a Black Man, Who Lived Forty Years in Maryland, South Carolina and Georgia, as a Slave Under Various Masters, and was One Year in the Navy with Commodore Barney, During the Late War (Charles  Ball): 8 | Fifty Years in Chains, or, The Life of an American Slave (Charles  Ball): 6 | The Blind African Slave, or Memoirs of Boyrereau Brinch, Nick-named Jeffrey Brace. Containing an Account of the Kingdom of Bow-Woo, in the Interior of Africa; with the Climate and Natural Productions, Laws, and Customs Peculiar to That Place. With an Account of His Captivity, Sufferings, Sales, Travels, Emancipation, Conversion to the Christian Religion, Knowledge of the Scriptures, &amp;c. Interspersed with Strictures on Slavery, Speculative Observations on the Qualities of Human Nature, with Quotation from Scripture (Boyrereau  Brinch): 5 | Life of William Grimes, the Runaway Slave, Brought Down to the Present Time. (William  Grimes): 4 | Slave Life in Virginia and Kentucky; or, Fifty Years of Slavery in the Southern States of America (Francis  Fedric): 4"
9,85,9_elder_bowle_preach_th,1810,1916,"The Life, Labors, and Travels of Elder Charles Bowles, of the Free Will Baptist Denomination, by Eld. John W. Lewis. Together with an Essay on the Character and Condition of the African Race by the Same. Also, an Essay on the Fugitive Law of the U. S. Congress of 1850, by Rev. Arthur Dearing (John W. Lewis): 66 | A Brief Account of the Life, Experience, Travels, and Gospel Labours of George White, an African; Written by Himself, and Revised by a Friend (George  White): 4 | The Life of the Rev. Dandridge F. Davis, of the African M. E. Church. With a Brief Account of His Conversion and Ministerial Labors, from August 1834, till March 1847. Also, a Brief Sketch of the Life of the Rev. David Conyou, of the A. M. E. C. and His Ministerial Labors. To Which Is Annexed the Funeral Discourse Delivered at the Ohio Conference, in Zanesville, on the Decease of the Rev. D. F. Davis, by the Author (A. R. Green): 2 | Autobiography of Bishop Isaac Lane, LL.D. with a Short History of the C.M.E. Church in America and of Methodism (Isaac  Lane): 1 | From Log Cabin to the Pulpit, or, Fifteen Years in Slavery (William H. Robinson): 1"
10,83,10_jasper_church_preach_mr jasper,1833,1929,"Men of Mark: Eminent, Progressive and Rising (William J. Simmons): 8 | Biography of Rev. David Smith of the A. M. E. Church; Being a Complete History, Embracing over Sixty Years' Labor in the Advancement of the Redeemer's Kingdom on Earth. Including ""The History of the Origin and Development of Wilberforce University."" (David  Smith): 7 | The Life of Rev. John Jasper, Pastor of Sixth Mt. Zion Baptist Church, Richmond, Va., from His Birth to the Present Time, with His Theory on the Rotation of the Sun (Edwin Archer Randolph): 5 | Autobiography and Work of Bishop M. F. Jamison, D.D. (""Uncle Joe"") Editor, Publisher, and Church Extension Secretary; a Narration of His Whole Career from the Cradle to the Bishopric of the Colored M. E. Church in America (M. F. Jamison): 5 | John Jasper: The Unmatched Negro Philosopher and Preacher (William E. Hatcher): 4"
11,77,11_rebel_camp_soldier_regiment,1782,1929,"Life and History of the Rev. Elijah P. Marrs, First Pastor of Beargrass Baptist Church, and Author (Elijah P. Marrs): 20 | Reminiscences of My Life in Camp with the 33d United States Colored Troops Late 1st S. C. Volunteers (Susie King Taylor): 11 | Battles and Victories of Allen Allensworth, A. M., Ph. D., Lieutenant-Colonel, Retired, U. S. Army (Charles  Alexander): 5 | Lunsford Lane; or, Another Helper from North Carolina (William G. Hawkins): 4 | Thirty Years a Slave: From Bondage to Freedom: The Institution of Slavery as Seen on the Plantation and in the Home of the Planter (Louis  Hughes): 3"
12,76,12_school_student_tuskegee_education,1854,1929,"My Larger Education: Being Chapters from My Experience (Booker T. Washington): 22 | An Autobiography: The Story of My Life and Work (Booker T. Washington): 12 | Up from Slavery: An Autobiography (Booker T. Washington): 10 | Booker T. Washington, Builder of a Civilization (Emmett J. Scott): 9 | Biography of Rev. David Smith of the A. M. E. Church; Being a Complete History, Embracing over Sixty Years' Labor in the Advancement of the Redeemer's Kingdom on Earth. Including ""The History of the Origin and Development of Wilberforce University."" (David  Smith): 3"
13,76,13_whip_murder_gore_lloyd,1831,1918,"American Slavery As It Is: Testimony of a Thousand Witnesses (Theodore Dwight Weld): 29 | Uncle Tom's Companions: Or, Facts Stranger Than Fiction.  A Supplement to Uncle Tom's Cabin: Being Startling Incidents in the Lives of Celebrated Fugitive Slaves. (John Passmore Edwards): 5 | Fifty Years of Slavery in the United States of America (Harry  Smith): 3 | My Bondage and My Freedom. Part I. Life as a Slave. Part II. Life as a Freeman (Frederick  Douglass): 3 | Negro Slavery Described by a Negro: Being the Narrative of Ashton Warner, a Native of St. Vincent's. With an Appendix Containing the Testimony of Four Christian Ministers, Recently Returned from the Colonies, on the System of Slavery as It Now Exists (Ashton  Warner): 2"
14,75,14_sancho_letter_sancho letter_mrs sancho,1782,1908,"Letters of the Late Ignatius Sancho, An African. In Two Volumes. To Which Are Prefixed, Memoirs of His Life. Vol. II (Ignatius  Sancho): 34 | Letters of the Late Ignatius Sancho, An African. In Two Volumes. To Which Are Prefixed, Memoirs of His Life. Vol. I (Ignatius  Sancho): 28 | A Tribute for the Negro: Being a Vindication of the Moral, Intellectual, and Religious Capabilities of the Colored Portion of Mankind; with Particular Reference to the African Race (Wilson  Armistead): 4 | Behind the Scenes, or, Thirty years a Slave, and Four Years in the White House (Elizabeth  Keckley): 2 | Twenty-Two Years a Slave, and Forty Years a Freeman; Embracing a Correspondence of Several Years, While President of Wilberforce Colony, London, Canada West (Austin  Steward): 1"
15,74,15_law_laws_public opinion_protection,1831,1980,"American Slavery As It Is: Testimony of a Thousand Witnesses (Theodore Dwight Weld): 15 | Battles and Victories of Allen Allensworth, A. M., Ph. D., Lieutenant-Colonel, Retired, U. S. Army (Charles  Alexander): 8 | Poems by a Slave in the Island of Cuba, Recently Liberated; Translated from the Spanish, by R. R. Madden, M.D. With the History of the Early Life of the Negro Poet, Written by Himself; to Which Are Prefixed Two Pieces Descriptive of Cuban Slavery and the Slave-Traffic, by R. R. M. (Juan Francisco Manzano): 6 | Narrative of William W. Brown, an American Slave. Written by Himself (William Wells Brown): 6 | Negro Slavery Described by a Negro: Being the Narrative of Ashton Warner, a Native of St. Vincent's. With an Appendix Containing the Testimony of Four Christian Ministers, Recently Returned from the Colonies, on the System of Slavery as It Now Exists (Ashton  Warner): 4"
16,73,16_cloth_field_plantation_overseer,1789,1917,"American Slavery As It Is: Testimony of a Thousand Witnesses (Theodore Dwight Weld): 18 | Slavery in the United States: A Narrative of the Life and Adventures of Charles Ball, a Black Man, Who Lived Forty Years in Maryland, South Carolina and Georgia, as a Slave Under Various Masters, and was One Year in the Navy with Commodore Barney, During the Late War (Charles  Ball): 5 | Negro Slavery Described by a Negro: Being the Narrative of Ashton Warner, a Native of St. Vincent's. With an Appendix Containing the Testimony of Four Christian Ministers, Recently Returned from the Colonies, on the System of Slavery as It Now Exists (Ashton  Warner): 4 | Recollections of Slavery Times (Allen  Parker): 3 | Slave Life in Georgia: A Narrative of the Life, Sufferings, and Escape of John Brown, a Fugitive Slave, Now in England (John  Brown): 3"
17,72,17_sold_sale_hall_sell,1789,1929,"The History of Mary Prince, a West Indian Slave. Related by Herself. With a Supplement by the Editor. To Which Is Added, the Narrative of Asa-Asa, a Captured African (Mary  Prince): 4 | Incidents in the Life of a Slave Girl. Written by Herself (Harriet A. Jacobs): 3 | The Rev. J. W. Loguen, as a Slave and as a Freeman. A Narrative of Real Life (J. W. Loguen): 3 | Samuel Hall, 47 Years a Slave; A Brief Story of His Life Before and After Freedom Came to Him (Samuel  Hall): 3 | Lunsford Lane; or, Another Helper from North Carolina (William G. Hawkins): 2"
18,70,18_trader_sold_sale_new master,1825,1912,"The White Slave; or, Memoirs of a Fugitive (Richard  Hildreth): 10 | Trials and Confessions of Madison Henderson, Alias Blanchard, Alfred Amos Warrick, James W. Seward, and Charles Brown, Murderers of Jesse Baker and Jacob Weaver, as Given by Themselves; and a Likeness of Each, Taken in Jail Shortly after Their Arrest (Madison  Henderson): 4 | The Life and Adventures of Zamba, an African Negro King; and His Experience of Slavery in South Carolina. Written by Himself. Corrected and Arranged by Peter Neilson (Peter  Neilson): 3 | The Slave: or Memoirs of Archy Moore. Vol. I (Richard  Hildreth): 3 | Slave Life in Georgia: A Narrative of the Life, Sufferings, and Escape of John Brown, a Fugitive Slave, Now in England (John  Brown): 3"
19,68,19_liberty_government_constitution_principle,1836,1929,"Narrative of Henry Box Brown, Who Escaped from Slavery, Enclosed in a Box 3 Feet Long and 2 Wide. Written from a Statement of Facts Made by Himself. With Remarks Upon the Remedy for Slavery. By Charles Stearns (Henry Box Brown): 5 | Frederick Douglass The Colored Orator (Frederic May Holland): 5 | Pictures of Slavery in Church and State; Including Personal Reminiscences, Biographical Sketches, Anecdotes, etc. etc.  with an Appendix, Containing the Views of John Wesley and Richard Watson on Slavery (John Dixon Long): 3 | Narrative and Writings of Andrew Jackson, of Kentucky; Containing an Account of His Birth, and Twenty-Six Years of His Life While a Slave; His Escape; Five Years of Freedom, Together with Anecdotes Relating to Slavery; Journal of One Year's Travels; Sketches, etc. Narrated by Himself; Written by a Friend (Andrew  Jackson): 3 | The Black Man: His Antecedents, His Genius, and His Achievements (William Wells Brown): 3"
20,67,20_jesus_lord_christ_soul,1789,1924,"A Tribute for the Negro: Being a Vindication of the Moral, Intellectual, and Religious Capabilities of the Colored Portion of Mankind; with Particular Reference to the African Race (Wilson  Armistead): 6 | The Life of the Rev. Dandridge F. Davis, of the African M. E. Church. With a Brief Account of His Conversion and Ministerial Labors, from August 1834, till March 1847. Also, a Brief Sketch of the Life of the Rev. David Conyou, of the A. M. E. C. and His Ministerial Labors. To Which Is Annexed the Funeral Discourse Delivered at the Ohio Conference, in Zanesville, on the Decease of the Rev. D. F. Davis, by the Author (A. R. Green): 5 | The Interesting Narrative of the Life of Olaudah Equiano, or Gustavus Vassa, the African. Written by Himself. Vol. II. (Olaudah  Equiano): 5 | The Life, History, and Unparalleled Sufferings of John Jea, the African Preacher. Compiled and Written by Himself (John  Jea): 4 | The Life, Labors, and Travels of Elder Charles Bowles, of the Free Will Baptist Denomination, by Eld. John W. Lewis. Together with an Essay on the Character and Condition of the African Race by the Same. Also, an Essay on the Fugitive Law of the U. S. Congress of 1850, by Rev. Arthur Dearing (John W. Lewis): 3"
21,64,21_christ_lord_resurrection_christian,1770,1908,"The African Preacher. An Authentic Narrative (William S. White): 11 | The Life of the Rev. Dandridge F. Davis, of the African M. E. Church. With a Brief Account of His Conversion and Ministerial Labors, from August 1834, till March 1847. Also, a Brief Sketch of the Life of the Rev. David Conyou, of the A. M. E. C. and His Ministerial Labors. To Which Is Annexed the Funeral Discourse Delivered at the Ohio Conference, in Zanesville, on the Decease of the Rev. D. F. Davis, by the Author (A. R. Green): 6 | A Tribute for the Negro: Being a Vindication of the Moral, Intellectual, and Religious Capabilities of the Colored Portion of Mankind; with Particular Reference to the African Race (Wilson  Armistead): 6 | Narratives of Colored Americans (Abigail  Mott): 5 | Memoir of Pierre Toussaint, Born a Slave in St. Domingo (Hannah Farnham Sawyer Lee): 4"
22,61,22_church_conference_member_pastor,1833,1924,"Life and Labors of Rev. Jordan W. Early, One of the Pioneers of African Methodism in the West and South (Sarah J. W. Early): 22 | Pastor Henry N. Jeter's Twenty-five Years Experience with the Shiloh Baptist Church and Her History. Corner School and Mary Streets, Newport, R. I. (Henry N. Jeter): 6 | Autobiography and Work of Bishop M. F. Jamison, D.D. (""Uncle Joe"") Editor, Publisher, and Church Extension Secretary; a Narration of His Whole Career from the Cradle to the Bishopric of the Colored M. E. Church in America (M. F. Jamison): 4 | Battles and Victories of Allen Allensworth, A. M., Ph. D., Lieutenant-Colonel, Retired, U. S. Army (Charles  Alexander): 4 | Autobiography of Bishop Isaac Lane, LL.D. with a Short History of the C.M.E. Church in America and of Methodism (Isaac  Lane): 3"
23,61,23_kidnapper_fugitive_carriage_escape,1836,1918,"Narratives of the Sufferings of Lewis and Milton Clarke, Sons of a Soldier of the Revolution, During a Captivity of More than Twenty Years Among the Slaveholders of Kentucky, One of the So-Called Christian States of North America (Lewis Garrard Clarke): 5 | Narrative of William W. Brown, an American Slave. Written by Himself (William Wells Brown): 3 | Lunsford Lane; or, Another Helper from North Carolina (William G. Hawkins): 3 | Slave Life in Georgia: A Narrative of the Life, Sufferings, and Escape of John Brown, a Fugitive Slave, Now in England (John  Brown): 3 | Life and Times of Frederick Douglass, Written by Himself. His Early Life as a Slave, His Escape from Bondage, and His Complete History to the Present Time, Including His Connection with the Anti-slavery Movement; His Labors in Great Britain as Well as in His Own Country; His Experience in the Conduct of an Influential Newspaper; His Connection with the Underground Railroad; His Relations with John Brown and the Harpers Ferry Raid;  His Recruiting the 54th and 55th Mass. Colored Regiments; His Interviews with Presidents Lincoln and Johnson; His Appointment by Gen. Grant to Accompany the Santo Domingo Commission&#x2014;Also to a Seat in the Council of the District of Columbia; His Appointment as United States Marshal by President R. B. Hayes; Also His Appointment to Be Recorder of Deeds in Washington by President J. A. Garfield; with Many Other Interesting and Important Events of His Most Eventful Life; With an Introduction by Mr. George L. Ruffin, of Boston (Frederick  Douglass): 3"
24,61,24_court_jury_lewis_judge,1825,1917,"Out of the Ditch.  A True Story of an Ex-Slave (J. Vance Lewis): 19 | From Slavery to Wealth. The Life of Scott Bond.  The Rewards of Honesty, Industry, Economy and Perseverance (Dan. A. Rudd): 4 | Autobiography and Work of Bishop M. F. Jamison, D.D. (""Uncle Joe"") Editor, Publisher, and Church Extension Secretary; a Narration of His Whole Career from the Cradle to the Bishopric of the Colored M. E. Church in America (M. F. Jamison): 4 | Fanaticism; Its Source and Influence, Illustrated by the Simple Narrative of Isabella, in the Case of Matthias, Mr. and Mrs. B. Folger, Mr. Pierson, Mr. Mills, Catherine, Isabella, &amp;c. &amp;c. A Reply to W. L. Stone, with the Descriptive Portraits of All the Parties, While at Sing-Sing and at Third  Street. - Containing the Whole Truth - and Nothing but the Truth (G.  Vale): 3 | Trials and Confessions of Madison Henderson, Alias Blanchard, Alfred Amos Warrick, James W. Seward, and Charles Brown, Murderers of Jesse Baker and Jacob Weaver, as Given by Themselves; and a Likeness of Each, Taken in Jail Shortly after Their Arrest (Madison  Henderson): 3"
25,59,25_paul_ritty_cassy_mistress,1836,1897,"The Story of a Slave. A Realistic Revelation of a Social Relation of Slave Times--Hitherto Unwritten--From the Pen of One Who Has Felt Both the Lash and the Caress of a Mistress (  No Author): 34 | The White Slave; or, Memoirs of a Fugitive (Richard  Hildreth): 8 | Autobiography of a Female Slave (Martha Griffith Browne): 5 | The Slave: or Memoirs of Archy Moore. Vol. I (Richard  Hildreth): 3 | The Slave: or Memoirs of Archy Moore. Vol. II (Richard  Hildreth): 2"
26,58,26_liberty_aaron_nation_stockade,1839,1893,"Poems by a Slave in the Island of Cuba, Recently Liberated; Translated from the Spanish, by R. R. Madden, M.D. With the History of the Early Life of the Negro Poet, Written by Himself; to Which Are Prefixed Two Pieces Descriptive of Cuban Slavery and the Slave-Traffic, by R. R. M. (Juan Francisco Manzano): 4 | American Slavery As It Is: Testimony of a Thousand Witnesses (Theodore Dwight Weld): 3 | The Light and Truth of Slavery. Aaron's History (  Aaron): 3 | Uncle Tom's Companions: Or, Facts Stranger Than Fiction.  A Supplement to Uncle Tom's Cabin: Being Startling Incidents in the Lives of Celebrated Fugitive Slaves. (John Passmore Edwards): 3 | My Bondage and My Freedom. Part I. Life as a Slave. Part II. Life as a Freeman (Frederick  Douglass): 3"
27,58,27_party_territory_union_constitution,1839,1917,"Life and Times of Frederick Douglass: His Early Life as a Slave, His Escape from Bondage, and His Complete History to the Present Time (Frederick  Douglass): 8 | Life and Opinions of Julius Melbourn; with Sketches of the Lives and Characters of Thomas Jefferson, John Quincy Adams, John Randolph, and Several Other Eminent American Statesmen (Julius  Melbourn): 7 | Life and Times of Frederick Douglass, Written by Himself. His Early Life as a Slave, His Escape from Bondage, and His Complete History to the Present Time, Including His Connection with the Anti-slavery Movement; His Labors in Great Britain as Well as in His Own Country; His Experience in the Conduct of an Influential Newspaper; His Connection with the Underground Railroad; His Relations with John Brown and the Harpers Ferry Raid;  His Recruiting the 54th and 55th Mass. Colored Regiments; His Interviews with Presidents Lincoln and Johnson; His Appointment by Gen. Grant to Accompany the Santo Domingo Commission&#x2014;Also to a Seat in the Council of the District of Columbia; His Appointment as United States Marshal by President R. B. Hayes; Also His Appointment to Be Recorder of Deeds in Washington by President J. A. Garfield; with Many Other Interesting and Important Events of His Most Eventful Life; With an Introduction by Mr. George L. Ruffin, of Boston (Frederick  Douglass): 6 | Autobiography of a Fugitive Negro: His Anti-Slavery Labours in the United States, Canada, &amp; England (Samuel Ringgold Ward): 4 | Frederick Douglass (Booker T. Washington): 4"
28,57,28_passenger_steamer_board_ship,1789,1928,"An Autobiography: The Story of the Lord's Dealings with Mrs. Amanda Smith, the Colored Evangelist: Containing an Account of Her Life Work of Faith, and Her Travels in America, England, Ireland, Scotland, India, and Africa as an Independent Missionary (Amanda  Smith): 8 | The American Fugitive in Europe. Sketches of Places and People Abroad (William Wells Brown): 4 | The Looking-Glass: Being a True Report and Narrative of the Life, Travels, and Labors of the Rev. Daniel H. Peterson, a Colored Clergyman; Embracing a Period of Time from the Year 1812 to 1854, and Including His Visit to Western Africa (Daniel H. Peterson): 4 | My Life and Work (Alexander  Walters): 3 | Up from Slavery: An Autobiography (Booker T. Washington): 3"
29,56,29_acre_settlement_settler_colony,1835,1917,"A North-Side View of Slavery. The Refugee: or the Narratives of Fugitive Slaves in Canada. Related by Themselves, with an Account of the History and Condition of the Colored Population of Upper Canada (Benjamin  Drew): 15 | Twenty-Two Years a Slave, and Forty Years a Freeman; Embracing a Correspondence of Several Years, While President of Wilberforce Colony, London, Canada West (Austin  Steward): 11 | Biography of Elder Lott Cary, Late Missionary to Africa. With an Appendix on the Subject of Colonization, by J.H.B. Latrobe (James B. Taylor): 4 | An Address to All the Colored Citizens of the United States (John B. Meachum): 2 | Men of Mark: Eminent, Progressive and Rising (William J. Simmons): 2"
30,56,30_horse_road_cyrus_landlord,1836,1917,"The Rev. J. W. Loguen, as a Slave and as a Freeman. A Narrative of Real Life (J. W. Loguen): 5 | Thirty Years a Slave: From Bondage to Freedom: The Institution of Slavery as Seen on the Plantation and in the Home of the Planter (Louis  Hughes): 4 | Slave Life in Georgia: A Narrative of the Life, Sufferings, and Escape of John Brown, a Fugitive Slave, Now in England (John  Brown): 4 | The White Slave; or, Memoirs of a Fugitive (Richard  Hildreth): 4 | Narrative of the Life and Adventures of Henry Bibb, an American Slave, Written by Himself (Henry  Bibb): 3"
31,55,31_northup_deponent_solomon_ft,1790,1922,"Twelve Years a Slave: Narrative of Solomon Northup, a Citizen of New-York, Kidnapped in Washington City in 1841, and Rescued in 1853 (Solomon  Northup): 6 | A History of the Amistad Captives: Being a Circumstantial Account of the Capture of the Spanish Schooner Amistad, by the Africans on Board; Their Voyage, and Capture Near Long Island, New York; with Biographical Sketches of Each of the Surviving Africans; Also, an Account of the Trials had on Their case, Before the District and Circuit Courts of the United States, for the District of Connecticut (John Warner Barber): 5 | A Short History of the Life of Christopher McPherson, Alias Pherson, Son of Christ, King of Kings and Lord of Lords. Containing a Collection of Certificates, Letters, &amp;c. Written by Himself (Christopher  McPherson): 2 | Men of Mark: Eminent, Progressive and Rising (William J. Simmons): 2 | An Autobiography: The Story of My Life and Work (Booker T. Washington): 1"
32,54,32_animal_specy_colour_european,1789,1898,"A Tribute for the Negro: Being a Vindication of the Moral, Intellectual, and Religious Capabilities of the Colored Portion of Mankind; with Particular Reference to the African Race (Wilson  Armistead): 42 | Life and Opinions of Julius Melbourn; with Sketches of the Lives and Characters of Thomas Jefferson, John Quincy Adams, John Randolph, and Several Other Eminent American Statesmen (Julius  Melbourn): 4 | The Life, Labors, and Travels of Elder Charles Bowles, of the Free Will Baptist Denomination, by Eld. John W. Lewis. Together with an Essay on the Character and Condition of the African Race by the Same. Also, an Essay on the Fugitive Law of the U. S. Congress of 1850, by Rev. Arthur Dearing (John W. Lewis): 2 | The Blind African Slave, or Memoirs of Boyrereau Brinch, Nick-named Jeffrey Brace. Containing an Account of the Kingdom of Bow-Woo, in the Interior of Africa; with the Climate and Natural Productions, Laws, and Customs Peculiar to That Place. With an Account of His Captivity, Sufferings, Sales, Travels, Emancipation, Conversion to the Christian Religion, Knowledge of the Scriptures, &amp;c. Interspersed with Strictures on Slavery, Speculative Observations on the Qualities of Human Nature, with Quotation from Scripture (Boyrereau  Brinch): 1 | Autobiography, Sermons, Addresses, and Essays of Bishop L. H. Holsey, D. D. (Lucius Henry Holsey): 1"
33,54,33_covey_peter_marse_venture,1798,1918,"The Kidnapped and the Ransomed. Recollections of Peter Still and His Wife ""Vina,"" after Forty Years of Slavery. (Kate E. R. Pickard): 5 | Biographical Sketches and Interesting Anecdotes of Persons of Colour. To Which is Added, a Selection of Pieces in Poetry (Abigail  Mott): 4 | The Rev. J. W. Loguen, as a Slave and as a Freeman. A Narrative of Real Life (J. W. Loguen): 3 | The Fugitive Blacksmith; or, Events in the History of James W. C. Pennington, Pastor of a Presbyterian Church, New York, Formerly a Slave in the State of Maryland, United States (James W. C. Pennington): 3 | Bond and Free: A Tale of the South (Grace  Lintner): 2"
34,53,34_road_wood_travel_corn,1837,1914,"Fifty Years in Chains, or, The Life of an American Slave (Charles  Ball): 18 | Slavery in the United States: A Narrative of the Life and Adventures of Charles Ball, a Black Man, Who Lived Forty Years in Maryland, South Carolina and Georgia, as a Slave Under Various Masters, and was One Year in the Navy with Commodore Barney, During the Late War (Charles  Ball): 18 | The Fugitive Blacksmith; or, Events in the History of James W. C. Pennington, Pastor of a Presbyterian Church, New York, Formerly a Slave in the State of Maryland, United States (James W. C. Pennington): 3 | Narrative of James Williams, an American Slave, Who Was for Several Years a Driver on a Cotton Plantation in Alabama (James  Williams): 2 | Narrative of the Life of James Watkins, Formerly a ""Chattel"" in Maryland, U. S.; Containing an Account of His Escape from Slavery, Together with an Appeal on Behalf of Three Millions of Such ""Pieces of Property,"" Still Held Under the Standard of the Eagle (James  Watkins): 2"
35,53,35_sojourner_sojourner truth_harriet_truth,1869,1926,"Narrative of Sojourner Truth; a Bondswoman of Olden Time, Emancipated by the New York Legislature in the Early Part of the Present Century; with a History of Her Labors and Correspondence Drawn from Her ""Book of Life;"" Also, a Memorial Chapter, Giving the Particulars of Her Last Sickness and Death. (Sojourner  Truth): 17 | Narrative of Sojourner Truth; a Bondswoman of Olden Time, Emancipated by the New York Legislature in the Early Part of the Present Century; with a History of Her Labors and Correspondence, Drawn from Her ""Book of Life"" (Sojourner  Truth): 15 | Scenes in the Life of Harriet Tubman (Sarah H. Bradford): 6 | Harriet, the Moses of Her People (Sarah H. Bradford): 6 | Homespun Heroines and Other Women of Distinction (Hallie Q. Brown): 5"
36,51,36_dollar_hundr dollar_friedman_peter,1770,1916,"The Kidnapped and the Ransomed. Recollections of Peter Still and His Wife ""Vina,"" after Forty Years of Slavery. (Kate E. R. Pickard): 7 | The Life and Adventures of Zamba, an African Negro King; and His Experience of Slavery in South Carolina. Written by Himself. Corrected and Arranged by Peter Neilson (Peter  Neilson): 3 | Life and Opinions of Julius Melbourn; with Sketches of the Lives and Characters of Thomas Jefferson, John Quincy Adams, John Randolph, and Several Other Eminent American Statesmen (Julius  Melbourn): 3 | Life and History of William O'Neal, or, The Man Who Sold His Wife (William  O'Neal): 3 | The Life of Rev. Robert Anderson. Born the 22d Day of February, in the Year of Our Lord 1819, and Joined the Methodist Episcopal Church in 1839. This Book Shall Be Called The Young Men's Guide, Or, the Brother in White (Robert  Anderson): 2"
37,49,37_teacher_club_mrs_school,1826,1926,"Homespun Heroines and Other Women of Distinction (Hallie Q. Brown): 29 | Up from Slavery: An Autobiography (Booker T. Washington): 2 | A Narrative of the Negro (Leila Amos Pendleton): 2 | An Autobiography: The Story of My Life and Work (Booker T. Washington): 2 | Life and Labors of Rev. Jordan W. Early, One of the Pioneers of African Methodism in the West and South (Sarah J. W. Early): 1"
38,49,38_heaven_ages_earth_eternal,1811,1913,"Autobiography, Sermons, Addresses, and Essays of Bishop L. H. Holsey, D. D. (Lucius Henry Holsey): 44 | The Life, History, and Unparalleled Sufferings of John Jea, the African Preacher. Compiled and Written by Himself (John  Jea): 3 | From Log Cabin to the Pulpit, or, Fifteen Years in Slavery (William H. Robinson): 1 | The Life of John Thompson, a Fugitive Slave; Containing His History of 25 Years in Bondage, and His Providential Escape.  Written by Himself (John  Thompson): 1"
39,48,39_school_student_teacher_hampton,1848,1929,"Men of Mark: Eminent, Progressive and Rising (William J. Simmons): 14 | Up from Slavery: An Autobiography (Booker T. Washington): 7 | Booker T. Washington, Builder of a Civilization (Emmett J. Scott): 6 | An Autobiography: The Story of My Life and Work (Booker T. Washington): 2 | The Autobiography of Nicholas Said, A Native of Bournou, Eastern Soudan, Central Africa (Nicholas  Said): 2"
40,48,40_captain_ship_board_vessel,1770,1902,"The Interesting Narrative of the Life of Olaudah Equiano, or Gustavus Vassa, the African. Written by Himself. Vol. I. (Olaudah  Equiano): 9 | The Interesting Narrative of the Life of Olaudah Equiano, or Gustavus Vassa, the African. Written by Himself. Vol. II. (Olaudah  Equiano): 9 | A Tribute for the Negro: Being a Vindication of the Moral, Intellectual, and Religious Capabilities of the Colored Portion of Mankind; with Particular Reference to the African Race (Wilson  Armistead): 6 | Life and Adventures of James Williams, a Fugitive Slave, with a Full Description of the Underground Railroad (James  Williams): 2 | Life and Adventures of Robert, the Hermit of Massachusetts: Who Has Lived 14 Years in a Cave, Secluded from Human Society: Comprising, an Account of his Birth, Parentage, Sufferings, and Providential Escape from Unjust and Cruel Bondage in Early Life, and His Reasons for Becoming a Recluse (Robert  Voorhis): 2"
41,48,41_car_passenger_conductor_cars,1848,1917,"Life and Adventures of Nat Love, Better Known in the Cattle Country as ""Deadwood Dick,"" by Himself; a True History of Slavery Days, Life on the Great Cattle Ranges and on the Plains of the ""Wild and Woolly"" West, Based on Facts, and Personal Experiences of the Author (Nat  Love): 6 | Frederick Douglass The Colored Orator (Frederic May Holland): 4 | Autobiography of a Fugitive Negro: His Anti-Slavery Labours in the United States, Canada, &amp; England (Samuel Ringgold Ward): 3 | Life and Times of Frederick Douglass: His Early Life as a Slave, His Escape from Bondage, and His Complete History to the Present Time (Frederick  Douglass): 3 | Booker T. Washington, Builder of a Civilization (Emmett J. Scott): 3"
42,48,42_ben_ped_wife child_start,1836,1913,"Narrative of the Life and Adventures of Henry Bibb, an American Slave, Written by Himself (Henry  Bibb): 4 | An Autobiography. Bond and Free:  Or, Yearnings for Freedom, from My Green Brier House. Being the Story of My Life in Bondage, and My Life in Freedom (Israel  Campbell): 3 | Days of Bondage. Autobiography of Friday Jones. Being a Brief Narrative of His Trials and Tribulations in Slavery (Friday  Jones): 2 | John and Mary; or, The Fugitive Slaves, a Tale of South-Eastern Pennsylvania (Ellwood  Griest): 2 | Biography of a Slave; Being the Experiences of Rev. Charles Thompson, a Preacher of the United Brethren Church, While a Slave in the South. Together with Startling Occurrences Incidental to Slave Life (Charles  Thompson): 2"
43,48,43_pray_lord_prayer_saviour,1811,1980,"Biographical Sketches and Interesting Anecdotes of Persons of Colour. To Which is Added, a Selection of Pieces in Poetry (Abigail  Mott): 7 | Sketches of the History, Character, and Dying Testimony, of Beneficiaries of the Colored Home, in the City of New-York (Mary W. Thompson): 6 | Memoir of Mrs. Chloe Spear, a Native of Africa, Who was Enslaved in Childhood, and Died in Boston, January 3, 1815...Aged 65 Years. By a Lady of Boston (Rebecca Warren Brown): 5 | Narratives of Colored Americans (Abigail  Mott): 5 | Narrative of Sojourner Truth; a Bondswoman of Olden Time, Emancipated by the New York Legislature in the Early Part of the Present Century; with a History of Her Labors and Correspondence Drawn from Her ""Book of Life;"" Also, a Memorial Chapter, Giving the Particulars of Her Last Sickness and Death. (Sojourner  Truth): 2"
44,47,44_langston_republican_district_position,1855,1916,"Men of Mark: Eminent, Progressive and Rising (William J. Simmons): 25 | My Larger Education: Being Chapters from My Experience (Booker T. Washington): 4 | Frederick Douglass The Orator. Containing an Account of His Life; His Eminent Public Services; His Brilliant Career as Orator; Selections from His Speeches and Writings (James M. Gregory): 3 | A Narrative of the Negro (Leila Amos Pendleton): 3 | Twenty-Eight Years a Slave, or The Story of My Life in Three Continents (Thomas L. Johnson): 2"
45,47,45_palace_paris_statue_tower,1789,1917,"Three Years in Europe: Or, Places I Have Seen and People I Have Met (William Wells Brown): 20 | The American Fugitive in Europe. Sketches of Places and People Abroad (William Wells Brown): 12 | My Life and Work (Alexander  Walters): 5 | Life and Times of Frederick Douglass, Written by Himself. His Early Life as a Slave, His Escape from Bondage, and His Complete History to the Present Time, Including His Connection with the Anti-slavery Movement; His Labors in Great Britain as Well as in His Own Country; His Experience in the Conduct of an Influential Newspaper; His Connection with the Underground Railroad; His Relations with John Brown and the Harpers Ferry Raid;  His Recruiting the 54th and 55th Mass. Colored Regiments; His Interviews with Presidents Lincoln and Johnson; His Appointment by Gen. Grant to Accompany the Santo Domingo Commission&#x2014;Also to a Seat in the Council of the District of Columbia; His Appointment as United States Marshal by President R. B. Hayes; Also His Appointment to Be Recorder of Deeds in Washington by President J. A. Garfield; with Many Other Interesting and Important Events of His Most Eventful Life; With an Introduction by Mr. George L. Ruffin, of Boston (Frederick  Douglass): 4 | The Autobiography of Nicholas Said, A Native of Bournou, Eastern Soudan, Central Africa (Nicholas  Said): 2"
46,47,46_farm_crop_bond_mr bond,1846,1918,"From Slavery to Wealth. The Life of Scott Bond.  The Rewards of Honesty, Industry, Economy and Perseverance (Dan. A. Rudd): 21 | Bond and Free: A Tale of the South (Grace  Lintner): 4 | Last of the Pioneers: Or, Old Times in East Tenn., Being the Life and Reminiscences of Pharaoh Jackson Chesney (Aged 120 Years) (Pharaoh Jackson Chesney): 3 | Life of Mary F. McCray: Born and Raised a Slave in the State of Kentucky (S. J. McCray): 3 | Booker T. Washington, Builder of a Civilization (Emmett J. Scott): 2"
47,46,47_joanna_kindness_dr_doctor,1782,1926,"The Rev. J. W. Loguen, as a Slave and as a Freeman. A Narrative of Real Life (J. W. Loguen): 3 | The Kidnapped and the Ransomed. Recollections of Peter Still and His Wife ""Vina,"" after Forty Years of Slavery. (Kate E. R. Pickard): 3 | Autobiography of a Female Slave (Martha Griffith Browne): 2 | The Story of Mattie J. Jackson: Her Parentage, Experience of Eighteen Years in Slavery, Incidents During the War, Her Escape from Slavery: A True Story (Mattie J. Jackson): 2 | An Autobiography of the Rev. Josiah Henson (""Uncle Tom""). From 1789 to 1881. With a Preface by Mrs. Harriet Beecher Stowe, and Introductory Notes by George Sturge, S. Morley, Esq., M. P., Wendell Phillips, and John G. Whittier. Edited by John Lobb, F.R.G.S. Revised and Enlarged (Josiah  Henson): 2"
48,45,48_miss_jane_miss jane_sally,1795,1926,"Autobiography of a Female Slave (Martha Griffith Browne): 8 | The Story of a Slave. A Realistic Revelation of a Social Relation of Slave Times--Hitherto Unwritten--From the Pen of One Who Has Felt Both the Lash and the Caress of a Mistress (  No Author): 4 | Narrative of the Sufferings of Lewis Clarke, During a Captivity of More than Twenty-Five Years, Among the Algerines of Kentucky, One of the So Called Christian States of North America (Lewis Garrard Clarke): 3 | Narratives of the Sufferings of Lewis and Milton Clarke, Sons of a Soldier of the Revolution, During a Captivity of More than Twenty Years Among the Slaveholders of Kentucky, One of the So-Called Christian States of North America (Lewis Garrard Clarke): 3 | The White Slave; or, Memoirs of a Fugitive (Richard  Hildreth): 3"
49,45,49_herd_cattle_horse_trail,1810,1907,"Life and Adventures of Nat Love, Better Known in the Cattle Country as ""Deadwood Dick,"" by Himself; a True History of Slavery Days, Life on the Great Cattle Ranges and on the Plains of the ""Wild and Woolly"" West, Based on Facts, and Personal Experiences of the Author (Nat  Love): 38 | Pastor Henry N. Jeter's Twenty-five Years Experience with the Shiloh Baptist Church and Her History. Corner School and Mary Streets, Newport, R. I. (Henry N. Jeter): 3 | Life of Mary F. McCray: Born and Raised a Slave in the State of Kentucky (S. J. McCray): 2 | The Blind African Slave, or Memoirs of Boyrereau Brinch, Nick-named Jeffrey Brace. Containing an Account of the Kingdom of Bow-Woo, in the Interior of Africa; with the Climate and Natural Productions, Laws, and Customs Peculiar to That Place. With an Account of His Captivity, Sufferings, Sales, Travels, Emancipation, Conversion to the Christian Religion, Knowledge of the Scriptures, &amp;c. Interspersed with Strictures on Slavery, Speculative Observations on the Qualities of Human Nature, with Quotation from Scripture (Boyrereau  Brinch): 1 | Last of the Pioneers: Or, Old Times in East Tenn., Being the Life and Reminiscences of Pharaoh Jackson Chesney (Aged 120 Years) (Pharaoh Jackson Chesney): 1"
50,45,50_regiment_soldier_battle_war,1850,1918,"The Colored Patriots of the American Revolution: With Sketches of Several Distinguished Colored Persons: To Which is Added a Brief Survey of the Condition and Prospects of Colored Americans (William Cooper Nell): 10 | Battles and Victories of Allen Allensworth, A. M., Ph. D., Lieutenant-Colonel, Retired, U. S. Army (Charles  Alexander): 5 | A Narrative of the Negro (Leila Amos Pendleton): 5 | An Autobiography: The Story of My Life and Work (Booker T. Washington): 3 | Life and Times of Frederick Douglass, Written by Himself. His Early Life as a Slave, His Escape from Bondage, and His Complete History to the Present Time, Including His Connection with the Anti-slavery Movement; His Labors in Great Britain as Well as in His Own Country; His Experience in the Conduct of an Influential Newspaper; His Connection with the Underground Railroad; His Relations with John Brown and the Harpers Ferry Raid;  His Recruiting the 54th and 55th Mass. Colored Regiments; His Interviews with Presidents Lincoln and Johnson; His Appointment by Gen. Grant to Accompany the Santo Domingo Commission&#x2014;Also to a Seat in the Council of the District of Columbia; His Appointment as United States Marshal by President R. B. Hayes; Also His Appointment to Be Recorder of Deeds in Washington by President J. A. Garfield; with Many Other Interesting and Important Events of His Most Eventful Life; With an Introduction by Mr. George L. Ruffin, of Boston (Frederick  Douglass): 2"
51,44,51_mulatto_toussaint_rigaud_france,1848,1899,"The Life of Toussaint L'Ouverture, the Negro Patriot of Hayti: Comprising an Account of the Struggle for Liberty in the Island, and a Sketch of Its History to the Present Period (J. R. Beard): 21 | Toussaint L'Ouverture: A Biography and Autobiography (J. R. Beard): 12 | The Black Man: His Antecedents, His Genius, and His Achievements (William Wells Brown): 6 | Men of Mark: Eminent, Progressive and Rising (William J. Simmons): 2 | God's Image in Ebony: Being a Series of Biographical Sketches, Facts, Anecdotes, etc., Demonstrative of the Mental Powers and Intellectual Capacities of the Negro Race (H. G. Adams): 1"
52,43,52_nigger_whip_plantation_anderson,1845,1929,"A North-Side View of Slavery. The Refugee: or the Narratives of Fugitive Slaves in Canada. Related by Themselves, with an Account of the History and Condition of the Colored Population of Upper Canada (Benjamin  Drew): 6 | The Experience of a Slave in South Carolina (John Andrew Jackson): 4 | Twelve Years a Slave: Narrative of Solomon Northup, a Citizen of New-York, Kidnapped in Washington City in 1841, and Rescued in 1853 (Solomon  Northup): 3 | My Southern Home: or, The South and Its People (William Wells Brown): 2 | Uncle Tom's Companions: Or, Facts Stranger Than Fiction.  A Supplement to Uncle Tom's Cabin: Being Startling Incidents in the Lives of Celebrated Fugitive Slaves. (John Passmore Edwards): 2"
53,43,53_bishop_church_baptist_conference,1871,1928,"Men of Mark: Eminent, Progressive and Rising (William J. Simmons): 20 | Autobiography of Bishop Isaac Lane, LL.D. with a Short History of the C.M.E. Church in America and of Methodism (Isaac  Lane): 6 | Life of Charles T. Walker, D.D., (""The Black Spurgeon."") Pastor Mt. Olivet Baptist Church, New York City (Silas Xavier Floyd): 3 | Pastor Henry N. Jeter's Twenty-five Years Experience with the Shiloh Baptist Church and Her History. Corner School and Mary Streets, Newport, R. I. (Henry N. Jeter): 3 | My Own Life Story (Sterling N. Brown): 2"
54,42,54_captain_mate_ship_sea,1789,1902,"Chains and Freedom: Or, The Life and Adventures of Peter Wheeler, a Colored Man Yet Living. A Slave in Chains, a Sailor on the Deep, and a Sinner at the Cross (Peter  Wheeler): 8 | The Life of John Thompson, a Fugitive Slave; Containing His History of 25 Years in Bondage, and His Providential Escape.  Written by Himself (John  Thompson): 7 | The Interesting Narrative of the Life of Olaudah Equiano, or Gustavus Vassa, the African. Written by Himself. Vol. II. (Olaudah  Equiano): 5 | The White Slave; or, Memoirs of a Fugitive (Richard  Hildreth): 3 | The Life, History, and Unparalleled Sufferings of John Jea, the African Preacher. Compiled and Written by Himself (John  Jea): 3"
55,42,55_king_whydah_dahoman_ahadee,1782,1897,"Memoirs of the Reign of Bossa Ahadee, King of Dahomy, an Inland Country of Guiney. To Which Are Added, the Author's Journey to Abomey, the Capital; and a Short Account of the African Slave Trade (Robert  Norris): 18 | The Life of Rev. John Jasper, Pastor of Sixth Mt. Zion Baptist Church, Richmond, Va., from His Birth to the Present Time, with His Theory on the Rotation of the Sun (Edwin Archer Randolph): 4 | A Tribute for the Negro: Being a Vindication of the Moral, Intellectual, and Religious Capabilities of the Colored Portion of Mankind; with Particular Reference to the African Race (Wilson  Armistead): 3 | The Life of Toussaint L'Ouverture, the Negro Patriot of Hayti: Comprising an Account of the Struggle for Liberty in the Island, and a Sketch of Its History to the Present Period (J. R. Beard): 3 | American Slavery As It Is: Testimony of a Thousand Witnesses (Theodore Dwight Weld): 3"
56,40,56_douglass_antislavery_audience_cunningham,1827,1906,"Frederick Douglass The Colored Orator (Frederic May Holland): 10 | Life and Times of Frederick Douglass: His Early Life as a Slave, His Escape from Bondage, and His Complete History to the Present Time (Frederick  Douglass): 6 | Narrative of Sojourner Truth; a Bondswoman of Olden Time, Emancipated by the New York Legislature in the Early Part of the Present Century; with a History of Her Labors and Correspondence Drawn from Her ""Book of Life;"" Also, a Memorial Chapter, Giving the Particulars of Her Last Sickness and Death. (Sojourner  Truth): 2 | Frederick Douglass (Booker T. Washington): 2 | Life and Times of Frederick Douglass, Written by Himself. His Early Life as a Slave, His Escape from Bondage, and His Complete History to the Present Time, Including His Connection with the Anti-slavery Movement; His Labors in Great Britain as Well as in His Own Country; His Experience in the Conduct of an Influential Newspaper; His Connection with the Underground Railroad; His Relations with John Brown and the Harpers Ferry Raid;  His Recruiting the 54th and 55th Mass. Colored Regiments; His Interviews with Presidents Lincoln and Johnson; His Appointment by Gen. Grant to Accompany the Santo Domingo Commission&#x2014;Also to a Seat in the Council of the District of Columbia; His Appointment as United States Marshal by President R. B. Hayes; Also His Appointment to Be Recorder of Deeds in Washington by President J. A. Garfield; with Many Other Interesting and Important Events of His Most Eventful Life; With an Introduction by Mr. George L. Ruffin, of Boston (Frederick  Douglass): 2"
57,40,57_reuben_poor reuben_di_overseer,1789,1901,"American Slavery As It Is: Testimony of a Thousand Witnesses (Theodore Dwight Weld): 9 | Narrative of Sojourner Truth; a Bondswoman of Olden Time, Emancipated by the New York Legislature in the Early Part of the Present Century; with a History of Her Labors and Correspondence Drawn from Her ""Book of Life;"" Also, a Memorial Chapter, Giving the Particulars of Her Last Sickness and Death. (Sojourner  Truth): 2 | Horrors of the Virginian Slave Trade and of the Slave-Rearing Plantations. The True Story of Dinah, an Escaped Virginian Slave, Now in London, on Whose Body Are Eleven Scars Left by Tortures Which Were Inflicted by Her Master, Her Own Father. Together with Extracts from the Laws of Virginia, Showing That Against These Barbarities the Law Gives Not the Smallest Protection to the Slave, But the Reverse (John Hawkins Simpson): 2 | My Bondage and My Freedom. Part I. Life as a Slave. Part II. Life as a Freeman (Frederick  Douglass): 2 | Life and Times of Frederick Douglass: His Early Life as a Slave, His Escape from Bondage, and His Complete History to the Present Time (Frederick  Douglass): 2"
58,39,58_industrial_race_league_mechanic,1789,1917,"An Autobiography: The Story of My Life and Work (Booker T. Washington): 9 | Booker T. Washington, Builder of a Civilization (Emmett J. Scott): 5 | Up from Slavery: An Autobiography (Booker T. Washington): 3 | My Life and Work (Alexander  Walters): 2 | A Narrative of the Negro (Leila Amos Pendleton): 2"
59,39,59_antislavery_douglass_paper_garrison,1845,1914,"Life and Times of Frederick Douglass: His Early Life as a Slave, His Escape from Bondage, and His Complete History to the Present Time (Frederick  Douglass): 6 | Life and Times of Frederick Douglass, Written by Himself. His Early Life as a Slave, His Escape from Bondage, and His Complete History to the Present Time, Including His Connection with the Anti-slavery Movement; His Labors in Great Britain as Well as in His Own Country; His Experience in the Conduct of an Influential Newspaper; His Connection with the Underground Railroad; His Relations with John Brown and the Harpers Ferry Raid;  His Recruiting the 54th and 55th Mass. Colored Regiments; His Interviews with Presidents Lincoln and Johnson; His Appointment by Gen. Grant to Accompany the Santo Domingo Commission&#x2014;Also to a Seat in the Council of the District of Columbia; His Appointment as United States Marshal by President R. B. Hayes; Also His Appointment to Be Recorder of Deeds in Washington by President J. A. Garfield; with Many Other Interesting and Important Events of His Most Eventful Life; With an Introduction by Mr. George L. Ruffin, of Boston (Frederick  Douglass): 5 | My Bondage and My Freedom. Part I. Life as a Slave. Part II. Life as a Freeman (Frederick  Douglass): 4 | Frederick Douglass The Colored Orator (Frederic May Holland): 4 | Frederick Douglass (Charles Waddell Chesnutt): 3"
60,38,60_whip_mistress_beat_epps,1831,1892,"Autobiography of a Female Slave (Martha Griffith Browne): 3 | The Life of John Thompson, a Fugitive Slave; Containing His History of 25 Years in Bondage, and His Providential Escape.  Written by Himself (John  Thompson): 3 | Narratives of the Sufferings of Lewis and Milton Clarke, Sons of a Soldier of the Revolution, During a Captivity of More than Twenty Years Among the Slaveholders of Kentucky, One of the So-Called Christian States of North America (Lewis Garrard Clarke): 2 | Twelve Years a Slave: Narrative of Solomon Northup, a Citizen of New-York, Kidnapped in Washington City in 1841, and Rescued in 1853 (Solomon  Northup): 2 | Scenes in the Life of Harriet Tubman (Sarah H. Bradford): 2"
61,38,61_ruggle_fugitive_mr ruggle_york,1831,1926,"Uncle Tom's Companions: Or, Facts Stranger Than Fiction.  A Supplement to Uncle Tom's Cabin: Being Startling Incidents in the Lives of Celebrated Fugitive Slaves. (John Passmore Edwards): 4 | Biography of an American Bondman, by His Daughter (Josephine  Brown): 3 | A North-Side View of Slavery. The Refugee: or the Narratives of Fugitive Slaves in Canada. Related by Themselves, with an Account of the History and Condition of the Colored Population of Upper Canada (Benjamin  Drew): 2 | Life and Times of Frederick Douglass: His Early Life as a Slave, His Escape from Bondage, and His Complete History to the Present Time (Frederick  Douglass): 2 | My Southern Home: or, The South and Its People (William Wells Brown): 2"
62,37,62_master hugh_hugh_escape_end week,1831,1906,"Life and Times of Frederick Douglass: His Early Life as a Slave, His Escape from Bondage, and His Complete History to the Present Time (Frederick  Douglass): 5 | Frederick Douglass (Booker T. Washington): 4 | Life and Times of Frederick Douglass, Written by Himself. His Early Life as a Slave, His Escape from Bondage, and His Complete History to the Present Time, Including His Connection with the Anti-slavery Movement; His Labors in Great Britain as Well as in His Own Country; His Experience in the Conduct of an Influential Newspaper; His Connection with the Underground Railroad; His Relations with John Brown and the Harpers Ferry Raid;  His Recruiting the 54th and 55th Mass. Colored Regiments; His Interviews with Presidents Lincoln and Johnson; His Appointment by Gen. Grant to Accompany the Santo Domingo Commission&#x2014;Also to a Seat in the Council of the District of Columbia; His Appointment as United States Marshal by President R. B. Hayes; Also His Appointment to Be Recorder of Deeds in Washington by President J. A. Garfield; with Many Other Interesting and Important Events of His Most Eventful Life; With an Introduction by Mr. George L. Ruffin, of Boston (Frederick  Douglass): 4 | Narrative of the Life of Frederick Douglass, an American Slave. Written by Himself (Frederick  Douglass): 3 | My Bondage and My Freedom. Part I. Life as a Slave. Part II. Life as a Freeman (Frederick  Douglass): 3"
63,37,63_douglass_disraeli_speaker_orator,1847,1914,"Men of Mark: Eminent, Progressive and Rising (William J. Simmons): 5 | The American Fugitive in Europe. Sketches of Places and People Abroad (William Wells Brown): 5 | Life and Opinions of Julius Melbourn; with Sketches of the Lives and Characters of Thomas Jefferson, John Quincy Adams, John Randolph, and Several Other Eminent American Statesmen (Julius  Melbourn): 5 | The Black Man: His Antecedents, His Genius, and His Achievements (William Wells Brown): 4 | Three Years in Europe: Or, Places I Have Seen and People I Have Met (William Wells Brown): 3"
64,36,64_job_caboceiro_annamaboe_tho,1734,1797,"The Royal African: or, Memoirs of the Young Prince of Annamaboe. Comprehending a Distinct Account of His Country and Family; His Elder Brother's Voyage to France, and Reception there; the Manner in Which Himself Was Confided by His Father to the Captain Who Sold Him; His Condition While a Slave in Barbadoes; the True Cause of His Bring Redeemed; His Voyage from Thence; and Reception Here in England. Interspers'd Throughout with Several Historical Remarks on the Commerce of the European Nations, Whose Subjects Frequent the Coast of Guinea. To which is Prefixed a Letter from the Author to a Person of Distinction, in Reference to Some Natural Curiosities in Africa; as Well as Explaining the Motives which Induced Him to Compose These Memoirs. (  No Author): 21 | Some Memoirs of the Life of Job, the Son of Solomon, the High Priest of Boonda in Africa; Who was a Slave About Two Years in Maryland; and Afterwards Being Brought to England, was Set Free, and Sent to His Native Land in the Year 1734 (Thomas  Bluett): 10 | The Life, and Dying Speech of Arthur, a Negro Man; Who Was Executed at Worcester, October 10, 1768. For a Rape Committed on the Body of One Deborah Metcalfe (  Arthur): 4 | Life, Last Words and Dying Speech of Stephen Smith, a Black Man, Who Was Executed at Boston This Day Being Thursday, October 12, 1797 for Burglary (Stephen  Smith): 1"
65,35,65_regiment_chaplain_soldier_army,1854,1914,"Battles and Victories of Allen Allensworth, A. M., Ph. D., Lieutenant-Colonel, Retired, U. S. Army (Charles  Alexander): 10 | The Colored Patriots of the American Revolution: With Sketches of Several Distinguished Colored Persons: To Which is Added a Brief Survey of the Condition and Prospects of Colored Americans (William Cooper Nell): 7 | Life and Times of Frederick Douglass, Written by Himself. His Early Life as a Slave, His Escape from Bondage, and His Complete History to the Present Time, Including His Connection with the Anti-slavery Movement; His Labors in Great Britain as Well as in His Own Country; His Experience in the Conduct of an Influential Newspaper; His Connection with the Underground Railroad; His Relations with John Brown and the Harpers Ferry Raid;  His Recruiting the 54th and 55th Mass. Colored Regiments; His Interviews with Presidents Lincoln and Johnson; His Appointment by Gen. Grant to Accompany the Santo Domingo Commission&#x2014;Also to a Seat in the Council of the District of Columbia; His Appointment as United States Marshal by President R. B. Hayes; Also His Appointment to Be Recorder of Deeds in Washington by President J. A. Garfield; with Many Other Interesting and Important Events of His Most Eventful Life; With an Introduction by Mr. George L. Ruffin, of Boston (Frederick  Douglass): 3 | Life and Times of Frederick Douglass: His Early Life as a Slave, His Escape from Bondage, and His Complete History to the Present Time (Frederick  Douglass): 3 | Lunsford Lane; or, Another Helper from North Carolina (William G. Hawkins): 3"
66,34,66_union_war_lincoln_north,1853,1914,"Life and Times of Frederick Douglass, Written by Himself. His Early Life as a Slave, His Escape from Bondage, and His Complete History to the Present Time, Including His Connection with the Anti-slavery Movement; His Labors in Great Britain as Well as in His Own Country; His Experience in the Conduct of an Influential Newspaper; His Connection with the Underground Railroad; His Relations with John Brown and the Harpers Ferry Raid;  His Recruiting the 54th and 55th Mass. Colored Regiments; His Interviews with Presidents Lincoln and Johnson; His Appointment by Gen. Grant to Accompany the Santo Domingo Commission&#x2014;Also to a Seat in the Council of the District of Columbia; His Appointment as United States Marshal by President R. B. Hayes; Also His Appointment to Be Recorder of Deeds in Washington by President J. A. Garfield; with Many Other Interesting and Important Events of His Most Eventful Life; With an Introduction by Mr. George L. Ruffin, of Boston (Frederick  Douglass): 12 | Life and Times of Frederick Douglass: His Early Life as a Slave, His Escape from Bondage, and His Complete History to the Present Time (Frederick  Douglass): 9 | Frederick Douglass The Colored Orator (Frederic May Holland): 4 | Frederick Douglass (Booker T. Washington): 3 | A Narrative of the Negro (Leila Amos Pendleton): 2"
67,33,67_religion_universe_mental_nature,1848,1916,"Autobiography, Sermons, Addresses, and Essays of Bishop L. H. Holsey, D. D. (Lucius Henry Holsey): 28 | The Life of Rev. John Jasper, Pastor of Sixth Mt. Zion Baptist Church, Richmond, Va., from His Birth to the Present Time, with His Theory on the Rotation of the Sun (Edwin Archer Randolph): 2 | Autobiography of Bishop Isaac Lane, LL.D. with a Short History of the C.M.E. Church in America and of Methodism (Isaac  Lane): 1 | A Tribute for the Negro: Being a Vindication of the Moral, Intellectual, and Religious Capabilities of the Colored Portion of Mankind; with Particular Reference to the African Race (Wilson  Armistead): 1 | Out of the Ditch.  A True Story of an Ex-Slave (J. Vance Lewis): 1"
68,33,68_wisdom_knowledge_truth_blind,1848,1922,"Battles and Victories of Allen Allensworth, A. M., Ph. D., Lieutenant-Colonel, Retired, U. S. Army (Charles  Alexander): 4 | Life and Adventures of James Williams, a Fugitive Slave, with a Full Description of the Underground Railroad (James  Williams): 2 | Reminiscences of School Life, and Hints on Teaching (Fanny Jackson Coppin): 2 | God's Image in Ebony: Being a Series of Biographical Sketches, Facts, Anecdotes, etc., Demonstrative of the Mental Powers and Intellectual Capacities of the Negro Race (H. G. Adams): 2 | A Tribute for the Negro: Being a Vindication of the Moral, Intellectual, and Religious Capabilities of the Colored Portion of Mankind; with Particular Reference to the African Race (Wilson  Armistead): 2"
69,33,69_aunt_evelyn_chile_sally,1810,1929,"Autobiography of a Female Slave (Martha Griffith Browne): 4 | The Kidnapped and the Ransomed. Recollections of Peter Still and His Wife ""Vina,"" after Forty Years of Slavery. (Kate E. R. Pickard): 4 | Aunt Sally: or, The Cross the Way of Freedom. A Narrative of the Slave-life and Purchase of the Mother of Rev. Isaac Williams of Detroit, Michigan (Isaac  Williams): 2 | The Story of Archer Alexander: From Slavery to Freedom, March 30, 1863 (William Greenleaf Eliot): 2 | Incidents in the Life of a Slave Girl. Written by Herself (Harriet A. Jacobs): 1"
70,33,70_brown_john brown_harper ferry_harper,1836,1929,"Life and Times of Frederick Douglass, Written by Himself. His Early Life as a Slave, His Escape from Bondage, and His Complete History to the Present Time, Including His Connection with the Anti-slavery Movement; His Labors in Great Britain as Well as in His Own Country; His Experience in the Conduct of an Influential Newspaper; His Connection with the Underground Railroad; His Relations with John Brown and the Harpers Ferry Raid;  His Recruiting the 54th and 55th Mass. Colored Regiments; His Interviews with Presidents Lincoln and Johnson; His Appointment by Gen. Grant to Accompany the Santo Domingo Commission&#x2014;Also to a Seat in the Council of the District of Columbia; His Appointment as United States Marshal by President R. B. Hayes; Also His Appointment to Be Recorder of Deeds in Washington by President J. A. Garfield; with Many Other Interesting and Important Events of His Most Eventful Life; With an Introduction by Mr. George L. Ruffin, of Boston (Frederick  Douglass): 9 | Life and Times of Frederick Douglass: His Early Life as a Slave, His Escape from Bondage, and His Complete History to the Present Time (Frederick  Douglass): 6 | Frederick Douglass (Booker T. Washington): 5 | Frederick Douglass The Colored Orator (Frederic May Holland): 3 | Thirty Years a Slave: From Bondage to Freedom: The Institution of Slavery as Seen on the Plantation and in the Home of the Planter (Louis  Hughes): 1"
71,33,71_boat_river_captain_board,1810,1895,"A Narrative of the Adventures and Escape of Moses Roper, from American Slavery (Moses  Roper): 3 | Life of William Grimes, the Runaway Slave, Brought Down to the Present Time. (William  Grimes): 2 | The Experience of Thomas H. Jones, who was a Slave for Forty-Three Years (Thomas H. Jones): 1 | Uncle Tom's Companions: Or, Facts Stranger Than Fiction.  A Supplement to Uncle Tom's Cabin: Being Startling Incidents in the Lives of Celebrated Fugitive Slaves. (John Passmore Edwards): 1 | Autobiography of a Fugitive Negro: His Anti-Slavery Labours in the United States, Canada, &amp; England (Samuel Ringgold Ward): 1"
72,32,72_aunt_aunt dice_dice_aunt polly,1837,1913,"Autobiography of a Female Slave (Martha Griffith Browne): 14 | Aunt Dice: The Story of a Faithful Slave (Nina Hill Robinson): 4 | Aunt Sally: or, The Cross the Way of Freedom. A Narrative of the Slave-life and Purchase of the Mother of Rev. Isaac Williams of Detroit, Michigan (Isaac  Williams): 3 | Twelve Years a Slave: Narrative of Solomon Northup, a Citizen of New-York, Kidnapped in Washington City in 1841, and Rescued in 1853 (Solomon  Northup): 2 | Fifty Years in Chains, or, The Life of an American Slave (Charles  Ball): 1"
73,32,73_freeland_mr freeland_bondage_vow,1826,1908,"My Bondage and My Freedom. Part I. Life as a Slave. Part II. Life as a Freeman (Frederick  Douglass): 4 | Uncle Tom's Companions: Or, Facts Stranger Than Fiction.  A Supplement to Uncle Tom's Cabin: Being Startling Incidents in the Lives of Celebrated Fugitive Slaves. (John Passmore Edwards): 3 | Life and Times of Frederick Douglass, Written by Himself. His Early Life as a Slave, His Escape from Bondage, and His Complete History to the Present Time, Including His Connection with the Anti-slavery Movement; His Labors in Great Britain as Well as in His Own Country; His Experience in the Conduct of an Influential Newspaper; His Connection with the Underground Railroad; His Relations with John Brown and the Harpers Ferry Raid;  His Recruiting the 54th and 55th Mass. Colored Regiments; His Interviews with Presidents Lincoln and Johnson; His Appointment by Gen. Grant to Accompany the Santo Domingo Commission&#x2014;Also to a Seat in the Council of the District of Columbia; His Appointment as United States Marshal by President R. B. Hayes; Also His Appointment to Be Recorder of Deeds in Washington by President J. A. Garfield; with Many Other Interesting and Important Events of His Most Eventful Life; With an Introduction by Mr. George L. Ruffin, of Boston (Frederick  Douglass): 2 | Narrative of the Life of Frederick Douglass, an American Slave. Written by Himself (Frederick  Douglass): 2 | Life and Times of Frederick Douglass: His Early Life as a Slave, His Escape from Bondage, and His Complete History to the Present Time (Frederick  Douglass): 2"
74,32,74_race_soudan_ethiopia_negro race,1789,1922,"A Tribute for the Negro: Being a Vindication of the Moral, Intellectual, and Religious Capabilities of the Colored Portion of Mankind; with Particular Reference to the African Race (Wilson  Armistead): 11 | Echoes from a Pioneer Life (Jared Maurice Arter): 6 | Autobiography, Sermons, Addresses, and Essays of Bishop L. H. Holsey, D. D. (Lucius Henry Holsey): 3 | God's Image in Ebony: Being a Series of Biographical Sketches, Facts, Anecdotes, etc., Demonstrative of the Mental Powers and Intellectual Capacities of the Negro Race (H. G. Adams): 2 | The Address of Abraham Johnstone, a Black Man, Who Was Hanged at Woodbury, in the County of Glocester, and State of New Jersey, on Saturday the the [sic]  8th Day of July Last; to the People of Colour. To Which Is Added His Dying Confession or Declaration. Also, a Copy of a Letter to His Wife, Written the Day Previous to His Execution (Abraham  Johnstone): 2"
75,31,75_plant_crop_soil_seed,1837,1929,"From Captivity to Fame or The Life of George Washington Carver (Raleigh H. Merritt): 19 | Slavery in the United States: A Narrative of the Life and Adventures of Charles Ball, a Black Man, Who Lived Forty Years in Maryland, South Carolina and Georgia, as a Slave Under Various Masters, and was One Year in the Navy with Commodore Barney, During the Late War (Charles  Ball): 3 | Fifty Years in Chains, or, The Life of an American Slave (Charles  Ball): 2 | Slave Life in Georgia: A Narrative of the Life, Sufferings, and Escape of John Brown, a Fugitive Slave, Now in England (John  Brown): 2 | The History of My Life and Work. Autobiography by Rev. M. L. Latta, A.M., D.D. (M. L. Latta): 2"
76,31,76_matthew_senate_president_jame matthew,1856,1916,"Men of Mark: Eminent, Progressive and Rising (William J. Simmons): 17 | The New Man: Twenty-Nine Years a Slave,Twenty-Nine Years a Free Man (Henry Clay Bruce): 3 | Life and Times of Frederick Douglass, Written by Himself. His Early Life as a Slave, His Escape from Bondage, and His Complete History to the Present Time, Including His Connection with the Anti-slavery Movement; His Labors in Great Britain as Well as in His Own Country; His Experience in the Conduct of an Influential Newspaper; His Connection with the Underground Railroad; His Relations with John Brown and the Harpers Ferry Raid;  His Recruiting the 54th and 55th Mass. Colored Regiments; His Interviews with Presidents Lincoln and Johnson; His Appointment by Gen. Grant to Accompany the Santo Domingo Commission&#x2014;Also to a Seat in the Council of the District of Columbia; His Appointment as United States Marshal by President R. B. Hayes; Also His Appointment to Be Recorder of Deeds in Washington by President J. A. Garfield; with Many Other Interesting and Important Events of His Most Eventful Life; With an Introduction by Mr. George L. Ruffin, of Boston (Frederick  Douglass): 3 | Booker T. Washington, Builder of a Civilization (Emmett J. Scott): 2 | Frederick Douglass (Booker T. Washington): 1"
77,31,77_corn_shuck_dat_aunt dice,1837,1911,"Aunt Dice: The Story of a Faithful Slave (Nina Hill Robinson): 6 | Life on the Old Plantation in Ante-Bellum Days, or, A Story Based on Facts (I. E. Lowery): 4 | Bond and Free: A Tale of the South (Grace  Lintner): 2 | Slavery in the United States: A Narrative of the Life and Adventures of Charles Ball, a Black Man, Who Lived Forty Years in Maryland, South Carolina and Georgia, as a Slave Under Various Masters, and was One Year in the Navy with Commodore Barney, During the Late War (Charles  Ball): 2 | My Southern Home: or, The South and Its People (William Wells Brown): 2"
78,31,78_fish_fishery_seine_shad,1789,1926,"Slavery in the United States: A Narrative of the Life and Adventures of Charles Ball, a Black Man, Who Lived Forty Years in Maryland, South Carolina and Georgia, as a Slave Under Various Masters, and was One Year in the Navy with Commodore Barney, During the Late War (Charles  Ball): 10 | Fifty Years in Chains, or, The Life of an American Slave (Charles  Ball): 9 | A Sketch of the Life of Okah Tubbee, (Called) William Chubbee, Son of the Head Chief, Mosholeh Tubbee, of the Choctaw Nation of Indians (Okah  Tubbee): 3 | A Thrilling Sketch of the Life of the Distinguished Chief Okah Tubbee Alias, Wm. Chubbee, Son of the Head Chief, Mosholeh Tubbee, of the Choctaw Nation of Indians (Okah  Tubbee): 3 | Twelve Years a Slave: Narrative of Solomon Northup, a Citizen of New-York, Kidnapped in Washington City in 1841, and Rescued in 1853 (Solomon  Northup): 1"
79,31,79_runaway_dogs_clarkson_mr clarkson,1836,1902,"My Life in the South (Jacob  Stroyer): 7 | Fifty Years of Slavery in the United States of America (Harry  Smith): 4 | American Slavery As It Is: Testimony of a Thousand Witnesses (Theodore Dwight Weld): 3 | My Southern Home: or, The South and Its People (William Wells Brown): 2 | A Narrative of Events of the Life of J. H. Banks, an Escaped Slave, from the Cotton State, Alabama, in America (James W. C. Pennington): 2"
80,31,80_boat_steamboat_passenger_st louis,1831,1914,"Narrative of William W. Brown, an American Slave. Written by Himself (William Wells Brown): 4 | Narrative of William W. Brown, a Fugitive Slave. Written by Himself (William Wells Brown): 3 | Uncle Tom's Companions: Or, Facts Stranger Than Fiction.  A Supplement to Uncle Tom's Cabin: Being Startling Incidents in the Lives of Celebrated Fugitive Slaves. (John Passmore Edwards): 3 | Battles and Victories of Allen Allensworth, A. M., Ph. D., Lieutenant-Colonel, Retired, U. S. Army (Charles  Alexander): 2 | The Kidnapped and the Ransomed. Recollections of Peter Still and His Wife ""Vina,"" after Forty Years of Slavery. (Kate E. R. Pickard): 2"
81,31,81_mistress_missis_molino_wash,1770,1894,"Poems by a Slave in the Island of Cuba, Recently Liberated; Translated from the Spanish, by R. R. Madden, M.D. With the History of the Early Life of the Negro Poet, Written by Himself; to Which Are Prefixed Two Pieces Descriptive of Cuban Slavery and the Slave-Traffic, by R. R. M. (Juan Francisco Manzano): 7 | The History of Mary Prince, a West Indian Slave. Related by Herself. With a Supplement by the Editor. To Which Is Added, the Narrative of Asa-Asa, a Captured African (Mary  Prince): 4 | The Story of a Slave. A Realistic Revelation of a Social Relation of Slave Times--Hitherto Unwritten--From the Pen of One Who Has Felt Both the Lash and the Caress of a Mistress (  No Author): 2 | Aunt Sally: or, The Cross the Way of Freedom. A Narrative of the Slave-life and Purchase of the Mother of Rev. Isaac Williams of Detroit, Michigan (Isaac  Williams): 2 | The Kidnapped and the Ransomed. Recollections of Peter Still and His Wife ""Vina,"" after Forty Years of Slavery. (Kate E. R. Pickard): 2"
82,31,82_walker_biography_book_university,1847,1929,"Men of Mark: Eminent, Progressive and Rising (William J. Simmons): 7 | Life of Charles T. Walker, D.D., (""The Black Spurgeon."") Pastor Mt. Olivet Baptist Church, New York City (Silas Xavier Floyd): 3 | Booker T. Washington, Builder of a Civilization (Emmett J. Scott): 3 | The American Fugitive in Europe. Sketches of Places and People Abroad (William Wells Brown): 2 | The Life of Rev. John Jasper, Pastor of Sixth Mt. Zion Baptist Church, Richmond, Va., from His Birth to the Present Time, with His Theory on the Rotation of the Sun (Edwin Archer Randolph): 2"
83,31,83_sing_jesus_lord_ride,1797,1926,"The Life of the Rev. Dandridge F. Davis, of the African M. E. Church. With a Brief Account of His Conversion and Ministerial Labors, from August 1834, till March 1847. Also, a Brief Sketch of the Life of the Rev. David Conyou, of the A. M. E. C. and His Ministerial Labors. To Which Is Annexed the Funeral Discourse Delivered at the Ohio Conference, in Zanesville, on the Decease of the Rev. D. F. Davis, by the Author (A. R. Green): 4 | Twenty-Eight Years a Slave, or The Story of My Life in Three Continents (Thomas L. Johnson): 2 | Narrative of the Life of Henry Box Brown, Written by Himself (Henry Box Brown): 2 | From Slavery to a Bishopric, or, The Life of Bishop Walter Hawkins of the British Methodist Episcopal Church Canada (S. J. Celestine Edwards): 2 | The Experience of a Slave in South Carolina (John Andrew Jackson): 2"
84,30,84_madison_ennis_warrick_brown,1790,1873,"Trials and Confessions of Madison Henderson, Alias Blanchard, Alfred Amos Warrick, James W. Seward, and Charles Brown, Murderers of Jesse Baker and Jacob Weaver, as Given by Themselves; and a Likeness of Each, Taken in Jail Shortly after Their Arrest (Madison  Henderson): 24 | Sketches of the Life of Joseph Mountain, a Negro, Who Was Executed at New-Haven, on the 20th Day of October, 1790, for a Rape, Committed on the 26th Day of May Last. [The Writer of This History Has Directed That the Money Arising From the Sales Thereof, After Deducting the Expence of Printing, &amp;c. Be Given to the Unhappy Girl, Whose Life Is Rendered Wretched by the Crime of the Malefactor.] (Joseph  Mountain): 4 | Confession of John Joyce, Alias Davis, Who Was Executed on Monday, the 14th of March, 1808. For the Murder of Mrs. Sarah Cross; With an Address to the Public and People of Colour. Together with the Substance of the Trial, and the Address of Chief Justice Tilghman, on His Condemnation. Confession of Peter Mathias, Alias Matthews, Who Was Executed on Monday, the 14th of March, 1808. For the Murder of Mrs. Sarah Cross; With an Address to the Public and People of Colour. Together with the Substance of the  Trial, and the Address of Chief Justice Tilghman, on His Condemnation (John  Joyce): 1 | The History of William Webb, Composed by Himself (William  Webb): 1"
85,30,85_affray_pistol_shot_knife,1839,1914,"American Slavery As It Is: Testimony of a Thousand Witnesses (Theodore Dwight Weld): 26 | Twenty-Two Years a Slave, and Forty Years a Freeman; Embracing a Correspondence of Several Years, While President of Wilberforce Colony, London, Canada West (Austin  Steward): 1 | Battles and Victories of Allen Allensworth, A. M., Ph. D., Lieutenant-Colonel, Retired, U. S. Army (Charles  Alexander): 1 | Trials and Confessions of Madison Henderson, Alias Blanchard, Alfred Amos Warrick, James W. Seward, and Charles Brown, Murderers of Jesse Baker and Jacob Weaver, as Given by Themselves; and a Likeness of Each, Taken in Jail Shortly after Their Arrest (Madison  Henderson): 1 | The Life and Adventures of Zamba, an African Negro King; and His Experience of Slavery in South Carolina. Written by Himself. Corrected and Arranged by Peter Neilson (Peter  Neilson): 1"
86,30,86_aunt katy_kate_katy_baby,1836,1922,"The Kidnapped and the Ransomed. Recollections of Peter Still and His Wife ""Vina,"" after Forty Years of Slavery. (Kate E. R. Pickard): 4 | Bond and Free: A Tale of the South (Grace  Lintner): 4 | Autobiography of a Female Slave (Martha Griffith Browne): 3 | Narrative of Sojourner Truth; a Bondswoman of Olden Time, Emancipated by the New York Legislature in the Early Part of the Present Century; with a History of Her Labors and Correspondence, Drawn from Her ""Book of Life"" (Sojourner  Truth): 2 | Narrative of Sojourner Truth, a Northern Slave, Emancipated from Bodily Servitude by the State of New York, in 1828 (Sojourner  Truth): 2"
87,30,87_lucilla_mrs moore_precious child_agony,1831,1894,"The Experience of Rev. Thomas H. Jones, Who Was a Slave for Forty-Three Years. Written by a Friend, as Related to Him by Brother Jones (Thomas H. Jones): 4 | Experience and Personal Narrative of Uncle Tom Jones; Who Was for Forty Years a Slave. Also the Surprising Adventures of Wild Tom, of the Island Retreat, a Fugitive Negro from South Carolina (Thomas H. Jones): 4 | The Experience of Thomas H. Jones, who was a Slave for Forty-Three Years (Thomas H. Jones): 4 | The Story of a Slave. A Realistic Revelation of a Social Relation of Slave Times--Hitherto Unwritten--From the Pen of One Who Has Felt Both the Lash and the Caress of a Mistress (  No Author): 2 | Chains and Freedom: Or, The Life and Adventures of Peter Wheeler, a Colored Man Yet Living. A Slave in Chains, a Sailor on the Deep, and a Sinner at the Cross (Peter  Wheeler): 2"
88,30,88_africa_missionary_mission_association,1837,1926,"Africa for Christ. Twenty-Eight Years a Slave (Thomas L. Johnson): 6 | Twenty-Eight Years a Slave, or The Story of My Life in Three Continents (Thomas L. Johnson): 5 | An Autobiography: The Story of the Lord's Dealings with Mrs. Amanda Smith, the Colored Evangelist: Containing an Account of Her Life Work of Faith, and Her Travels in America, England, Ireland, Scotland, India, and Africa as an Independent Missionary (Amanda  Smith): 3 | Biography of Elder Lott Cary, Late Missionary to Africa. With an Appendix on the Subject of Colonization, by J.H.B. Latrobe (James B. Taylor): 3 | Life and History of the Rev. Elijah P. Marrs, First Pastor of Beargrass Baptist Church, and Author (Elijah P. Marrs): 2"
89,30,89_valentine_mr hall_sold_overseer,1837,1912,"American Slavery As It Is: Testimony of a Thousand Witnesses (Theodore Dwight Weld): 3 | A North-Side View of Slavery. The Refugee: or the Narratives of Fugitive Slaves in Canada. Related by Themselves, with an Account of the History and Condition of the Colored Population of Upper Canada (Benjamin  Drew): 3 | Life and Times of Frederick Douglass, Written by Himself. His Early Life as a Slave, His Escape from Bondage, and His Complete History to the Present Time, Including His Connection with the Anti-slavery Movement; His Labors in Great Britain as Well as in His Own Country; His Experience in the Conduct of an Influential Newspaper; His Connection with the Underground Railroad; His Relations with John Brown and the Harpers Ferry Raid;  His Recruiting the 54th and 55th Mass. Colored Regiments; His Interviews with Presidents Lincoln and Johnson; His Appointment by Gen. Grant to Accompany the Santo Domingo Commission&#x2014;Also to a Seat in the Council of the District of Columbia; His Appointment as United States Marshal by President R. B. Hayes; Also His Appointment to Be Recorder of Deeds in Washington by President J. A. Garfield; with Many Other Interesting and Important Events of His Most Eventful Life; With an Introduction by Mr. George L. Ruffin, of Boston (Frederick  Douglass): 2 | Old Plantation Days (W.  Mallory): 2 | Narrative of William W. Brown, an American Slave. Written by Himself (William Wells Brown): 2"
90,30,90_knowledge_auld_ignorance_nature,1789,1906,"Life and Times of Frederick Douglass, Written by Himself. His Early Life as a Slave, His Escape from Bondage, and His Complete History to the Present Time, Including His Connection with the Anti-slavery Movement; His Labors in Great Britain as Well as in His Own Country; His Experience in the Conduct of an Influential Newspaper; His Connection with the Underground Railroad; His Relations with John Brown and the Harpers Ferry Raid;  His Recruiting the 54th and 55th Mass. Colored Regiments; His Interviews with Presidents Lincoln and Johnson; His Appointment by Gen. Grant to Accompany the Santo Domingo Commission&#x2014;Also to a Seat in the Council of the District of Columbia; His Appointment as United States Marshal by President R. B. Hayes; Also His Appointment to Be Recorder of Deeds in Washington by President J. A. Garfield; with Many Other Interesting and Important Events of His Most Eventful Life; With an Introduction by Mr. George L. Ruffin, of Boston (Frederick  Douglass): 2 | Narrative of the Life of Frederick Douglass, an American Slave. Written by Himself (Frederick  Douglass): 2 | My Bondage and My Freedom. Part I. Life as a Slave. Part II. Life as a Freeman (Frederick  Douglass): 2 | Life and Times of Frederick Douglass: His Early Life as a Slave, His Escape from Bondage, and His Complete History to the Present Time (Frederick  Douglass): 2 | Narrative of William Hayden, Containing a Faithful Account of His Travels for a Number of Years, Whilst a Slave, in the South. Written by Himself (William  Hayden): 2"
91,30,91_farmer_carver_agricultural_school,1856,1929,"Booker T. Washington, Builder of a Civilization (Emmett J. Scott): 9 | My Larger Education: Being Chapters from My Experience (Booker T. Washington): 6 | A North-Side View of Slavery. The Refugee: or the Narratives of Fugitive Slaves in Canada. Related by Themselves, with an Account of the History and Condition of the Colored Population of Upper Canada (Benjamin  Drew): 2 | Uncle Tom's Story of His Life. An Autobiography of the Rev. Josiah Henson (Mrs. Harriet Beecher Stowe's ""Uncle Tom""). From 1789 to 1876. With a Preface by Mrs. Harriet Beecher Stowe, and an Introductory Note by George Sturge, and S. Morley, Esq., M. P. (Josiah  Henson): 2 | An Autobiography of the Rev. Josiah Henson (""Uncle Tom""). From 1789 to 1881. With a Preface by Mrs. Harriet Beecher Stowe, and Introductory Notes by George Sturge, S. Morley, Esq., M. P., Wendell Phillips, and John G. Whittier. Edited by John Lobb, F.R.G.S. Revised and Enlarged (Josiah  Henson): 2"
92,30,92_ship_sail_fleet_captain,1760,1929,"The Interesting Narrative of the Life of Olaudah Equiano, or Gustavus Vassa, the African. Written by Himself. Vol. I. (Olaudah  Equiano): 11 | Chains and Freedom: Or, The Life and Adventures of Peter Wheeler, a Colored Man Yet Living. A Slave in Chains, a Sailor on the Deep, and a Sinner at the Cross (Peter  Wheeler): 6 | The White Slave; or, Memoirs of a Fugitive (Richard  Hildreth): 3 | The Slave: or Memoirs of Archy Moore. Vol. II (Richard  Hildreth): 3 | A Narrative of the Uncommon Sufferings, and Surprizing Deliverance of Briton Hammon, a Negro Man,--Servant to General Winslow, of Marshfield, in New-England; Who Returned to Boston, After Having Been Absent Almost Thirteen Years. Containing an Account of the Many Hardships He Underwent from the Time He Left His Master's House, in the Year 1747, to the Time of His Return to Boston.--How He Was Cast Away in the Capes of Florida;---The Horrid Cruelty and Inhuman Barbarity of the Indians in Murdering the Whole Ship's Crew;---The Manner of His Being Carry'd by Them Into Captivity. Also, an Account of His Being Confined Four Years and Seven Months in a Close Dungeon,---and the Remarkable Manner in Which He Met with His Good Old Master in London; Who Returned to New-England, a Passenger in the Same Ship (Briton  Hammon): 2"
93,29,93_whip_overseer_randall_tandy,1838,1918,"A North-Side View of Slavery. The Refugee: or the Narratives of Fugitive Slaves in Canada. Related by Themselves, with an Account of the History and Condition of the Colored Population of Upper Canada (Benjamin  Drew): 5 | Narrative of James Williams, an American Slave, Who Was for Several Years a Driver on a Cotton Plantation in Alabama (James  Williams): 2 | Biography of an American Bondman, by His Daughter (Josephine  Brown): 2 | The Life of John Thompson, a Fugitive Slave; Containing His History of 25 Years in Bondage, and His Providential Escape.  Written by Himself (John  Thompson): 2 | My Life in the South (Jacob  Stroyer): 2"
94,29,94_river_raft_cow_journey,1825,1912,"An Autobiography. Bond and Free:  Or, Yearnings for Freedom, from My Green Brier House. Being the Story of My Life in Bondage, and My Life in Freedom (Israel  Campbell): 5 | A Sketch of the Life of Okah Tubbee, (Called) William Chubbee, Son of the Head Chief, Mosholeh Tubbee, of the Choctaw Nation of Indians (Okah  Tubbee): 2 | Slave Life in Georgia: A Narrative of the Life, Sufferings, and Escape of John Brown, a Fugitive Slave, Now in England (John  Brown): 2 | An Autobiography: The Story of the Lord's Dealings with Mrs. Amanda Smith, the Colored Evangelist: Containing an Account of Her Life Work of Faith, and Her Travels in America, England, Ireland, Scotland, India, and Africa as an Independent Missionary (Amanda  Smith): 2 | The Rev. J. W. Loguen, as a Slave and as a Freeman. A Narrative of Real Life (J. W. Loguen): 2"
95,29,95_meal_meat_hoo_allowance,1837,1914,"Fifty Years in Chains, or, The Life of an American Slave (Charles  Ball): 4 | Thirty Years a Slave: From Bondage to Freedom: The Institution of Slavery as Seen on the Plantation and in the Home of the Planter (Louis  Hughes): 4 | Jamie Parker, the Fugitive (Emily Catharine Pierson): 3 | Recollections of Slavery Times (Allen  Parker): 3 | Slavery in the United States: A Narrative of the Life and Adventures of Charles Ball, a Black Man, Who Lived Forty Years in Maryland, South Carolina and Georgia, as a Slave Under Various Masters, and was One Year in the Navy with Commodore Barney, During the Late War (Charles  Ball): 2"
96,29,96_toussaint_island_french_petion,1831,1912,"A Tribute for the Negro: Being a Vindication of the Moral, Intellectual, and Religious Capabilities of the Colored Portion of Mankind; with Particular Reference to the African Race (Wilson  Armistead): 7 | God's Image in Ebony: Being a Series of Biographical Sketches, Facts, Anecdotes, etc., Demonstrative of the Mental Powers and Intellectual Capacities of the Negro Race (H. G. Adams): 5 | Toussaint L'Ouverture: A Biography and Autobiography (J. R. Beard): 5 | The Life of Toussaint L'Ouverture, the Negro Patriot of Hayti: Comprising an Account of the Struggle for Liberty in the Island, and a Sketch of Its History to the Present Period (J. R. Beard): 5 | The Black Man: His Antecedents, His Genius, and His Achievements (William Wells Brown): 2"
97,28,97_goot_master fight_course life_litton,1810,1926,"The Kidnapped and the Ransomed. Recollections of Peter Still and His Wife ""Vina,"" after Forty Years of Slavery. (Kate E. R. Pickard): 3 | Truth Stranger Than Fiction. Father Henson's Story of His Own Life (Josiah  Henson): 2 | The White Slave; or, Memoirs of a Fugitive (Richard  Hildreth): 2 | Uncle Tom's Story of His Life. An Autobiography of the Rev. Josiah Henson (Mrs. Harriet Beecher Stowe's ""Uncle Tom""). From 1789 to 1876. With a Preface by Mrs. Harriet Beecher Stowe, and an Introductory Note by George Sturge, and S. Morley, Esq., M. P. (Josiah  Henson): 2 | The Life of Josiah Henson, Formerly a Slave, Now an Inhabitant of Canada, as Narrated by Himself (Josiah  Henson): 2"
98,28,98_amos_phillip_dollar_master amos,1789,1897,"Narrative of William Hayden, Containing a Faithful Account of His Travels for a Number of Years, Whilst a Slave, in the South. Written by Himself (William  Hayden): 6 | An Autobiography of the Rev. Josiah Henson (""Uncle Tom""). From 1789 to 1881. With a Preface by Mrs. Harriet Beecher Stowe, and Introductory Notes by George Sturge, S. Morley, Esq., M. P., Wendell Phillips, and John G. Whittier. Edited by John Lobb, F.R.G.S. Revised and Enlarged (Josiah  Henson): 2 | The Life of Josiah Henson, Formerly a Slave, Now an Inhabitant of Canada, as Narrated by Himself (Josiah  Henson): 2 | Uncle Tom's Story of His Life. An Autobiography of the Rev. Josiah Henson (Mrs. Harriet Beecher Stowe's ""Uncle Tom""). From 1789 to 1876. With a Preface by Mrs. Harriet Beecher Stowe, and an Introductory Note by George Sturge, and S. Morley, Esq., M. P. (Josiah  Henson): 2 | A Narrative of Some Remarkable Incidents in the Life of Solomon Bayley, Formerly a Slave in the State of Delaware, North America; Written by Himself, and Published for His Benefit; to Which Are Prefixed, a Few Remarks by Robert Hurnard (Solomon  Bayley): 1"
99,28,99_gen_toussaint_rochambeau_dessaline,1848,1912,"Toussaint L'Ouverture: A Biography and Autobiography (J. R. Beard): 16 | The Life of Toussaint L'Ouverture, the Negro Patriot of Hayti: Comprising an Account of the Struggle for Liberty in the Island, and a Sketch of Its History to the Present Period (J. R. Beard): 8 | A Tribute for the Negro: Being a Vindication of the Moral, Intellectual, and Religious Capabilities of the Colored Portion of Mankind; with Particular Reference to the African Race (Wilson  Armistead): 1 | From Slavery to a Bishopric, or, The Life of Bishop Walter Hawkins of the British Methodist Episcopal Church Canada (S. J. Celestine Edwards): 1 | A Narrative of the Negro (Leila Amos Pendleton): 1"
100,28,100_paul_sea_manila_aunt martha,1840,1926,"Battles and Victories of Allen Allensworth, A. M., Ph. D., Lieutenant-Colonel, Retired, U. S. Army (Charles  Alexander): 4 | Life and Times of Frederick Douglass, Written by Himself. His Early Life as a Slave, His Escape from Bondage, and His Complete History to the Present Time, Including His Connection with the Anti-slavery Movement; His Labors in Great Britain as Well as in His Own Country; His Experience in the Conduct of an Influential Newspaper; His Connection with the Underground Railroad; His Relations with John Brown and the Harpers Ferry Raid;  His Recruiting the 54th and 55th Mass. Colored Regiments; His Interviews with Presidents Lincoln and Johnson; His Appointment by Gen. Grant to Accompany the Santo Domingo Commission&#x2014;Also to a Seat in the Council of the District of Columbia; His Appointment as United States Marshal by President R. B. Hayes; Also His Appointment to Be Recorder of Deeds in Washington by President J. A. Garfield; with Many Other Interesting and Important Events of His Most Eventful Life; With an Introduction by Mr. George L. Ruffin, of Boston (Frederick  Douglass): 3 | The Colored Patriots of the American Revolution: With Sketches of Several Distinguished Colored Persons: To Which is Added a Brief Survey of the Condition and Prospects of Colored Americans (William Cooper Nell): 3 | A Tribute for the Negro: Being a Vindication of the Moral, Intellectual, and Religious Capabilities of the Colored Portion of Mankind; with Particular Reference to the African Race (Wilson  Armistead): 2 | Toussaint L'Ouverture: A Biography and Autobiography (J. R. Beard): 2"
101,27,101_jimmie_dinkie_burkit_ward,1810,1929,"A Brief Miscellaneous Narrative of the More Early Part of the Life of L. Tilmon: Pastor of a Colored Methodist Congregational Church in the City of New York (Levin  Tilmon): 2 | From Log Cabin to the Pulpit, or, Fifteen Years in Slavery (William H. Robinson): 2 | Bond and Free: A Tale of the South (Grace  Lintner): 2 | The Life of John Thompson, a Fugitive Slave; Containing His History of 25 Years in Bondage, and His Providential Escape.  Written by Himself (John  Thompson): 1 | Autobiography of James L. Smith, Including, Also, Reminiscences of Slave Life, Recollections of the War, Education of Freedmen, Causes of the Exodus, etc. (James Lindsay Smith): 1"
102,27,102_seth_eveline_mr hibbard_hibbard,1826,1929,"The Kidnapped and the Ransomed. Recollections of Peter Still and His Wife ""Vina,"" after Forty Years of Slavery. (Kate E. R. Pickard): 4 | Biographical Sketches and Interesting Anecdotes of Persons of Colour. To Which is Added, a Selection of Pieces in Poetry (Abigail  Mott): 2 | Bond and Free: A Tale of the South (Grace  Lintner): 2 | Twelve Years a Slave: Narrative of Solomon Northup, a Citizen of New-York, Kidnapped in Washington City in 1841, and Rescued in 1853 (Solomon  Northup): 1 | Twenty-Two Years a Slave, and Forty Years a Freeman; Embracing a Correspondence of Several Years, While President of Wilberforce Colony, London, Canada West (Austin  Steward): 1"
103,27,103_church_baptist_baptiz_baptism,1872,1926,"Life of the Rev. Elisha W. Green, One of the Founders of the Kentucky Normal and Theological Institute--Now the State University at Louisville; Eleven Years Moderator of the Mt. Zion Baptist Association; Five Years Moderator of the Consolidated Baptist Educational Association and Over Thirty Years Pastor of the Colored Baptist Churches of Maysville and Paris. Written by Himself. (Elisha Winfield Green): 4 | Autobiography of Bishop Isaac Lane, LL.D. with a Short History of the C.M.E. Church in America and of Methodism (Isaac  Lane): 3 | Autobiography and Work of Bishop M. F. Jamison, D.D. (""Uncle Joe"") Editor, Publisher, and Church Extension Secretary; a Narration of His Whole Career from the Cradle to the Bishopric of the Colored M. E. Church in America (M. F. Jamison): 2 | The Life of Rev. John Jasper, Pastor of Sixth Mt. Zion Baptist Church, Richmond, Va., from His Birth to the Present Time, with His Theory on the Rotation of the Sun (Edwin Archer Randolph): 2 | Pastor Henry N. Jeter's Twenty-five Years Experience with the Shiloh Baptist Church and Her History. Corner School and Mary Streets, Newport, R. I. (Henry N. Jeter): 2"
104,27,104_marriage_marry_phillis_husband,1810,1913,"From Log Cabin to the Pulpit, or, Fifteen Years in Slavery (William H. Robinson): 2 | An Autobiography: The Story of the Lord's Dealings with Mrs. Amanda Smith, the Colored Evangelist: Containing an Account of Her Life Work of Faith, and Her Travels in America, England, Ireland, Scotland, India, and Africa as an Independent Missionary (Amanda  Smith): 2 | An Autobiography. Bond and Free:  Or, Yearnings for Freedom, from My Green Brier House. Being the Story of My Life in Bondage, and My Life in Freedom (Israel  Campbell): 2 | John Jasper: The Unmatched Negro Philosopher and Preacher (William E. Hatcher): 1 | Autobiography and Work of Bishop M. F. Jamison, D.D. (""Uncle Joe"") Editor, Publisher, and Church Extension Secretary; a Narration of His Whole Career from the Cradle to the Bishopric of the Colored M. E. Church in America (M. F. Jamison): 1"
105,27,105_school_hampton_teacher_student,1861,1929,"Up from Slavery: An Autobiography (Booker T. Washington): 6 | A Slave Girl's Story. Being an Autobiography of Kate Drumgoold (Kate  Drumgoold): 6 | Men of Mark: Eminent, Progressive and Rising (William J. Simmons): 2 | An Autobiography: The Story of My Life and Work (Booker T. Washington): 2 | A Brief History of the Slave Life of Rev. L. R. Ferebee, and the Battles of Life, and Four Years of His Ministerial Life. Written from Memory. To 1882 (L. R. Ferebee): 1"
106,27,106_slaveholder_freeland_mr freeland_hilo,1826,1914,"Narrative of the Life of Frederick Douglass, an American Slave. Written by Himself (Frederick  Douglass): 3 | Pictures of Slavery in Church and State; Including Personal Reminiscences, Biographical Sketches, Anecdotes, etc. etc.  with an Appendix, Containing the Views of John Wesley and Richard Watson on Slavery (John Dixon Long): 3 | My Bondage and My Freedom. Part I. Life as a Slave. Part II. Life as a Freeman (Frederick  Douglass): 3 | From Slavery to a Bishopric, or, The Life of Bishop Walter Hawkins of the British Methodist Episcopal Church Canada (S. J. Celestine Edwards): 2 | The Light and Truth of Slavery. Aaron's History (  Aaron): 2"
107,27,107_mrs lincoln_lincoln_mrs_brady,1838,1914,"Behind the Scenes, or, Thirty years a Slave, and Four Years in the White House (Elizabeth  Keckley): 15 | Autobiography of a Female Slave (Martha Griffith Browne): 3 | Memoirs of Elleanor Eldridge (Frances H. Green): 2 | Autobiography and Work of Bishop M. F. Jamison, D.D. (""Uncle Joe"") Editor, Publisher, and Church Extension Secretary; a Narration of His Whole Career from the Cradle to the Bishopric of the Colored M. E. Church in America (M. F. Jamison): 2 | An Autobiography: The Story of the Lord's Dealings with Mrs. Amanda Smith, the Colored Evangelist: Containing an Account of Her Life Work of Faith, and Her Travels in America, England, Ireland, Scotland, India, and Africa as an Independent Missionary (Amanda  Smith): 2"
108,27,108_mr stewart_manchester_africa_joanna,1838,1929,"Narrative of William Hayden, Containing a Faithful Account of His Travels for a Number of Years, Whilst a Slave, in the South. Written by Himself (William  Hayden): 6 | Narrative of Joanna; An Emancipated Slave, of Surinam. (From Stedman's Narrative of a Five Year's Expedition Against the Revolted Negroes of Surinam) (John Gabriel Stedman): 2 | Autobiography of James L. Smith, Including, Also, Reminiscences of Slave Life, Recollections of the War, Education of Freedmen, Causes of the Exodus, etc. (James Lindsay Smith): 2 | Twenty-Eight Years a Slave, or The Story of My Life in Three Continents (Thomas L. Johnson): 2 | The Narrative of Bethany Veney: A Slave Woman (Bethany  Veney): 1"
109,26,109_cotton_pick_pound_plant,1789,1897,"Slavery in the United States: A Narrative of the Life and Adventures of Charles Ball, a Black Man, Who Lived Forty Years in Maryland, South Carolina and Georgia, as a Slave Under Various Masters, and was One Year in the Navy with Commodore Barney, During the Late War (Charles  Ball): 7 | Slave Life in Georgia: A Narrative of the Life, Sufferings, and Escape of John Brown, a Fugitive Slave, Now in England (John  Brown): 4 | Thirty Years a Slave: From Bondage to Freedom: The Institution of Slavery as Seen on the Plantation and in the Home of the Planter (Louis  Hughes): 3 | Fifty Years in Chains, or, The Life of an American Slave (Charles  Ball): 2 | Twelve Years a Slave: Narrative of Solomon Northup, a Citizen of New-York, Kidnapped in Washington City in 1841, and Rescued in 1853 (Solomon  Northup): 2"
110,26,110_harriet_joe_cyrus_cato,1845,1926,"Biography of a Slave; Being the Experiences of Rev. Charles Thompson, a Preacher of the United Brethren Church, While a Slave in the South. Together with Startling Occurrences Incidental to Slave Life (Charles  Thompson): 3 | Harriet, the Moses of Her People (Sarah H. Bradford): 3 | John and Mary; or, The Fugitive Slaves, a Tale of South-Eastern Pennsylvania (Ellwood  Griest): 3 | Narrative of the Life and Adventures of Henry Bibb, an American Slave, Written by Himself (Henry  Bibb): 2 | Homespun Heroines and Other Women of Distinction (Hallie Q. Brown): 2"
111,26,111_slaveholder_covey_mr covey_mr gordon,1838,1892,"My Bondage and My Freedom. Part I. Life as a Slave. Part II. Life as a Freeman (Frederick  Douglass): 4 | Chains and Freedom: Or, The Life and Adventures of Peter Wheeler, a Colored Man Yet Living. A Slave in Chains, a Sailor on the Deep, and a Sinner at the Cross (Peter  Wheeler): 3 | Twelve Years a Slave: Narrative of Solomon Northup, a Citizen of New-York, Kidnapped in Washington City in 1841, and Rescued in 1853 (Solomon  Northup): 2 | Life and Times of Frederick Douglass: His Early Life as a Slave, His Escape from Bondage, and His Complete History to the Present Time (Frederick  Douglass): 2 | A North-Side View of Slavery. The Refugee: or the Narratives of Fugitive Slaves in Canada. Related by Themselves, with an Account of the History and Condition of the Colored Population of Upper Canada (Benjamin  Drew): 2"
112,26,112_dear wife_dear_letter_brother cousin,1839,1909,"The Experience of Thomas H. Jones, who was a Slave for Forty-Three Years (Thomas H. Jones): 6 | The Experience of Rev. Thomas H. Jones, Who Was a Slave for Forty-Three Years. Written by a Friend, as Related to Him by Brother Jones (Thomas H. Jones): 5 | Life, Including His Escape and Struggle for Liberty of Charles A. Garlick, Born a Slave in Old Virginia, Who Secured His Freedom by Running Away from His Master's Farm in 1843. (Charles A. Garlick): 2 | Twenty-Eight Years a Slave, or The Story of My Life in Three Continents (Thomas L. Johnson): 2 | Behind the Scenes, or, Thirty years a Slave, and Four Years in the White House (Elizabeth  Keckley): 2"
113,26,113_pound_pullman_tunnel_mingo,1798,1922,"Memoirs of Samuel Spottford Clement Relating Interesting Experiences in Days of Slavery and Freedom (Samuel Spottford Clement): 4 | A Sketch of the Life of Okah Tubbee, (Called) William Chubbee, Son of the Head Chief, Mosholeh Tubbee, of the Choctaw Nation of Indians (Okah  Tubbee): 3 | A Narrative of the Life and Adventures of Venture, a Native of Africa: But Resident above Sixty Years in the United States of America. Related by Himself (Venture  Smith): 3 | A Narrative of the Life and Adventures of Venture, a Native of Africa, but Resident Above Sixty Years in the United States of America. Related by Himself. New London: Printed in 1798. Reprinted A. D. 1835, and Published by a Descendant of Venture. Revised and Republished with Traditions by H. M. Selden, Haddam, Conn., 1896 (Venture  Smith): 3 | Life and Adventures of Nat Love, Better Known in the Cattle Country as ""Deadwood Dick,"" by Himself; a True History of Slavery Days, Life on the Great Cattle Ranges and on the Plains of the ""Wild and Woolly"" West, Based on Facts, and Personal Experiences of the Author (Nat  Love): 2"
114,26,114_pray_lord_sanctify_jesus,1839,1926,"An Autobiography: The Story of the Lord's Dealings with Mrs. Amanda Smith, the Colored Evangelist: Containing an Account of Her Life Work of Faith, and Her Travels in America, England, Ireland, Scotland, India, and Africa as an Independent Missionary (Amanda  Smith): 21 | Chains and Freedom: Or, The Life and Adventures of Peter Wheeler, a Colored Man Yet Living. A Slave in Chains, a Sailor on the Deep, and a Sinner at the Cross (Peter  Wheeler): 2 | Twice Sold, Twice Ransomed: Autobiography of Mr. and Mrs. L. P. Ray (Emma J. Ray): 2 | An Autobiography. Bond and Free:  Or, Yearnings for Freedom, from My Green Brier House. Being the Story of My Life in Bondage, and My Life in Freedom (Israel  Campbell): 1"
115,26,115_mr madison_primus_born_young walker,1848,1916,"Last of the Pioneers: Or, Old Times in East Tenn., Being the Life and Reminiscences of Pharaoh Jackson Chesney (Aged 120 Years) (Pharaoh Jackson Chesney): 3 | Men of Mark: Eminent, Progressive and Rising (William J. Simmons): 3 | Life and Times of Frederick Douglass, Written by Himself. His Early Life as a Slave, His Escape from Bondage, and His Complete History to the Present Time, Including His Connection with the Anti-slavery Movement; His Labors in Great Britain as Well as in His Own Country; His Experience in the Conduct of an Influential Newspaper; His Connection with the Underground Railroad; His Relations with John Brown and the Harpers Ferry Raid;  His Recruiting the 54th and 55th Mass. Colored Regiments; His Interviews with Presidents Lincoln and Johnson; His Appointment by Gen. Grant to Accompany the Santo Domingo Commission&#x2014;Also to a Seat in the Council of the District of Columbia; His Appointment as United States Marshal by President R. B. Hayes; Also His Appointment to Be Recorder of Deeds in Washington by President J. A. Garfield; with Many Other Interesting and Important Events of His Most Eventful Life; With an Introduction by Mr. George L. Ruffin, of Boston (Frederick  Douglass): 2 | Twenty-Eight Years a Slave, or The Story of My Life in Three Continents (Thomas L. Johnson): 1 | Booker T. Washington, Builder of a Civilization (Emmett J. Scott): 1"
116,26,116_sister_flint_grandmother_dr flint,1825,1914,"Incidents in the Life of a Slave Girl. Written by Herself (Harriet A. Jacobs): 6 | Narrative of William Hayden, Containing a Faithful Account of His Travels for a Number of Years, Whilst a Slave, in the South. Written by Himself (William  Hayden): 4 | A Slave Girl's Story. Being an Autobiography of Kate Drumgoold (Kate  Drumgoold): 2 | The Story of Mattie J. Jackson: Her Parentage, Experience of Eighteen Years in Slavery, Incidents During the War, Her Escape from Slavery: A True Story (Mattie J. Jackson): 2 | Bond and Free: A Tale of the South (Grace  Lintner): 2"
117,26,117_elleanor_blake_folger_matthia,1832,1926,"Aunt Sally: or, The Cross the Way of Freedom. A Narrative of the Slave-life and Purchase of the Mother of Rev. Isaac Williams of Detroit, Michigan (Isaac  Williams): 3 | Memoirs of Elleanor Eldridge (Frances H. Green): 3 | Homespun Heroines and Other Women of Distinction (Hallie Q. Brown): 2 | Harriet, the Moses of Her People (Sarah H. Bradford): 2 | Narrative of Sojourner Truth; a Bondswoman of Olden Time, Emancipated by the New York Legislature in the Early Part of the Present Century; with a History of Her Labors and Correspondence Drawn from Her ""Book of Life;"" Also, a Memorial Chapter, Giving the Particulars of Her Last Sickness and Death. (Sojourner  Truth): 2"
118,26,118_horse_shop_mr garner_israel,1825,1914,"An Autobiography. Bond and Free:  Or, Yearnings for Freedom, from My Green Brier House. Being the Story of My Life in Bondage, and My Life in Freedom (Israel  Campbell): 7 | A North-Side View of Slavery. The Refugee: or the Narratives of Fugitive Slaves in Canada. Related by Themselves, with an Account of the History and Condition of the Colored Population of Upper Canada (Benjamin  Drew): 3 | A Brief Miscellaneous Narrative of the More Early Part of the Life of L. Tilmon: Pastor of a Colored Methodist Congregational Church in the City of New York (Levin  Tilmon): 2 | Trials and Confessions of Madison Henderson, Alias Blanchard, Alfred Amos Warrick, James W. Seward, and Charles Brown, Murderers of Jesse Baker and Jacob Weaver, as Given by Themselves; and a Likeness of Each, Taken in Jail Shortly after Their Arrest (Madison  Henderson): 1 | An Autobiography: The Story of the Lord's Dealings with Mrs. Amanda Smith, the Colored Evangelist: Containing an Account of Her Life Work of Faith, and Her Travels in America, England, Ireland, Scotland, India, and Africa as an Independent Missionary (Amanda  Smith): 1"
119,25,119_road_approach_travel_howl,1836,1913,"Uncle Tom's Story of His Life. An Autobiography of the Rev. Josiah Henson (Mrs. Harriet Beecher Stowe's ""Uncle Tom""). From 1789 to 1876. With a Preface by Mrs. Harriet Beecher Stowe, and an Introductory Note by George Sturge, and S. Morley, Esq., M. P. (Josiah  Henson): 3 | An Autobiography of the Rev. Josiah Henson (""Uncle Tom""). From 1789 to 1881. With a Preface by Mrs. Harriet Beecher Stowe, and Introductory Notes by George Sturge, S. Morley, Esq., M. P., Wendell Phillips, and John G. Whittier. Edited by John Lobb, F.R.G.S. Revised and Enlarged (Josiah  Henson): 3 | Hair-breadth Escapes from Slavery to Freedom (William  Troy): 2 | Josiah: The Maimed Fugitive. A True Tale (Henry  Bleby): 2 | John and Mary; or, The Fugitive Slaves, a Tale of South-Eastern Pennsylvania (Ellwood  Griest): 2"
120,25,120_douglass_gavan_american_mr gavan,1847,1917,"Frederick Douglass The Colored Orator (Frederic May Holland): 6 | Men of Mark: Eminent, Progressive and Rising (William J. Simmons): 2 | Life and Times of Frederick Douglass, Written by Himself. His Early Life as a Slave, His Escape from Bondage, and His Complete History to the Present Time, Including His Connection with the Anti-slavery Movement; His Labors in Great Britain as Well as in His Own Country; His Experience in the Conduct of an Influential Newspaper; His Connection with the Underground Railroad; His Relations with John Brown and the Harpers Ferry Raid;  His Recruiting the 54th and 55th Mass. Colored Regiments; His Interviews with Presidents Lincoln and Johnson; His Appointment by Gen. Grant to Accompany the Santo Domingo Commission&#x2014;Also to a Seat in the Council of the District of Columbia; His Appointment as United States Marshal by President R. B. Hayes; Also His Appointment to Be Recorder of Deeds in Washington by President J. A. Garfield; with Many Other Interesting and Important Events of His Most Eventful Life; With an Introduction by Mr. George L. Ruffin, of Boston (Frederick  Douglass): 2 | My Bondage and My Freedom. Part I. Life as a Slave. Part II. Life as a Freeman (Frederick  Douglass): 2 | Twelve Years a Slave: Narrative of Solomon Northup, a Citizen of New-York, Kidnapped in Washington City in 1841, and Rescued in 1853 (Solomon  Northup): 1"
121,25,121_tax_tariff_taxation_import,1789,1917,"Life and Opinions of Julius Melbourn; with Sketches of the Lives and Characters of Thomas Jefferson, John Quincy Adams, John Randolph, and Several Other Eminent American Statesmen (Julius  Melbourn): 14 | The Life and Adventures of Zamba, an African Negro King; and His Experience of Slavery in South Carolina. Written by Himself. Corrected and Arranged by Peter Neilson (Peter  Neilson): 3 | My Life and Work (Alexander  Walters): 3 | Narrative of Henry Box Brown, Who Escaped from Slavery, Enclosed in a Box 3 Feet Long and 2 Wide. Written from a Statement of Facts Made by Himself. With Remarks Upon the Remedy for Slavery. By Charles Stearns (Henry Box Brown): 1 | Frederick Douglass The Colored Orator (Frederic May Holland): 1"
122,25,122_weell_weell ho_ho_suffer,1832,1926,"American Slavery As It Is: Testimony of a Thousand Witnesses (Theodore Dwight Weld): 3 | Poems by a Slave in the Island of Cuba, Recently Liberated; Translated from the Spanish, by R. R. Madden, M.D. With the History of the Early Life of the Negro Poet, Written by Himself; to Which Are Prefixed Two Pieces Descriptive of Cuban Slavery and the Slave-Traffic, by R. R. M. (Juan Francisco Manzano): 2 | The Kidnapped and the Ransomed. Recollections of Peter Still and His Wife ""Vina,"" after Forty Years of Slavery. (Kate E. R. Pickard): 2 | Incidents in the Life of a Slave Girl. Written by Herself (Harriet A. Jacobs): 2 | Autobiography of a Female Slave (Martha Griffith Browne): 1"
123,25,123_school_teacher_institute_pupil,1826,1917,"A Narrative of the Negro (Leila Amos Pendleton): 4 | Men of Mark: Eminent, Progressive and Rising (William J. Simmons): 3 | An Autobiography: The Story of My Life and Work (Booker T. Washington): 3 | A North-Side View of Slavery. The Refugee: or the Narratives of Fugitive Slaves in Canada. Related by Themselves, with an Account of the History and Condition of the Colored Population of Upper Canada (Benjamin  Drew): 2 | Life of George Henry. Together with a Brief History of the Colored People in America (George  Henry): 2"
124,25,124_gravel_brick_timber_kiln,1853,1917,"From Slavery to Wealth. The Life of Scott Bond.  The Rewards of Honesty, Industry, Economy and Perseverance (Dan. A. Rudd): 21 | Twelve Years a Slave: Narrative of Solomon Northup, a Citizen of New-York, Kidnapped in Washington City in 1841, and Rescued in 1853 (Solomon  Northup): 1 | Twenty-Two Years a Slave, and Forty Years a Freeman; Embracing a Correspondence of Several Years, While President of Wilberforce Colony, London, Canada West (Austin  Steward): 1 | Life of George Henry. Together with a Brief History of the Colored People in America (George  Henry): 1 | Bond and Free: A Tale of the South (Grace  Lintner): 1"
125,25,125_sojourner_sojourner truth_truth_petition,1875,1926,"Narrative of Sojourner Truth; a Bondswoman of Olden Time, Emancipated by the New York Legislature in the Early Part of the Present Century; with a History of Her Labors and Correspondence, Drawn from Her ""Book of Life"" (Sojourner  Truth): 7 | Narrative of Sojourner Truth; a Bondswoman of Olden Time, Emancipated by the New York Legislature in the Early Part of the Present Century; with a History of Her Labors and Correspondence Drawn from Her ""Book of Life;"" Also, a Memorial Chapter, Giving the Particulars of Her Last Sickness and Death. (Sojourner  Truth): 6 | Frederick Douglass The Colored Orator (Frederic May Holland): 4 | Men of Maryland (George F. Bragg): 2 | Homespun Heroines and Other Women of Distinction (Hallie Q. Brown): 2"
126,24,126_law_jerry_court_fugitive,1846,1914,"Anthony Burns: A History (Charles Emery Stevens): 8 | The Rev. J. W. Loguen, as a Slave and as a Freeman. A Narrative of Real Life (J. W. Loguen): 3 | Autobiography of a Fugitive Negro: His Anti-Slavery Labours in the United States, Canada, &amp; England (Samuel Ringgold Ward): 3 | The Experience of a Slave in South Carolina (John Andrew Jackson): 1 | God's Image in Ebony: Being a Series of Biographical Sketches, Facts, Anecdotes, etc., Demonstrative of the Mental Powers and Intellectual Capacities of the Negro Race (H. G. Adams): 1"
127,24,127_cadet_flipper_west point_color cadet,1878,1878,"The Colored Cadet at West Point. Autobiography of Lieut. Henry Ossian Flipper, U. S. A., First Graduate of Color from the U. S. Military Academy (Henry Ossian Flipper): 24"
128,24,128_yea_writer_johnson_mission,1847,1924,"Wilkerson's History of His Travels &amp; Labors, in the United States, As a Missionary, in Particular, That of the Union Seminary, Located in Franklin Co., Ohio, Since He Purchased His Liberty in New Orleans, La. &amp;c. (Major James Wilkerson): 8 | Twenty-Eight Years a Slave, or The Story of My Life in Three Continents (Thomas L. Johnson): 6 | Life and Times of Frederick Douglass: His Early Life as a Slave, His Escape from Bondage, and His Complete History to the Present Time (Frederick  Douglass): 2 | Africa for Christ. Twenty-Eight Years a Slave (Thomas L. Johnson): 2 | My Own Life Story (Sterling N. Brown): 1"
129,24,129_river_king_hous_meroe,1789,1917,"Biography of Mahommah G. Baquaqua, a Native of Zoogoo, in the Interior of Africa. (A Convert to Christianity,) With a Description of That Part of the World; Including the Manners and Customs of the Inhabitants, Their Religious Notions, Form of Government, Laws, Appearance of the Country, Buildings, Agriculture, Manufactures, Shepherds and Herdsmen, Domestic Animals, Marriage Ceremonials, Funeral Services, Styles of Dress, Trade and Commerce, Modes of Warfare, System of Slavery, &amp;c., &amp;c. Mahommah's Early Life, His Education, His Capture and Slavery in Western Africa and Brazil, His Escape to the United States, from Thence to Hayti, (the City of Port Au Prince,) His Reception by the Baptist Missionary There, The Rev. W. L. Judd; His Conversion to Christianity, Baptism, and Return to This Country, His Views, Objects and Aim. Written and Revised from His Own Words, by Samuel Moore, Esq., Late Publisher of the ""North of England Shipping Gazette,"" Author of Several Popular Works, and Editor of Sundry Reform Papers (Mahommah Gardo Baquaqua): 2 | The Blind African Slave, or Memoirs of Boyrereau Brinch, Nick-named Jeffrey Brace. Containing an Account of the Kingdom of Bow-Woo, in the Interior of Africa; with the Climate and Natural Productions, Laws, and Customs Peculiar to That Place. With an Account of His Captivity, Sufferings, Sales, Travels, Emancipation, Conversion to the Christian Religion, Knowledge of the Scriptures, &amp;c. Interspersed with Strictures on Slavery, Speculative Observations on the Qualities of Human Nature, with Quotation from Scripture (Boyrereau  Brinch): 2 | The Interesting Narrative of the Life of Olaudah Equiano, or Gustavus Vassa, the African. Written by Himself. Vol. I. (Olaudah  Equiano): 2 | The Slave: or Memoirs of Archy Moore. Vol. II (Richard  Hildreth): 2 | The Life and Adventures of Zamba, an African Negro King; and His Experience of Slavery in South Carolina. Written by Himself. Corrected and Arranged by Peter Neilson (Peter  Neilson): 2"
130,24,130_chase_eustace_belin_dollar,1826,1916,"A Tribute for the Negro: Being a Vindication of the Moral, Intellectual, and Religious Capabilities of the Colored Portion of Mankind; with Particular Reference to the African Race (Wilson  Armistead): 6 | John Jasper: The Unmatched Negro Philosopher and Preacher (William E. Hatcher): 2 | The Kidnapped and the Ransomed. Recollections of Peter Still and His Wife ""Vina,"" after Forty Years of Slavery. (Kate E. R. Pickard): 2 | Men of Mark: Eminent, Progressive and Rising (William J. Simmons): 2 | Autobiography of a Fugitive Negro: His Anti-Slavery Labours in the United States, Canada, &amp; England (Samuel Ringgold Ward): 2"
131,24,131_turkey_josh_chicken_tag,1837,1929,"Fifty Years of Slavery in the United States of America (Harry  Smith): 3 | Last of the Pioneers: Or, Old Times in East Tenn., Being the Life and Reminiscences of Pharaoh Jackson Chesney (Aged 120 Years) (Pharaoh Jackson Chesney): 2 | My Life in the South (Jacob  Stroyer): 2 | Before the War, and After the Union.  An Autobiography (Sam  Aleckson): 1 | A Sketch of the Life of Okah Tubbee, (Called) William Chubbee, Son of the Head Chief, Mosholeh Tubbee, of the Choctaw Nation of Indians (Okah  Tubbee): 1"
132,24,132_address_atlanta_exposition_audience,1852,1911,"Up from Slavery: An Autobiography (Booker T. Washington): 9 | An Autobiography: The Story of My Life and Work (Booker T. Washington): 9 | The History of My Life and Work. Autobiography by Rev. M. L. Latta, A.M., D.D. (M. L. Latta): 3 | My Larger Education: Being Chapters from My Experience (Booker T. Washington): 1 | Twenty-Eight Years a Slave, or The Story of My Life in Three Continents (Thomas L. Johnson): 1"
133,24,133_colour_student_white people_moton,1855,1917,"My Larger Education: Being Chapters from My Experience (Booker T. Washington): 8 | Up from Slavery: An Autobiography (Booker T. Washington): 4 | Booker T. Washington, Builder of a Civilization (Emmett J. Scott): 3 | An Autobiography: The Story of My Life and Work (Booker T. Washington): 2 | Battles and Victories of Allen Allensworth, A. M., Ph. D., Lieutenant-Colonel, Retired, U. S. Army (Charles  Alexander): 1"
134,23,134_ter_uv_dat_wuz,1895,1908,"John Jasper: The Unmatched Negro Philosopher and Preacher (William E. Hatcher): 21 | The Anderson Surpriser. Written After He Was Seventy-Five Years of Age. The Author Was Born in Liberty County, Ga., on the 22d Day of February, in the Year of Our Lord, 1819, and United with the Methodist Episcopal Church in the Year 1839. This Book Contains an Account of His Florida and Northern Trip, Written by Himself, Giving Much Valuable Information of the People Among Whom He Had Been Several Months (Robert  Anderson): 2"
135,23,135_education_school_industrial_miss crandall,1880,1917,"Booker T. Washington, Builder of a Civilization (Emmett J. Scott): 5 | The History of My Life and Work. Autobiography by Rev. M. L. Latta, A.M., D.D. (M. L. Latta): 3 | A Narrative of the Negro (Leila Amos Pendleton): 3 | My Larger Education: Being Chapters from My Experience (Booker T. Washington): 2 | Life on the Old Plantation in Ante-Bellum Days, or, A Story Based on Facts (I. E. Lowery): 2"
136,23,136_phebe_tenn_dear_dear wife,1782,1916,"Memoir of Pierre Toussaint, Born a Slave in St. Domingo (Hannah Farnham Sawyer Lee): 3 | Elizabeth, a Colored Minister of the Gospel Born in Slavery (  Elizabeth): 2 | The Story of a Slave. A Realistic Revelation of a Social Relation of Slave Times--Hitherto Unwritten--From the Pen of One Who Has Felt Both the Lash and the Caress of a Mistress (  No Author): 2 | Autobiography of Bishop Isaac Lane, LL.D. with a Short History of the C.M.E. Church in America and of Methodism (Isaac  Lane): 2 | Uncle Tom's Story of His Life. An Autobiography of the Rev. Josiah Henson (Mrs. Harriet Beecher Stowe's ""Uncle Tom""). From 1789 to 1876. With a Preface by Mrs. Harriet Beecher Stowe, and an Introductory Note by George Sturge, and S. Morley, Esq., M. P. (Josiah  Henson): 1"
137,23,137_bishop_conference_episcopal_general conference,1864,1917,"Autobiography of Bishop Isaac Lane, LL.D. with a Short History of the C.M.E. Church in America and of Methodism (Isaac  Lane): 8 | My Life and Work (Alexander  Walters): 5 | Autobiography and Work of Bishop M. F. Jamison, D.D. (""Uncle Joe"") Editor, Publisher, and Church Extension Secretary; a Narration of His Whole Career from the Cradle to the Bishopric of the Colored M. E. Church in America (M. F. Jamison): 3 | Autobiography, Sermons, Addresses, and Essays of Bishop L. H. Holsey, D. D. (Lucius Henry Holsey): 2 | Men of Mark: Eminent, Progressive and Rising (William J. Simmons): 2"
138,23,138_swamp_tree_road_alligator,1837,1902,"Fifty Years in Chains, or, The Life of an American Slave (Charles  Ball): 9 | Slavery in the United States: A Narrative of the Life and Adventures of Charles Ball, a Black Man, Who Lived Forty Years in Maryland, South Carolina and Georgia, as a Slave Under Various Masters, and was One Year in the Navy with Commodore Barney, During the Late War (Charles  Ball): 8 | Twelve Years a Slave: Narrative of Solomon Northup, a Citizen of New-York, Kidnapped in Washington City in 1841, and Rescued in 1853 (Solomon  Northup): 3 | Slave Life in Virginia and Kentucky; or, Fifty Years of Slavery in the Southern States of America (Francis  Fedric): 1 | Slave Life in Georgia: A Narrative of the Life, Sufferings, and Escape of John Brown, a Fugitive Slave, Now in England (John  Brown): 1"
139,22,139_marry_marriage_eliza_mrs price,1810,1893,"A Narrative of Some Remarkable Incidents in the Life of Solomon Bayley, Formerly a Slave in the State of Delaware, North America; Written by Himself, and Published for His Benefit; to Which Are Prefixed, a Few Remarks by Robert Hurnard (Solomon  Bayley): 2 | Narrative of the Life and Adventures of Henry Bibb, an American Slave, Written by Himself (Henry  Bibb): 2 | Narrative of William W. Brown, an American Slave. Written by Himself (William Wells Brown): 1 | Lunsford Lane; or, Another Helper from North Carolina (William G. Hawkins): 1 | Negro Slavery Described by a Negro: Being the Narrative of Ashton Warner, a Native of St. Vincent's. With an Appendix Containing the Testimony of Four Christian Ministers, Recently Returned from the Colonies, on the System of Slavery as It Now Exists (Ashton  Warner): 1"
140,22,140_gordon_fugitive_miss gordon_pompey,1826,1926,"Men of Mark: Eminent, Progressive and Rising (William J. Simmons): 3 | Biographical Sketches and Interesting Anecdotes of Persons of Colour. To Which is Added, a Selection of Pieces in Poetry (Abigail  Mott): 2 | A North-Side View of Slavery. The Refugee: or the Narratives of Fugitive Slaves in Canada. Related by Themselves, with an Account of the History and Condition of the Colored Population of Upper Canada (Benjamin  Drew): 2 | Twenty-Two Years a Slave, and Forty Years a Freeman; Embracing a Correspondence of Several Years, While President of Wilberforce Colony, London, Canada West (Austin  Steward): 1 | Shadow and Sunshine (Eliza  Suggs): 1"
141,22,141_church_thompson_preach_mr grime,1833,1922,"Anthony Burns: A History (Charles Emery Stevens): 2 | Incidents in the Life of a Slave Girl. Written by Herself (Harriet A. Jacobs): 1 | Uncle Tom's Companions: Or, Facts Stranger Than Fiction.  A Supplement to Uncle Tom's Cabin: Being Startling Incidents in the Lives of Celebrated Fugitive Slaves. (John Passmore Edwards): 1 | An Autobiography: The Story of the Lord's Dealings with Mrs. Amanda Smith, the Colored Evangelist: Containing an Account of Her Life Work of Faith, and Her Travels in America, England, Ireland, Scotland, India, and Africa as an Independent Missionary (Amanda  Smith): 1 | Recollections of My Slavery Days (William Henry Singleton): 1"
142,22,142_preach_matthia_ferrill_stewart,1811,1912,"The Missionary Pioneer, or A Brief Memoir of the Life, Labours, and Death of John Stewart, (Man of Colour,) Founder, under God of the Mission among the Wyandotts at Upper Sandusky, Ohio (Joseph  Mitchell): 4 | Autobiography and Work of Bishop M. F. Jamison, D.D. (""Uncle Joe"") Editor, Publisher, and Church Extension Secretary; a Narration of His Whole Career from the Cradle to the Bishopric of the Colored M. E. Church in America (M. F. Jamison): 3 | The Life, History, and Unparalleled Sufferings of John Jea, the African Preacher. Compiled and Written by Himself (John  Jea): 3 | Biography of London Ferrill, Pastor of the First Baptist Church of Colored Persons, Lexington, KY (  No Author): 2 | An Autobiography: The Story of the Lord's Dealings with Mrs. Amanda Smith, the Colored Evangelist: Containing an Account of Her Life Work of Faith, and Her Travels in America, England, Ireland, Scotland, India, and Africa as an Independent Missionary (Amanda  Smith): 2"
143,22,143_abraham lincoln_lincoln_abraham_emancipation,1852,1929,"Frederick Douglass The Orator. Containing an Account of His Life; His Eminent Public Services; His Brilliant Career as Orator; Selections from His Speeches and Writings (James M. Gregory): 5 | Life and Times of Frederick Douglass, Written by Himself. His Early Life as a Slave, His Escape from Bondage, and His Complete History to the Present Time, Including His Connection with the Anti-slavery Movement; His Labors in Great Britain as Well as in His Own Country; His Experience in the Conduct of an Influential Newspaper; His Connection with the Underground Railroad; His Relations with John Brown and the Harpers Ferry Raid;  His Recruiting the 54th and 55th Mass. Colored Regiments; His Interviews with Presidents Lincoln and Johnson; His Appointment by Gen. Grant to Accompany the Santo Domingo Commission&#x2014;Also to a Seat in the Council of the District of Columbia; His Appointment as United States Marshal by President R. B. Hayes; Also His Appointment to Be Recorder of Deeds in Washington by President J. A. Garfield; with Many Other Interesting and Important Events of His Most Eventful Life; With an Introduction by Mr. George L. Ruffin, of Boston (Frederick  Douglass): 4 | Frederick Douglass (Booker T. Washington): 3 | Life and Times of Frederick Douglass: His Early Life as a Slave, His Escape from Bondage, and His Complete History to the Present Time (Frederick  Douglass): 3 | The Life of Toussaint L'Ouverture, the Negro Patriot of Hayti: Comprising an Account of the Struggle for Liberty in the Island, and a Sketch of Its History to the Present Period (J. R. Beard): 2"
144,22,144_soldier_attuck_regiment_american,1853,1922,"The Colored Patriots of the American Revolution: With Sketches of Several Distinguished Colored Persons: To Which is Added a Brief Survey of the Condition and Prospects of Colored Americans (William Cooper Nell): 6 | The Life of Toussaint L'Ouverture, the Negro Patriot of Hayti: Comprising an Account of the Struggle for Liberty in the Island, and a Sketch of Its History to the Present Period (J. R. Beard): 2 | Life and Times of Frederick Douglass, Written by Himself. His Early Life as a Slave, His Escape from Bondage, and His Complete History to the Present Time, Including His Connection with the Anti-slavery Movement; His Labors in Great Britain as Well as in His Own Country; His Experience in the Conduct of an Influential Newspaper; His Connection with the Underground Railroad; His Relations with John Brown and the Harpers Ferry Raid;  His Recruiting the 54th and 55th Mass. Colored Regiments; His Interviews with Presidents Lincoln and Johnson; His Appointment by Gen. Grant to Accompany the Santo Domingo Commission&#x2014;Also to a Seat in the Council of the District of Columbia; His Appointment as United States Marshal by President R. B. Hayes; Also His Appointment to Be Recorder of Deeds in Washington by President J. A. Garfield; with Many Other Interesting and Important Events of His Most Eventful Life; With an Introduction by Mr. George L. Ruffin, of Boston (Frederick  Douglass): 2 | Men of Mark: Eminent, Progressive and Rising (William J. Simmons): 2 | My Life and Work (Alexander  Walters): 2"
145,22,145_doctor_mr wilson_maria_wife child,1797,1902,"A True Tale of Slavery. From The Leisure Hour: A Family Journal of Instruction and Recreation, February 7, 14, 21, 28, 1861 (John S. Jacobs): 2 | Life and Opinions of Julius Melbourn; with Sketches of the Lives and Characters of Thomas Jefferson, John Quincy Adams, John Randolph, and Several Other Eminent American Statesmen (Julius  Melbourn): 2 | Incidents in the Life of a Slave Girl. Written by Herself (Harriet A. Jacobs): 1 | The Experience of Thomas H. Jones, who was a Slave for Forty-Three Years (Thomas H. Jones): 1 | A Lost Family Found; An Authentic Narrative of Cyrus Branch and His Family, Alias John White (  E. M. W.): 1"
146,22,146_dollar_sold_mrs brown_new orlean,1826,1926,"Biographical Sketches and Interesting Anecdotes of Persons of Colour. To Which is Added, a Selection of Pieces in Poetry (Abigail  Mott): 2 | Narratives of Colored Americans (Abigail  Mott): 2 | Narrative of the Life of Moses Grandy, Late a Slave in the United States of America (Moses  Grandy): 1 | Incidents in the Life of a Slave Girl. Written by Herself (Harriet A. Jacobs): 1 | Struggles for Freedom; or The Life of James Watkins, Formerly a Slave in Maryland, U. S.; in Which is Detailed a Graphic Account of His Extraordinary Escape from Slavery, Notices of the Fugitive Slave Law, the Sentiments of American Divines on the Subject of Slavery, etc., etc. (James  Watkins): 1"
147,22,147_wife child_buy_vandervall_mr barter,1837,1922,"Incidents in the Life of a Slave Girl. Written by Herself (Harriet A. Jacobs): 2 | From Log Cabin to the Pulpit, or, Fifteen Years in Slavery (William H. Robinson): 2 | Slavery in the United States: A Narrative of the Life and Adventures of Charles Ball, a Black Man, Who Lived Forty Years in Maryland, South Carolina and Georgia, as a Slave Under Various Masters, and was One Year in the Navy with Commodore Barney, During the Late War (Charles  Ball): 2 | Narrative of the Life and Adventures of Henry Bibb, an American Slave, Written by Himself (Henry  Bibb): 2 | Days of Bondage. Autobiography of Friday Jones. Being a Brief Narrative of His Trials and Tribulations in Slavery (Friday  Jones): 2"
148,22,148_plebe_cadet_class_camp,1878,1878,"The Colored Cadet at West Point. Autobiography of Lieut. Henry Ossian Flipper, U. S. A., First Graduate of Color from the U. S. Military Academy (Henry Ossian Flipper): 22"
149,22,149_mr walker_sound jubilee_nealy_di,1843,1929,"Incidents in the Life of a Slave Girl. Written by Herself (Harriet A. Jacobs): 3 | Narrative of William W. Brown, a Fugitive Slave. Written by Himself (William Wells Brown): 3 | Narrative of William W. Brown, an American Slave. Written by Himself (William Wells Brown): 2 | Horrors of the Virginian Slave Trade and of the Slave-Rearing Plantations. The True Story of Dinah, an Escaped Virginian Slave, Now in London, on Whose Body Are Eleven Scars Left by Tortures Which Were Inflicted by Her Master, Her Own Father. Together with Extracts from the Laws of Virginia, Showing That Against These Barbarities the Law Gives Not the Smallest Protection to the Slave, But the Reverse (John Hawkins Simpson): 2 | Narrative of the Life of Moses Grandy, Late a Slave in the United States of America (Moses  Grandy): 1"
150,21,150_cassy_sojourner_tavern_hostess,1836,1898,"The Slave: or Memoirs of Archy Moore. Vol. II (Richard  Hildreth): 4 | Narrative of Sojourner Truth, a Northern Slave, Emancipated from Bodily Servitude by the State of New York, in 1828 (Sojourner  Truth): 4 | Narrative of Sojourner Truth; a Bondswoman of Olden Time, Emancipated by the New York Legislature in the Early Part of the Present Century; with a History of Her Labors and Correspondence, Drawn from Her ""Book of Life"" (Sojourner  Truth): 4 | Narrative of Sojourner Truth; a Bondswoman of Olden Time, Emancipated by the New York Legislature in the Early Part of the Present Century; with a History of Her Labors and Correspondence Drawn from Her ""Book of Life;"" Also, a Memorial Chapter, Giving the Particulars of Her Last Sickness and Death. (Sojourner  Truth): 4 | The White Slave; or, Memoirs of a Fugitive (Richard  Hildreth): 3"
151,21,151_christ_holy_heaven_israel,1810,1922,"A Brief Miscellaneous Narrative of the More Early Part of the Life of L. Tilmon: Pastor of a Colored Methodist Congregational Church in the City of New York (Levin  Tilmon): 2 | The Looking-Glass: Being a True Report and Narrative of the Life, Travels, and Labors of the Rev. Daniel H. Peterson, a Colored Clergyman; Embracing a Period of Time from the Year 1812 to 1854, and Including His Visit to Western Africa (Daniel H. Peterson): 2 | Twenty-Eight Years a Slave, or The Story of My Life in Three Continents (Thomas L. Johnson): 2 | Autobiography of Bishop Isaac Lane, LL.D. with a Short History of the C.M.E. Church in America and of Methodism (Isaac  Lane): 1 | Life of Mary F. McCray: Born and Raised a Slave in the State of Kentucky (S. J. McCray): 1"
152,21,152_pastor_church_baptist_sermon,1826,1911,"John Jasper: The Unmatched Negro Philosopher and Preacher (William E. Hatcher): 3 | A Tribute for the Negro: Being a Vindication of the Moral, Intellectual, and Religious Capabilities of the Colored Portion of Mankind; with Particular Reference to the African Race (Wilson  Armistead): 3 | Life of Charles T. Walker, D.D., (""The Black Spurgeon."") Pastor Mt. Olivet Baptist Church, New York City (Silas Xavier Floyd): 2 | Pastor Henry N. Jeter's Twenty-five Years Experience with the Shiloh Baptist Church and Her History. Corner School and Mary Streets, Newport, R. I. (Henry N. Jeter): 2 | Biography of Elder Lott Cary, Late Missionary to Africa. With an Appendix on the Subject of Colonization, by J.H.B. Latrobe (James B. Taylor): 2"
153,21,153_mrs lincoln_lincoln_mr lincoln_mrs,1852,1897,"Behind the Scenes, or, Thirty years a Slave, and Four Years in the White House (Elizabeth  Keckley): 9 | Autobiography of a Female Slave (Martha Griffith Browne): 4 | Fifty Years in Chains, or, The Life of an American Slave (Charles  Ball): 1 | The Life of Toussaint L'Ouverture, the Negro Patriot of Hayti: Comprising an Account of the Struggle for Liberty in the Island, and a Sketch of Its History to the Present Period (J. R. Beard): 1 | Three Years in Europe: Or, Places I Have Seen and People I Have Met (William Wells Brown): 1"
154,21,154_mallory_war_col_south carolina,1845,1912,"The Colored Patriots of the American Revolution: With Sketches of Several Distinguished Colored Persons: To Which is Added a Brief Survey of the Condition and Prospects of Colored Americans (William Cooper Nell): 4 | Autobiography of James L. Smith, Including, Also, Reminiscences of Slave Life, Recollections of the War, Education of Freedmen, Causes of the Exodus, etc. (James Lindsay Smith): 3 | The Black Man: His Antecedents, His Genius, and His Achievements (William Wells Brown): 2 | Twenty-Two Years a Slave, and Forty Years a Freeman; Embracing a Correspondence of Several Years, While President of Wilberforce Colony, London, Canada West (Austin  Steward): 1 | The Light and Truth of Slavery. Aaron's History (  Aaron): 1"
155,21,155_aldridge_job_grace_lincoln,1734,1929,"The Address of Abraham Johnstone, a Black Man, Who Was Hanged at Woodbury, in the County of Glocester, and State of New Jersey, on Saturday the the [sic]  8th Day of July Last; to the People of Colour. To Which Is Added His Dying Confession or Declaration. Also, a Copy of a Letter to His Wife, Written the Day Previous to His Execution (Abraham  Johnstone): 2 | Letters of the Late Ignatius Sancho, An African. In Two Volumes. To Which Are Prefixed, Memoirs of His Life. Vol. I (Ignatius  Sancho): 2 | Behind the Scenes, or, Thirty years a Slave, and Four Years in the White House (Elizabeth  Keckley): 2 | A Tribute for the Negro: Being a Vindication of the Moral, Intellectual, and Religious Capabilities of the Colored Portion of Mankind; with Particular Reference to the African Race (Wilson  Armistead): 2 | Before the War, and After the Union.  An Autobiography (Sam  Aleckson): 1"
156,21,156_douglass_antislavery_speech_mr douglass,1847,1912,"Frederick Douglass The Colored Orator (Frederic May Holland): 6 | Frederick Douglass The Orator. Containing an Account of His Life; His Eminent Public Services; His Brilliant Career as Orator; Selections from His Speeches and Writings (James M. Gregory): 2 | A Narrative of the Negro (Leila Amos Pendleton): 2 | Autobiography of a Female Slave (Martha Griffith Browne): 1 | The Black Man: His Antecedents, His Genius, and His Achievements (William Wells Brown): 1"
157,21,157_overseer_edloe_plantation_whip,1836,1901,"American Slavery As It Is: Testimony of a Thousand Witnesses (Theodore Dwight Weld): 2 | The Slave: or Memoirs of Archy Moore. Vol. II (Richard  Hildreth): 2 | Anthony Burns: A History (Charles Emery Stevens): 2 | Recollections of Slavery by a Runaway Slave (  No Author): 2 | The History of William Webb, Composed by Himself (William  Webb): 1"
158,20,158_cadet_west point_west_prejudice,1878,1878,"The Colored Cadet at West Point. Autobiography of Lieut. Henry Ossian Flipper, U. S. A., First Graduate of Color from the U. S. Military Academy (Henry Ossian Flipper): 20"
159,20,159_happiness_heaven_thou_dear,1782,1910,"The Rev. J. W. Loguen, as a Slave and as a Freeman. A Narrative of Real Life (J. W. Loguen): 3 | Samuel Joseph May. Born in Boston, Massachusetts, September 12th, 1797. Died in Syracuse, New York, July 1st, 1871 (  No Author): 2 | Letters of the Late Ignatius Sancho, An African. In Two Volumes. To Which Are Prefixed, Memoirs of His Life. Vol. I (Ignatius  Sancho): 2 | Sketches of the History, Character, and Dying Testimony, of Beneficiaries of the Colored Home, in the City of New-York (Mary W. Thompson): 2 | What Experience Has Taught Me: An Autobiography of Thomas William Burton (Thomas William Burton): 1"
160,20,160_christ king_alia pherson_son christ_pherson,1835,1917,"A Short History of the Life of Christopher McPherson, Alias Pherson, Son of Christ, King of Kings and Lord of Lords. Containing a Collection of Certificates, Letters, &amp;c. Written by Himself (Christopher  McPherson): 10 | Frederick Douglass The Colored Orator (Frederic May Holland): 2 | My Life and Work (Alexander  Walters): 2 | Narrative of the Life of John Quincy Adams, When in Slavery, and Now as a Freeman (John Quincy Adams): 1 | Buried Alive (Behind Prison Walls) for a Quarter of a Century: Life of William Walker (William  Walker): 1"
161,20,161_gad_whip_eat_fetch,1825,1918,"An Autobiography. Bond and Free:  Or, Yearnings for Freedom, from My Green Brier House. Being the Story of My Life in Bondage, and My Life in Freedom (Israel  Campbell): 4 | Life of William Grimes, the Runaway Slave. Written by Himself (William  Grimes): 3 | Life of William Grimes, the Runaway Slave, Brought Down to the Present Time. (William  Grimes): 3 | A North-Side View of Slavery. The Refugee: or the Narratives of Fugitive Slaves in Canada. Related by Themselves, with an Account of the History and Condition of the Colored Population of Upper Canada (Benjamin  Drew): 2 | The Narrative of Bethany Veney: A Slave Woman (Bethany  Veney): 1"
162,20,162_abraham lincoln_abraham_republic_lincoln,1847,1917,"Life and Times of Frederick Douglass, Written by Himself. His Early Life as a Slave, His Escape from Bondage, and His Complete History to the Present Time, Including His Connection with the Anti-slavery Movement; His Labors in Great Britain as Well as in His Own Country; His Experience in the Conduct of an Influential Newspaper; His Connection with the Underground Railroad; His Relations with John Brown and the Harpers Ferry Raid;  His Recruiting the 54th and 55th Mass. Colored Regiments; His Interviews with Presidents Lincoln and Johnson; His Appointment by Gen. Grant to Accompany the Santo Domingo Commission&#x2014;Also to a Seat in the Council of the District of Columbia; His Appointment as United States Marshal by President R. B. Hayes; Also His Appointment to Be Recorder of Deeds in Washington by President J. A. Garfield; with Many Other Interesting and Important Events of His Most Eventful Life; With an Introduction by Mr. George L. Ruffin, of Boston (Frederick  Douglass): 6 | God's Image in Ebony: Being a Series of Biographical Sketches, Facts, Anecdotes, etc., Demonstrative of the Mental Powers and Intellectual Capacities of the Negro Race (H. G. Adams): 2 | Life and Times of Frederick Douglass: His Early Life as a Slave, His Escape from Bondage, and His Complete History to the Present Time (Frederick  Douglass): 2 | Frederick Douglass The Orator. Containing an Account of His Life; His Eminent Public Services; His Brilliant Career as Orator; Selections from His Speeches and Writings (James M. Gregory): 2 | Twenty-Two Years a Slave, and Forty Years a Freeman; Embracing a Correspondence of Several Years, While President of Wilberforce Colony, London, Canada West (Austin  Steward): 1"
163,19,163_religion_irish_mr carleton_carleton,1789,1926,"God's Image in Ebony: Being a Series of Biographical Sketches, Facts, Anecdotes, etc., Demonstrative of the Mental Powers and Intellectual Capacities of the Negro Race (H. G. Adams): 2 | Slavery in the United States: A Narrative of the Life and Adventures of Charles Ball, a Black Man, Who Lived Forty Years in Maryland, South Carolina and Georgia, as a Slave Under Various Masters, and was One Year in the Navy with Commodore Barney, During the Late War (Charles  Ball): 2 | Autobiography of a Fugitive Negro: His Anti-Slavery Labours in the United States, Canada, &amp; England (Samuel Ringgold Ward): 2 | A Tribute for the Negro: Being a Vindication of the Moral, Intellectual, and Religious Capabilities of the Colored Portion of Mankind; with Particular Reference to the African Race (Wilson  Armistead): 1 | Homespun Heroines and Other Women of Distinction (Hallie Q. Brown): 1"
164,19,164_anderson_treaty_extradition_queen bench,1856,1863,"The Story of the Life of John Anderson, the Fugitive Slave (Harper  Twelvetrees): 12 | Anthony Burns: A History (Charles Emery Stevens): 7"
165,19,165_sar_horse_cock_bet,1857,1892,"Fifty Years of Slavery in the United States of America (Harry  Smith): 6 | The Martyrs, and the Fugitive; or a Narrative of the Captivity, Sufferings, and Death of an African Family, and the Slavery and Escape of Their Son (S. H. Platt): 4 | Sketches of My Life in the South. Part I (Jacob  Stroyer): 3 | My Southern Home: or, The South and Its People (William Wells Brown): 2 | Twenty-Two Years a Slave, and Forty Years a Freeman; Embracing a Correspondence of Several Years, While President of Wilberforce Colony, London, Canada West (Austin  Steward): 1"
166,19,166_ois_fran ois_fran_biassou,1853,1881,"Toussaint L'Ouverture: A Biography and Autobiography (J. R. Beard): 9 | The Life of Toussaint L'Ouverture, the Negro Patriot of Hayti: Comprising an Account of the Struggle for Liberty in the Island, and a Sketch of Its History to the Present Period (J. R. Beard): 8 | The Black Man: His Antecedents, His Genius, and His Achievements (William Wells Brown): 1 | Life and Times of Frederick Douglass: His Early Life as a Slave, His Escape from Bondage, and His Complete History to the Present Time (Frederick  Douglass): 1"
167,19,167_teacher_verb_pupil_correctly,1913,1913,"Reminiscences of School Life, and Hints on Teaching (Fanny Jackson Coppin): 19"
168,19,168_wood_cattle_dog_rebecka,1836,1929,"Fifty Years in Chains, or, The Life of an American Slave (Charles  Ball): 2 | The Slave: or Memoirs of Archy Moore. Vol. II (Richard  Hildreth): 2 | The Life and Adventures of Zamba, an African Negro King; and His Experience of Slavery in South Carolina. Written by Himself. Corrected and Arranged by Peter Neilson (Peter  Neilson): 2 | Twelve Years a Slave: Narrative of Solomon Northup, a Citizen of New-York, Kidnapped in Washington City in 1841, and Rescued in 1853 (Solomon  Northup): 1 | Slavery in the United States: A Narrative of the Life and Adventures of Charles Ball, a Black Man, Who Lived Forty Years in Maryland, South Carolina and Georgia, as a Slave Under Various Masters, and was One Year in the Navy with Commodore Barney, During the Late War (Charles  Ball): 1"
169,19,169_colony_missionary_native_cary,1835,1925,"A Tribute for the Negro: Being a Vindication of the Moral, Intellectual, and Religious Capabilities of the Colored Portion of Mankind; with Particular Reference to the African Race (Wilson  Armistead): 7 | Biography of Elder Lott Cary, Late Missionary to Africa. With an Appendix on the Subject of Colonization, by J.H.B. Latrobe (James B. Taylor): 3 | God's Image in Ebony: Being a Series of Biographical Sketches, Facts, Anecdotes, etc., Demonstrative of the Mental Powers and Intellectual Capacities of the Negro Race (H. G. Adams): 2 | A Narrative of the Negro (Leila Amos Pendleton): 2 | Autobiography of Omar ibn Said, Slave in North Carolina, 1831. Ed. John Franklin Jameson. From The American Historical Review, 30, No. 4. (July 1925), 787-795 (Omar ibn  Said): 1"
170,19,170_beecher_trade_george_seminary,1789,1907,"A North-Side View of Slavery. The Refugee: or the Narratives of Fugitive Slaves in Canada. Related by Themselves, with an Account of the History and Condition of the Colored Population of Upper Canada (Benjamin  Drew): 3 | Thirty Years a Slave: From Bondage to Freedom: The Institution of Slavery as Seen on the Plantation and in the Home of the Planter (Louis  Hughes): 1 | Life and Opinions of Julius Melbourn; with Sketches of the Lives and Characters of Thomas Jefferson, John Quincy Adams, John Randolph, and Several Other Eminent American Statesmen (Julius  Melbourn): 1 | Life and Adventures of Nat Love, Better Known in the Cattle Country as ""Deadwood Dick,"" by Himself; a True History of Slavery Days, Life on the Great Cattle Ranges and on the Plains of the ""Wild and Woolly"" West, Based on Facts, and Personal Experiences of the Author (Nat  Love): 1 | Old Plantation Days (W.  Mallory): 1"
171,19,171_jail_prison_cell_gaol,1825,1892,"A Narrative of Events of the Life of J. H. Banks, an Escaped Slave, from the Cotton State, Alabama, in America (James W. C. Pennington): 3 | Life and Times of Frederick Douglass, Written by Himself. His Early Life as a Slave, His Escape from Bondage, and His Complete History to the Present Time, Including His Connection with the Anti-slavery Movement; His Labors in Great Britain as Well as in His Own Country; His Experience in the Conduct of an Influential Newspaper; His Connection with the Underground Railroad; His Relations with John Brown and the Harpers Ferry Raid;  His Recruiting the 54th and 55th Mass. Colored Regiments; His Interviews with Presidents Lincoln and Johnson; His Appointment by Gen. Grant to Accompany the Santo Domingo Commission&#x2014;Also to a Seat in the Council of the District of Columbia; His Appointment as United States Marshal by President R. B. Hayes; Also His Appointment to Be Recorder of Deeds in Washington by President J. A. Garfield; with Many Other Interesting and Important Events of His Most Eventful Life; With an Introduction by Mr. George L. Ruffin, of Boston (Frederick  Douglass): 2 | My Bondage and My Freedom. Part I. Life as a Slave. Part II. Life as a Freeman (Frederick  Douglass): 2 | Fifty Years in Chains, or, The Life of an American Slave (Charles  Ball): 1 | Slavery in the United States: A Narrative of the Life and Adventures of Charles Ball, a Black Man, Who Lived Forty Years in Maryland, South Carolina and Georgia, as a Slave Under Various Masters, and was One Year in the Navy with Commodore Barney, During the Late War (Charles  Ball): 1"
172,19,172_jupe_jamie_wedge_jarm,1810,1918,"A North-Side View of Slavery. The Refugee: or the Narratives of Fugitive Slaves in Canada. Related by Themselves, with an Account of the History and Condition of the Colored Population of Upper Canada (Benjamin  Drew): 3 | Jamie Parker, the Fugitive (Emily Catharine Pierson): 3 | The Black Man: His Antecedents, His Genius, and His Achievements (William Wells Brown): 2 | Twelve Years a Slave: Narrative of Solomon Northup, a Citizen of New-York, Kidnapped in Washington City in 1841, and Rescued in 1853 (Solomon  Northup): 1 | Twenty-Two Years a Slave, and Forty Years a Freeman; Embracing a Correspondence of Several Years, While President of Wilberforce Colony, London, Canada West (Austin  Steward): 1"
173,19,173_lloyd_barney_old barney_col lloyd,1839,1929,"My Bondage and My Freedom. Part I. Life as a Slave. Part II. Life as a Freeman (Frederick  Douglass): 4 | American Slavery As It Is: Testimony of a Thousand Witnesses (Theodore Dwight Weld): 4 | Life and Times of Frederick Douglass, Written by Himself. His Early Life as a Slave, His Escape from Bondage, and His Complete History to the Present Time, Including His Connection with the Anti-slavery Movement; His Labors in Great Britain as Well as in His Own Country; His Experience in the Conduct of an Influential Newspaper; His Connection with the Underground Railroad; His Relations with John Brown and the Harpers Ferry Raid;  His Recruiting the 54th and 55th Mass. Colored Regiments; His Interviews with Presidents Lincoln and Johnson; His Appointment by Gen. Grant to Accompany the Santo Domingo Commission&#x2014;Also to a Seat in the Council of the District of Columbia; His Appointment as United States Marshal by President R. B. Hayes; Also His Appointment to Be Recorder of Deeds in Washington by President J. A. Garfield; with Many Other Interesting and Important Events of His Most Eventful Life; With an Introduction by Mr. George L. Ruffin, of Boston (Frederick  Douglass): 2 | Life and Times of Frederick Douglass: His Early Life as a Slave, His Escape from Bondage, and His Complete History to the Present Time (Frederick  Douglass): 2 | Before the War, and After the Union.  An Autobiography (Sam  Aleckson): 1"
174,19,174_king_cowry_tamegah_priest,1789,1880,"Memoirs of the Reign of Bossa Ahadee, King of Dahomy, an Inland Country of Guiney. To Which Are Added, the Author's Journey to Abomey, the Capital; and a Short Account of the African Slave Trade (Robert  Norris): 9 | Biography of Mahommah G. Baquaqua, a Native of Zoogoo, in the Interior of Africa. (A Convert to Christianity,) With a Description of That Part of the World; Including the Manners and Customs of the Inhabitants, Their Religious Notions, Form of Government, Laws, Appearance of the Country, Buildings, Agriculture, Manufactures, Shepherds and Herdsmen, Domestic Animals, Marriage Ceremonials, Funeral Services, Styles of Dress, Trade and Commerce, Modes of Warfare, System of Slavery, &amp;c., &amp;c. Mahommah's Early Life, His Education, His Capture and Slavery in Western Africa and Brazil, His Escape to the United States, from Thence to Hayti, (the City of Port Au Prince,) His Reception by the Baptist Missionary There, The Rev. W. L. Judd; His Conversion to Christianity, Baptism, and Return to This Country, His Views, Objects and Aim. Written and Revised from His Own Words, by Samuel Moore, Esq., Late Publisher of the ""North of England Shipping Gazette,"" Author of Several Popular Works, and Editor of Sundry Reform Papers (Mahommah Gardo Baquaqua): 3 | The Blind African Slave, or Memoirs of Boyrereau Brinch, Nick-named Jeffrey Brace. Containing an Account of the Kingdom of Bow-Woo, in the Interior of Africa; with the Climate and Natural Productions, Laws, and Customs Peculiar to That Place. With an Account of His Captivity, Sufferings, Sales, Travels, Emancipation, Conversion to the Christian Religion, Knowledge of the Scriptures, &amp;c. Interspersed with Strictures on Slavery, Speculative Observations on the Qualities of Human Nature, with Quotation from Scripture (Boyrereau  Brinch): 2 | The Life and Adventures of Zamba, an African Negro King; and His Experience of Slavery in South Carolina. Written by Himself. Corrected and Arranged by Peter Neilson (Peter  Neilson): 2 | The American Fugitive in Europe. Sketches of Places and People Abroad (William Wells Brown): 1"
175,19,175_toussaint_leclerc_christophe_louverture,1811,1863,"Toussaint L'Ouverture: A Biography and Autobiography (J. R. Beard): 9 | The Life of Toussaint L'Ouverture, the Negro Patriot of Hayti: Comprising an Account of the Struggle for Liberty in the Island, and a Sketch of Its History to the Present Period (J. R. Beard): 8 | A Tribute for the Negro: Being a Vindication of the Moral, Intellectual, and Religious Capabilities of the Colored Portion of Mankind; with Particular Reference to the African Race (Wilson  Armistead): 1 | The Life, History, and Unparalleled Sufferings of John Jea, the African Preacher. Compiled and Written by Himself (John  Jea): 1"
176,19,176_church_pastor_fergusson_dr derrick,1848,1928,"Men of Mark: Eminent, Progressive and Rising (William J. Simmons): 7 | Autobiography of Bishop Isaac Lane, LL.D. with a Short History of the C.M.E. Church in America and of Methodism (Isaac  Lane): 2 | A Tribute for the Negro: Being a Vindication of the Moral, Intellectual, and Religious Capabilities of the Colored Portion of Mankind; with Particular Reference to the African Race (Wilson  Armistead): 1 | Josiah: The Maimed Fugitive. A True Tale (Henry  Bleby): 1 | Men of Maryland (George F. Bragg): 1"
177,19,177_overseer_hog_whip_mr lipscomb,1825,1910,"A North-Side View of Slavery. The Refugee: or the Narratives of Fugitive Slaves in Canada. Related by Themselves, with an Account of the History and Condition of the Colored Population of Upper Canada (Benjamin  Drew): 3 | The History of My Life and Work. Autobiography by Rev. M. L. Latta, A.M., D.D. (M. L. Latta): 2 | The Kidnapped and the Ransomed. Recollections of Peter Still and His Wife ""Vina,"" after Forty Years of Slavery. (Kate E. R. Pickard): 2 | Fifty Years in Chains, or, The Life of an American Slave (Charles  Ball): 1 | Twelve Years a Slave: Narrative of Solomon Northup, a Citizen of New-York, Kidnapped in Washington City in 1841, and Rescued in 1853 (Solomon  Northup): 1"
178,19,178_prison_convict_ellen_boston,1826,1893,"Buried Alive (Behind Prison Walls) for a Quarter of a Century: Life of William Walker (William  Walker): 4 | The Story of Archer Alexander: From Slavery to Freedom, March 30, 1863 (William Greenleaf Eliot): 2 | Anthony Burns: A History (Charles Emery Stevens): 2 | Life and Adventures of James Williams, a Fugitive Slave, with a Full Description of the Underground Railroad (James  Williams): 2 | Narrative of William W. Brown, an American Slave. Written by Himself (William Wells Brown): 1"
179,18,179_tobacco_carr_owen_sell,1825,1929,"The Narrative of Lunsford Lane, Formerly of Raleigh, N.C. 
Embracing an Account of His Early Life, the Redemption by 
Purchase of Himself and Family from Slavery, and His Banishment 
from the Place of His Birth for the Crime of Wearing a Colored Skin. 
Published by Himself (Lunsford  Lane): 3 | Lunsford Lane; or, Another Helper from North Carolina (William G. Hawkins): 2 | Thirty Years a Slave: From Bondage to Freedom: The Institution of Slavery as Seen on the Plantation and in the Home of the Planter (Louis  Hughes): 1 | Autobiography of Omar ibn Said, Slave in North Carolina, 1831. Ed. John Franklin Jameson. From The American Historical Review, 30, No. 4. (July 1925), 787-795 (Omar ibn  Said): 1 | Narrative of Henry Box Brown, Who Escaped from Slavery, Enclosed in a Box 3 Feet Long and 2 Wide. Written from a Statement of Facts Made by Himself. With Remarks Upon the Remedy for Slavery. By Charles Stearns (Henry Box Brown): 1"
180,18,180_murder_jury_murder degree_frank,1797,1910,"Buried Alive (Behind Prison Walls) for a Quarter of a Century: Life of William Walker (William  Walker): 3 | The Address of Abraham Johnstone, a Black Man, Who Was Hanged at Woodbury, in the County of Glocester, and State of New Jersey, on Saturday the the [sic]  8th Day of July Last; to the People of Colour. To Which Is Added His Dying Confession or Declaration. Also, a Copy of a Letter to His Wife, Written the Day Previous to His Execution (Abraham  Johnstone): 3 | Confession of John Joyce, Alias Davis, Who Was Executed on Monday, the 14th of March, 1808. For the Murder of Mrs. Sarah Cross; With an Address to the Public and People of Colour. Together with the Substance of the Trial, and the Address of Chief Justice Tilghman, on His Condemnation. Confession of Peter Mathias, Alias Matthews, Who Was Executed on Monday, the 14th of March, 1808. For the Murder of Mrs. Sarah Cross; With an Address to the Public and People of Colour. Together with the Substance of the  Trial, and the Address of Chief Justice Tilghman, on His Condemnation (John  Joyce): 3 | American Slavery As It Is: Testimony of a Thousand Witnesses (Theodore Dwight Weld): 2 | Fifty Years in Chains, or, The Life of an American Slave (Charles  Ball): 1"
181,18,181_prisoner_parole_court_burn,1839,1892,"Anthony Burns: A History (Charles Emery Stevens): 7 | Buried Alive (Behind Prison Walls) for a Quarter of a Century: Life of William Walker (William  Walker): 4 | Lunsford Lane; or, Another Helper from North Carolina (William G. Hawkins): 2 | The Story of the Life of John Anderson, the Fugitive Slave (Harper  Twelvetrees): 2 | Memoir of Quamino Buccau, a Pious Methodist (William J. Allinson): 1"
182,18,182_mr hunt_pierson_mr pierson_hunt,1835,1916,"Fanaticism; Its Source and Influence, Illustrated by the Simple Narrative of Isabella, in the Case of Matthias, Mr. and Mrs. B. Folger, Mr. Pierson, Mr. Mills, Catherine, Isabella, &amp;c. &amp;c. A Reply to W. L. Stone, with the Descriptive Portraits of All the Parties, While at Sing-Sing and at Third  Street. - Containing the Whole Truth - and Nothing but the Truth (G.  Vale): 7 | Men of Mark: Eminent, Progressive and Rising (William J. Simmons): 4 | Booker T. Washington, Builder of a Civilization (Emmett J. Scott): 2 | Men of Maryland (George F. Bragg): 1 | Reminiscences of School Life, and Hints on Teaching (Fanny Jackson Coppin): 1"
183,18,183_ham_fit die_wilk_riland,1834,1914,"The Rev. J. W. Loguen, as a Slave and as a Freeman. A Narrative of Real Life (J. W. Loguen): 2 | Pictures of Slavery in Church and State; Including Personal Reminiscences, Biographical Sketches, Anecdotes, etc. etc.  with an Appendix, Containing the Views of John Wesley and Richard Watson on Slavery (John Dixon Long): 1 | From Slave Cabin to the Pulpit. The Autobiography of Rev. Peter Randolph: the Southern Question Illustrated and Sketches of Slave Life (Peter  Randolph): 1 | The Kidnapped and the Ransomed. Recollections of Peter Still and His Wife ""Vina,"" after Forty Years of Slavery. (Kate E. R. Pickard): 1 | The Life and Adventures of Zamba, an African Negro King; and His Experience of Slavery in South Carolina. Written by Himself. Corrected and Arranged by Peter Neilson (Peter  Neilson): 1"
184,18,184_mr wilk_goodness_wilk_heaven,1810,1925,"The Life, Experience, and Gospel Labours of the Rt. Rev. Richard Allen. To Which is Annexed the Rise and Progress of the African Methodist Episcopal Church in the United States of America. Containing a Narrative of the Yellow Fever in the Year of Our Lord 1793: With an Address to the People of Colour in the United States (Richard  Allen): 3 | A Tribute for the Negro: Being a Vindication of the Moral, Intellectual, and Religious Capabilities of the Colored Portion of Mankind; with Particular Reference to the African Race (Wilson  Armistead): 2 | Autobiography, Sermons, Addresses, and Essays of Bishop L. H. Holsey, D. D. (Lucius Henry Holsey): 2 | Autobiography of Omar ibn Said, Slave in North Carolina, 1831. Ed. John Franklin Jameson. From The American Historical Review, 30, No. 4. (July 1925), 787-795 (Omar ibn  Said): 1 | Echoes from a Pioneer Life (Jared Maurice Arter): 1"
185,18,185_school_cromwell_mr cromwell_teacher,1848,1913,"Men of Mark: Eminent, Progressive and Rising (William J. Simmons): 8 | Reminiscences of School Life, and Hints on Teaching (Fanny Jackson Coppin): 4 | A Brief History of the Slave Life of Rev. L. R. Ferebee, and the Battles of Life, and Four Years of His Ministerial Life. Written from Memory. To 1882 (L. R. Ferebee): 1 | A Tribute for the Negro: Being a Vindication of the Moral, Intellectual, and Religious Capabilities of the Colored Portion of Mankind; with Particular Reference to the African Race (Wilson  Armistead): 1 | Biography of Rev. David Smith of the A. M. E. Church; Being a Complete History, Embracing over Sixty Years' Labor in the Advancement of the Redeemer's Kingdom on Earth. Including ""The History of the Origin and Development of Wilberforce University."" (David  Smith): 1"
186,18,186_preacher_member_christianity_chattel,1831,1887,"Pictures of Slavery in Church and State; Including Personal Reminiscences, Biographical Sketches, Anecdotes, etc. etc.  with an Appendix, Containing the Views of John Wesley and Richard Watson on Slavery (John Dixon Long): 8 | Poems by a Slave in the Island of Cuba, Recently Liberated; Translated from the Spanish, by R. R. Madden, M.D. With the History of the Early Life of the Negro Poet, Written by Himself; to Which Are Prefixed Two Pieces Descriptive of Cuban Slavery and the Slave-Traffic, by R. R. M. (Juan Francisco Manzano): 2 | Narrative of the Sufferings of Lewis Clarke, During a Captivity of More than Twenty-Five Years, Among the Algerines of Kentucky, One of the So Called Christian States of North America (Lewis Garrard Clarke): 1 | A North-Side View of Slavery. The Refugee: or the Narratives of Fugitive Slaves in Canada. Related by Themselves, with an Account of the History and Condition of the Colored Population of Upper Canada (Benjamin  Drew): 1 | A Narrative of Events of the Life of J. H. Banks, an Escaped Slave, from the Cotton State, Alabama, in America (James W. C. Pennington): 1"
187,18,187_biddy mason_hudlun_angele_los angele,1847,1926,"Homespun Heroines and Other Women of Distinction (Hallie Q. Brown): 6 | A Tribute for the Negro: Being a Vindication of the Moral, Intellectual, and Religious Capabilities of the Colored Portion of Mankind; with Particular Reference to the African Race (Wilson  Armistead): 2 | Incidents in the Life of a Slave Girl. Written by Herself (Harriet A. Jacobs): 1 | Scenes in the Life of Harriet Tubman (Sarah H. Bradford): 1 | Three Years in Europe: Or, Places I Have Seen and People I Have Met (William Wells Brown): 1"
188,18,188_tzatzoe_tribe_medina_native,1834,1892,"A Tribute for the Negro: Being a Vindication of the Moral, Intellectual, and Religious Capabilities of the Colored Portion of Mankind; with Particular Reference to the African Race (Wilson  Armistead): 4 | God's Image in Ebony: Being a Series of Biographical Sketches, Facts, Anecdotes, etc., Demonstrative of the Mental Powers and Intellectual Capacities of the Negro Race (H. G. Adams): 2 | The Autobiography of Nicholas Said, A Native of Bournou, Eastern Soudan, Central Africa (Nicholas  Said): 2 | Sketches of the History, Character, and Dying Testimony, of Beneficiaries of the Colored Home, in the City of New-York (Mary W. Thompson): 2 | Anecdotes and Memoirs of William Boen, a Coloured Man, Who Lived and Died Near Mount Holly, New Jersey. To which is Added, the Testimony of Friends of Mount Holly Monthly Meeting Concerning Him (  No Author): 1"
189,18,189_washington_mr washington_terry_conference,1849,1929,"Booker T. Washington, Builder of a Civilization (Emmett J. Scott): 4 | An Autobiography: The Story of My Life and Work (Booker T. Washington): 3 | My Larger Education: Being Chapters from My Experience (Booker T. Washington): 2 | Truth Stranger Than Fiction. Father Henson's Story of His Own Life (Josiah  Henson): 2 | Twenty-Two Years a Slave, and Forty Years a Freeman; Embracing a Correspondence of Several Years, While President of Wilberforce Colony, London, Canada West (Austin  Steward): 1"
190,18,190_suffrage_vote_convention_senator,1845,1906,"Life and Times of Frederick Douglass: His Early Life as a Slave, His Escape from Bondage, and His Complete History to the Present Time (Frederick  Douglass): 4 | Men of Mark: Eminent, Progressive and Rising (William J. Simmons): 3 | The New Man: Twenty-Nine Years a Slave,Twenty-Nine Years a Free Man (Henry Clay Bruce): 2 | Narrative of the Sufferings of Lewis Clarke, During a Captivity of More than Twenty-Five Years, Among the Algerines of Kentucky, One of the So Called Christian States of North America (Lewis Garrard Clarke): 1 | Narratives of the Sufferings of Lewis and Milton Clarke, Sons of a Soldier of the Revolution, During a Captivity of More than Twenty Years Among the Slaveholders of Kentucky, One of the So-Called Christian States of North America (Lewis Garrard Clarke): 1"
191,18,191_pray_whip_night told_binney pennison,1825,1885,"The Experience of Thomas H. Jones, who was a Slave for Forty-Three Years (Thomas H. Jones): 4 | The Experience of Rev. Thomas H. Jones, Who Was a Slave for Forty-Three Years. Written by a Friend, as Related to Him by Brother Jones (Thomas H. Jones): 4 | Experience and Personal Narrative of Uncle Tom Jones; Who Was for Forty Years a Slave. Also the Surprising Adventures of Wild Tom, of the Island Retreat, a Fugitive Negro from South Carolina (Thomas H. Jones): 4 | Narrative of the Life of Henry Box Brown, Written by Himself (Henry Box Brown): 1 | An Autobiography. Bond and Free:  Or, Yearnings for Freedom, from My Green Brier House. Being the Story of My Life in Bondage, and My Life in Freedom (Israel  Campbell): 1"
192,18,192_rochambeau_vengeance_punishment_ferrou,1848,1908,"The Life of Toussaint L'Ouverture, the Negro Patriot of Hayti: Comprising an Account of the Struggle for Liberty in the Island, and a Sketch of Its History to the Present Period (J. R. Beard): 9 | Toussaint L'Ouverture: A Biography and Autobiography (J. R. Beard): 7 | John Jasper: The Unmatched Negro Philosopher and Preacher (William E. Hatcher): 1 | A Tribute for the Negro: Being a Vindication of the Moral, Intellectual, and Religious Capabilities of the Colored Portion of Mankind; with Particular Reference to the African Race (Wilson  Armistead): 1"
193,18,193_captain_fleet_boat_tawah,1835,1914,"Battles and Victories of Allen Allensworth, A. M., Ph. D., Lieutenant-Colonel, Retired, U. S. Army (Charles  Alexander): 3 | Slavery in the United States: A Narrative of the Life and Adventures of Charles Ball, a Black Man, Who Lived Forty Years in Maryland, South Carolina and Georgia, as a Slave Under Various Masters, and was One Year in the Navy with Commodore Barney, During the Late War (Charles  Ball): 3 | Men of Mark: Eminent, Progressive and Rising (William J. Simmons): 3 | Thirty Years a Slave: From Bondage to Freedom: The Institution of Slavery as Seen on the Plantation and in the Home of the Planter (Louis  Hughes): 1 | Toussaint L'Ouverture: A Biography and Autobiography (J. R. Beard): 1"
194,18,194_thou_waterford_hast_sorrow woe,1836,1872,"God's Image in Ebony: Being a Series of Biographical Sketches, Facts, Anecdotes, etc., Demonstrative of the Mental Powers and Intellectual Capacities of the Negro Race (H. G. Adams): 2 | The Slave: or Memoirs of Archy Moore. Vol. II (Richard  Hildreth): 2 | Narrative of the Adventures and Escape of Moses Roper, from American Slavery. With an Appendix, Containing a List of Places Visited by the Author in Great Britain and Ireland and the British Isles; and Other Matter (Moses  Roper): 2 | Narrative of Henry Watson, a Fugitive Slave (Henry  Watson): 2 | Incidents in the Life of a Slave Girl. Written by Herself (Harriet A. Jacobs): 1"
195,18,195_whip_randall_uncle nelson_juno,1826,1911,"American Slavery As It Is: Testimony of a Thousand Witnesses (Theodore Dwight Weld): 3 | Scenes in the Life of Harriet Tubman (Sarah H. Bradford): 2 | Fifty Years of Slavery in the United States of America (Harry  Smith): 2 | The Experience of a Slave in South Carolina (John Andrew Jackson): 1 | Twenty-Two Years a Slave, and Forty Years a Freeman; Embracing a Correspondence of Several Years, While President of Wilberforce Colony, London, Canada West (Austin  Steward): 1"
196,18,196_missionary_africa_miss_kafir,1837,1926,"Twenty-Eight Years a Slave, or The Story of My Life in Three Continents (Thomas L. Johnson): 4 | An Autobiography: The Story of the Lord's Dealings with Mrs. Amanda Smith, the Colored Evangelist: Containing an Account of Her Life Work of Faith, and Her Travels in America, England, Ireland, Scotland, India, and Africa as an Independent Missionary (Amanda  Smith): 3 | Bond and Free: A Tale of the South (Grace  Lintner): 2 | Narratives of Colored Americans (Abigail  Mott): 2 | A Tribute for the Negro: Being a Vindication of the Moral, Intellectual, and Religious Capabilities of the Colored Portion of Mankind; with Particular Reference to the African Race (Wilson  Armistead): 1"
197,17,197_zip_iron_mr gooch_gooch,1836,1881,"Fifty Years in Chains, or, The Life of an American Slave (Charles  Ball): 1 | The White Slave; or, Memoirs of a Fugitive (Richard  Hildreth): 1 | The History of William Webb, Composed by Himself (William  Webb): 1 | Biography of a Slave; Being the Experiences of Rev. Charles Thompson, a Preacher of the United Brethren Church, While a Slave in the South. Together with Startling Occurrences Incidental to Slave Life (Charles  Thompson): 1 | Autobiography of James L. Smith, Including, Also, Reminiscences of Slave Life, Recollections of the War, Education of Freedmen, Causes of the Exodus, etc. (James Lindsay Smith): 1"
198,17,198_class_sah_poor white_lodge,1837,1929,"Pictures of Slavery in Church and State; Including Personal Reminiscences, Biographical Sketches, Anecdotes, etc. etc.  with an Appendix, Containing the Views of John Wesley and Richard Watson on Slavery (John Dixon Long): 4 | Slavery in the United States: A Narrative of the Life and Adventures of Charles Ball, a Black Man, Who Lived Forty Years in Maryland, South Carolina and Georgia, as a Slave Under Various Masters, and was One Year in the Navy with Commodore Barney, During the Late War (Charles  Ball): 2 | The American Fugitive in Europe. Sketches of Places and People Abroad (William Wells Brown): 2 | Autobiography of a Fugitive Negro: His Anti-Slavery Labours in the United States, Canada, &amp; England (Samuel Ringgold Ward): 2 | The New Man: Twenty-Nine Years a Slave,Twenty-Nine Years a Free Man (Henry Clay Bruce): 1"
199,17,199_johnson_new bedford_vinell_bedford,1847,1909,"The American Fugitive in Europe. Sketches of Places and People Abroad (William Wells Brown): 2 | Struggles for Freedom; or The Life of James Watkins, Formerly a Slave in Maryland, U. S.; in Which is Detailed a Graphic Account of His Extraordinary Escape from Slavery, Notices of the Fugitive Slave Law, the Sentiments of American Divines on the Subject of Slavery, etc., etc. (James  Watkins): 2 | Up from Slavery: An Autobiography (Booker T. Washington): 1 | Life and Times of Frederick Douglass, Written by Himself. His Early Life as a Slave, His Escape from Bondage, and His Complete History to the Present Time, Including His Connection with the Anti-slavery Movement; His Labors in Great Britain as Well as in His Own Country; His Experience in the Conduct of an Influential Newspaper; His Connection with the Underground Railroad; His Relations with John Brown and the Harpers Ferry Raid;  His Recruiting the 54th and 55th Mass. Colored Regiments; His Interviews with Presidents Lincoln and Johnson; His Appointment by Gen. Grant to Accompany the Santo Domingo Commission&#x2014;Also to a Seat in the Council of the District of Columbia; His Appointment as United States Marshal by President R. B. Hayes; Also His Appointment to Be Recorder of Deeds in Washington by President J. A. Garfield; with Many Other Interesting and Important Events of His Most Eventful Life; With an Introduction by Mr. George L. Ruffin, of Boston (Frederick  Douglass): 1 | My Bondage and My Freedom. Part I. Life as a Slave. Part II. Life as a Freeman (Frederick  Douglass): 1"
200,17,200_sun_jasper_earth_verse,1852,1913,"The Life of Rev. John Jasper, Pastor of Sixth Mt. Zion Baptist Church, Richmond, Va., from His Birth to the Present Time, with His Theory on the Rotation of the Sun (Edwin Archer Randolph): 10 | Men of Mark: Eminent, Progressive and Rising (William J. Simmons): 3 | John Jasper: The Unmatched Negro Philosopher and Preacher (William E. Hatcher): 2 | From Log Cabin to the Pulpit, or, Fifteen Years in Slavery (William H. Robinson): 1 | The Life, Labors, and Travels of Elder Charles Bowles, of the Free Will Baptist Denomination, by Eld. John W. Lewis. Together with an Essay on the Character and Condition of the African Race by the Same. Also, an Essay on the Fugitive Law of the U. S. Congress of 1850, by Rev. Arthur Dearing (John W. Lewis): 1"
201,17,201_colonel_mr read_gaol_stubb,1789,1889,"The White Slave; or, Memoirs of a Fugitive (Richard  Hildreth): 3 | The Slave: or Memoirs of Archy Moore. Vol. I (Richard  Hildreth): 3 | The Interesting Narrative of the Life of Olaudah Equiano, or Gustavus Vassa, the African. Written by Himself. Vol. II. (Olaudah  Equiano): 2 | A Narrative of Events of the Life of J. H. Banks, an Escaped Slave, from the Cotton State, Alabama, in America (James W. C. Pennington): 2 | Fifty Years in Chains, or, The Life of an American Slave (Charles  Ball): 1"
202,17,202_antislavery_mott_abby kelley_fayerweather,1831,1926,"Life and Times of Frederick Douglass, Written by Himself. His Early Life as a Slave, His Escape from Bondage, and His Complete History to the Present Time, Including His Connection with the Anti-slavery Movement; His Labors in Great Britain as Well as in His Own Country; His Experience in the Conduct of an Influential Newspaper; His Connection with the Underground Railroad; His Relations with John Brown and the Harpers Ferry Raid;  His Recruiting the 54th and 55th Mass. Colored Regiments; His Interviews with Presidents Lincoln and Johnson; His Appointment by Gen. Grant to Accompany the Santo Domingo Commission&#x2014;Also to a Seat in the Council of the District of Columbia; His Appointment as United States Marshal by President R. B. Hayes; Also His Appointment to Be Recorder of Deeds in Washington by President J. A. Garfield; with Many Other Interesting and Important Events of His Most Eventful Life; With an Introduction by Mr. George L. Ruffin, of Boston (Frederick  Douglass): 3 | Homespun Heroines and Other Women of Distinction (Hallie Q. Brown): 2 | Life and Times of Frederick Douglass: His Early Life as a Slave, His Escape from Bondage, and His Complete History to the Present Time (Frederick  Douglass): 2 | American Slavery As It Is: Testimony of a Thousand Witnesses (Theodore Dwight Weld): 2 | Narrative of the Sufferings of Lewis Clarke, During a Captivity of More than Twenty-Five Years, Among the Algerines of Kentucky, One of the So Called Christian States of North America (Lewis Garrard Clarke): 1"
203,17,203_whip_eat_ensor_mornin,1825,1918,"Narratives of the Sufferings of Lewis and Milton Clarke, Sons of a Soldier of the Revolution, During a Captivity of More than Twenty Years Among the Slaveholders of Kentucky, One of the So-Called Christian States of North America (Lewis Garrard Clarke): 2 | Chains and Freedom: Or, The Life and Adventures of Peter Wheeler, a Colored Man Yet Living. A Slave in Chains, a Sailor on the Deep, and a Sinner at the Cross (Peter  Wheeler): 2 | A Slave's Adventures Toward Freedom. Not Fiction, but the True Story of a Struggle (Peter  Bruner): 1 | An Autobiography. Bond and Free:  Or, Yearnings for Freedom, from My Green Brier House. Being the Story of My Life in Bondage, and My Life in Freedom (Israel  Campbell): 1 | Narrative of the Sufferings of Lewis Clarke, During a Captivity of More than Twenty-Five Years, Among the Algerines of Kentucky, One of the So Called Christian States of North America (Lewis Garrard Clarke): 1"
204,17,204_mingo_mr ward_spriggin_break leg,1798,1929,"Life of William Grimes, the Runaway Slave, Brought Down to the Present Time. (William  Grimes): 3 | The Life of Rev. Robert Anderson. Born the 22d Day of February, in the Year of Our Lord 1819, and Joined the Methodist Episcopal Church in 1839. This Book Shall Be Called The Young Men's Guide, Or, the Brother in White (Robert  Anderson): 2 | Life of William Grimes, the Runaway Slave. Written by Himself (William  Grimes): 2 | Fifty Years in Chains, or, The Life of an American Slave (Charles  Ball): 1 | Twenty-Two Years a Slave, and Forty Years a Freeman; Embracing a Correspondence of Several Years, While President of Wilberforce Colony, London, Canada West (Austin  Steward): 1"
205,17,205_school_kent_tuskegee_henson,1863,1929,"Up from Slavery: An Autobiography (Booker T. Washington): 4 | Twenty-Eight Years a Slave, or The Story of My Life in Three Continents (Thomas L. Johnson): 2 | An Autobiography: The Story of My Life and Work (Booker T. Washington): 2 | What Experience Has Taught Me: An Autobiography of Thomas William Burton (Thomas William Burton): 1 | Autobiography of Bishop Isaac Lane, LL.D. with a Short History of the C.M.E. Church in America and of Methodism (Isaac  Lane): 1"
206,17,206_school_tuskegee_teacher_education,1853,1926,"Up from Slavery: An Autobiography (Booker T. Washington): 4 | An Autobiography: The Story of My Life and Work (Booker T. Washington): 2 | My Larger Education: Being Chapters from My Experience (Booker T. Washington): 1 | The Life of Toussaint L'Ouverture, the Negro Patriot of Hayti: Comprising an Account of the Struggle for Liberty in the Island, and a Sketch of Its History to the Present Period (J. R. Beard): 1 | Homespun Heroines and Other Women of Distinction (Hallie Q. Brown): 1"
207,17,207_mission_ray_meeting_seattle,1863,1926,"Twice Sold, Twice Ransomed: Autobiography of Mr. and Mrs. L. P. Ray (Emma J. Ray): 14 | Memoir of Old Elizabeth, a Coloured Woman. (  Elizabeth): 1 | Elizabeth, a Colored Minister of the Gospel Born in Slavery (  Elizabeth): 1 | Autobiography of Rev. Thomas W. Henry, of the A. M. E. Church (Thomas W. Henry): 1"
208,17,208_tent_camp meet_lord_camp,1893,1926,"An Autobiography: The Story of the Lord's Dealings with Mrs. Amanda Smith, the Colored Evangelist: Containing an Account of Her Life Work of Faith, and Her Travels in America, England, Ireland, Scotland, India, and Africa as an Independent Missionary (Amanda  Smith): 14 | Twice Sold, Twice Ransomed: Autobiography of Mr. and Mrs. L. P. Ray (Emma J. Ray): 2 | Life of Mary F. McCray: Born and Raised a Slave in the State of Kentucky (S. J. McCray): 1"
209,17,209_grandmother_linda_mr sand_flint,1857,1869,"Incidents in the Life of a Slave Girl. Written by Herself (Harriet A. Jacobs): 15 | Twenty-Two Years a Slave, and Forty Years a Freeman; Embracing a Correspondence of Several Years, While President of Wilberforce Colony, London, Canada West (Austin  Steward): 1 | Autobiography of Rev. Francis Frederick, of Virginia (Francis  Frederick): 1"
210,17,210_aunt dice_dice_aunt_riverside,1857,1897,"Aunt Dice: The Story of a Faithful Slave (Nina Hill Robinson): 14 | Autobiography of a Female Slave (Martha Griffith Browne): 1 | The Story of Archer Alexander: From Slavery to Freedom, March 30, 1863 (William Greenleaf Eliot): 1 | Bond and Free: A Tale of the South (Grace  Lintner): 1"
211,17,211_prince_valley_lake_dundee,1846,1922,"The Autobiography of Nicholas Said, A Native of Bournou, Eastern Soudan, Central Africa (Nicholas  Said): 4 | Three Years in Europe: Or, Places I Have Seen and People I Have Met (William Wells Brown): 3 | The American Fugitive in Europe. Sketches of Places and People Abroad (William Wells Brown): 3 | Life and Adventures of Nat Love, Better Known in the Cattle Country as ""Deadwood Dick,"" by Himself; a True History of Slavery Days, Life on the Great Cattle Ranges and on the Plains of the ""Wild and Woolly"" West, Based on Facts, and Personal Experiences of the Author (Nat  Love): 2 | Autobiography of a Fugitive Negro: His Anti-Slavery Labours in the United States, Canada, &amp; England (Samuel Ringgold Ward): 2"
212,17,212_whip_overseer_stubb_mr stubb,1836,1891,"The White Slave; or, Memoirs of a Fugitive (Richard  Hildreth): 3 | The Slave: or Memoirs of Archy Moore. Vol. I (Richard  Hildreth): 2 | American Slavery As It Is: Testimony of a Thousand Witnesses (Theodore Dwight Weld): 2 | Slavery in the United States: A Narrative of the Life and Adventures of Charles Ball, a Black Man, Who Lived Forty Years in Maryland, South Carolina and Georgia, as a Slave Under Various Masters, and was One Year in the Navy with Commodore Barney, During the Late War (Charles  Ball): 1 | Narrative of the Life and Adventures of Henry Bibb, an American Slave, Written by Himself (Henry  Bibb): 1"
213,17,213_nigger_miss jane_yer_miss,1808,1884,"Autobiography of a Female Slave (Martha Griffith Browne): 8 | Incidents in the Life of a Slave Girl. Written by Herself (Harriet A. Jacobs): 1 | Running a Thousand Miles for Freedom; or, the Escape of William and Ellen Craft from Slavery (William  Craft): 1 | From the Darkness Cometh the Light or Struggles for Freedom (Lucy A. Delaney): 1 | Life and Times of Frederick Douglass: His Early Life as a Slave, His Escape from Bondage, and His Complete History to the Present Time (Frederick  Douglass): 1"
214,17,214_learn read_maus_maus oscar_oscar,1795,1914,"Battles and Victories of Allen Allensworth, A. M., Ph. D., Lieutenant-Colonel, Retired, U. S. Army (Charles  Alexander): 2 | The White Slave; or, Memoirs of a Fugitive (Richard  Hildreth): 2 | Frederick Douglass The Colored Orator (Frederic May Holland): 2 | Incidents in the Life of a Slave Girl. Written by Herself (Harriet A. Jacobs): 1 | Frederick Douglass (Charles Waddell Chesnutt): 1"
215,17,215_church_dollar_hundr dollar_bishop,1859,1928,"Men of Mark: Eminent, Progressive and Rising (William J. Simmons): 7 | A Narrative of the Life of Rev. Noah Davis, a Colored Man. Written by Himself, at the Age of Fifty-Four (Noah  Davis): 2 | Twenty-Eight Years a Slave, or The Story of My Life in Three Continents (Thomas L. Johnson): 2 | Autobiography of Bishop Isaac Lane, LL.D. with a Short History of the C.M.E. Church in America and of Methodism (Isaac  Lane): 1 | Life and Labors of Rev. Jordan W. Early, One of the Pioneers of African Methodism in the West and South (Sarah J. W. Early): 1"
216,17,216_shaker_massah_zip_john,1826,1926,"God's Image in Ebony: Being a Series of Biographical Sketches, Facts, Anecdotes, etc., Demonstrative of the Mental Powers and Intellectual Capacities of the Negro Race (H. G. Adams): 1 | Biographical Sketches and Interesting Anecdotes of Persons of Colour. To Which is Added, a Selection of Pieces in Poetry (Abigail  Mott): 1 | The Story of the Life of John Anderson, the Fugitive Slave (Harper  Twelvetrees): 1 | Autobiography of James L. Smith, Including, Also, Reminiscences of Slave Life, Recollections of the War, Education of Freedmen, Causes of the Exodus, etc. (James Lindsay Smith): 1 | Men of Mark: Eminent, Progressive and Rising (William J. Simmons): 1"
217,17,217_sabbathschool_learn read_freeland_classleader,1831,1916,"Life and Times of Frederick Douglass, Written by Himself. His Early Life as a Slave, His Escape from Bondage, and His Complete History to the Present Time, Including His Connection with the Anti-slavery Movement; His Labors in Great Britain as Well as in His Own Country; His Experience in the Conduct of an Influential Newspaper; His Connection with the Underground Railroad; His Relations with John Brown and the Harpers Ferry Raid;  His Recruiting the 54th and 55th Mass. Colored Regiments; His Interviews with Presidents Lincoln and Johnson; His Appointment by Gen. Grant to Accompany the Santo Domingo Commission&#x2014;Also to a Seat in the Council of the District of Columbia; His Appointment as United States Marshal by President R. B. Hayes; Also His Appointment to Be Recorder of Deeds in Washington by President J. A. Garfield; with Many Other Interesting and Important Events of His Most Eventful Life; With an Introduction by Mr. George L. Ruffin, of Boston (Frederick  Douglass): 2 | Life and Times of Frederick Douglass: His Early Life as a Slave, His Escape from Bondage, and His Complete History to the Present Time (Frederick  Douglass): 2 | Biography of a Slave; Being the Experiences of Rev. Charles Thompson, a Preacher of the United Brethren Church, While a Slave in the South. Together with Startling Occurrences Incidental to Slave Life (Charles  Thompson): 2 | Autobiography of Bishop Isaac Lane, LL.D. with a Short History of the C.M.E. Church in America and of Methodism (Isaac  Lane): 1 | My Larger Education: Being Chapters from My Experience (Booker T. Washington): 1"
218,17,218_henson_liberia_mr henson_peterson,1826,1909,"An Autobiography of the Rev. Josiah Henson (""Uncle Tom""). From 1789 to 1881. With a Preface by Mrs. Harriet Beecher Stowe, and Introductory Notes by George Sturge, S. Morley, Esq., M. P., Wendell Phillips, and John G. Whittier. Edited by John Lobb, F.R.G.S. Revised and Enlarged (Josiah  Henson): 2 | Thirty Years a Slave: From Bondage to Freedom: The Institution of Slavery as Seen on the Plantation and in the Home of the Planter (Louis  Hughes): 1 | The American Fugitive in Europe. Sketches of Places and People Abroad (William Wells Brown): 1 | Life and Times of Frederick Douglass, Written by Himself. His Early Life as a Slave, His Escape from Bondage, and His Complete History to the Present Time, Including His Connection with the Anti-slavery Movement; His Labors in Great Britain as Well as in His Own Country; His Experience in the Conduct of an Influential Newspaper; His Connection with the Underground Railroad; His Relations with John Brown and the Harpers Ferry Raid;  His Recruiting the 54th and 55th Mass. Colored Regiments; His Interviews with Presidents Lincoln and Johnson; His Appointment by Gen. Grant to Accompany the Santo Domingo Commission&#x2014;Also to a Seat in the Council of the District of Columbia; His Appointment as United States Marshal by President R. B. Hayes; Also His Appointment to Be Recorder of Deeds in Washington by President J. A. Garfield; with Many Other Interesting and Important Events of His Most Eventful Life; With an Introduction by Mr. George L. Ruffin, of Boston (Frederick  Douglass): 1 | Uncle Tom's Story of His Life. An Autobiography of the Rev. Josiah Henson (Mrs. Harriet Beecher Stowe's ""Uncle Tom""). From 1789 to 1876. With a Preface by Mrs. Harriet Beecher Stowe, and an Introductory Note by George Sturge, and S. Morley, Esq., M. P. (Josiah  Henson): 1"
219,17,219_gin_engine_plant_gin plant,1917,1917,"From Slavery to Wealth. The Life of Scott Bond.  The Rewards of Honesty, Industry, Economy and Perseverance (Dan. A. Rudd): 17"
220,16,220_philo_mrs keister_keister_eat,1832,1929,"Narrative of William W. Brown, an American Slave. Written by Himself (William Wells Brown): 2 | Narrative of William W. Brown, a Fugitive Slave. Written by Himself (William Wells Brown): 2 | Uncle Tom's Companions: Or, Facts Stranger Than Fiction.  A Supplement to Uncle Tom's Cabin: Being Startling Incidents in the Lives of Celebrated Fugitive Slaves. (John Passmore Edwards): 2 | Fifty Years in Chains, or, The Life of an American Slave (Charles  Ball): 1 | Narrative of the Life and Adventures of Henry Bibb, an American Slave, Written by Himself (Henry  Bibb): 1"
221,16,221_henry_eagan_henry john_dodger,1836,1906,"Life and Times of Frederick Douglass: His Early Life as a Slave, His Escape from Bondage, and His Complete History to the Present Time (Frederick  Douglass): 2 | The Story of Archer Alexander: From Slavery to Freedom, March 30, 1863 (William Greenleaf Eliot): 2 | John and Mary; or, The Fugitive Slaves, a Tale of South-Eastern Pennsylvania (Ellwood  Griest): 2 | Bond and Free: A Tale of the South (Grace  Lintner): 2 | Life and Times of Frederick Douglass, Written by Himself. His Early Life as a Slave, His Escape from Bondage, and His Complete History to the Present Time, Including His Connection with the Anti-slavery Movement; His Labors in Great Britain as Well as in His Own Country; His Experience in the Conduct of an Influential Newspaper; His Connection with the Underground Railroad; His Relations with John Brown and the Harpers Ferry Raid;  His Recruiting the 54th and 55th Mass. Colored Regiments; His Interviews with Presidents Lincoln and Johnson; His Appointment by Gen. Grant to Accompany the Santo Domingo Commission&#x2014;Also to a Seat in the Council of the District of Columbia; His Appointment as United States Marshal by President R. B. Hayes; Also His Appointment to Be Recorder of Deeds in Washington by President J. A. Garfield; with Many Other Interesting and Important Events of His Most Eventful Life; With an Introduction by Mr. George L. Ruffin, of Boston (Frederick  Douglass): 1"
222,16,222_preach_ben_gospel_preacher,1811,1913,"The Life, History, and Unparalleled Sufferings of John Jea, the African Preacher. Compiled and Written by Himself (John  Jea): 3 | From Slave Cabin to the Pulpit. The Autobiography of Rev. Peter Randolph: the Southern Question Illustrated and Sketches of Slave Life (Peter  Randolph): 3 | Biography of a Slave; Being the Experiences of Rev. Charles Thompson, a Preacher of the United Brethren Church, While a Slave in the South. Together with Startling Occurrences Incidental to Slave Life (Charles  Thompson): 2 | From Log Cabin to the Pulpit, or, Fifteen Years in Slavery (William H. Robinson): 1 | The Light and Truth of Slavery. Aaron's History (  Aaron): 1"
223,16,223_dog_hound_dogs_mr martin,1836,1901,"Pictures of Slavery in Church and State; Including Personal Reminiscences, Biographical Sketches, Anecdotes, etc. etc.  with an Appendix, Containing the Views of John Wesley and Richard Watson on Slavery (John Dixon Long): 2 | The Slave: or Memoirs of Archy Moore. Vol. II (Richard  Hildreth): 2 | Fifty Years in Chains, or, The Life of an American Slave (Charles  Ball): 1 | Narrative of James Williams, an American Slave, Who Was for Several Years a Driver on a Cotton Plantation in Alabama (James  Williams): 1 | The Life of Rev. Robert Anderson. Born the 22d Day of February, in the Year of Our Lord 1819, and Joined the Methodist Episcopal Church in 1839. This Book Shall Be Called The Young Men's Guide, Or, the Brother in White (Robert  Anderson): 1"
224,16,224_book_spellingbook_learn read_store,1826,1914,"The Experience of Thomas H. Jones, who was a Slave for Forty-Three Years (Thomas H. Jones): 3 | The Experience of Rev. Thomas H. Jones, Who Was a Slave for Forty-Three Years. Written by a Friend, as Related to Him by Brother Jones (Thomas H. Jones): 2 | Experience and Personal Narrative of Uncle Tom Jones; Who Was for Forty Years a Slave. Also the Surprising Adventures of Wild Tom, of the Island Retreat, a Fugitive Negro from South Carolina (Thomas H. Jones): 2 | Battles and Victories of Allen Allensworth, A. M., Ph. D., Lieutenant-Colonel, Retired, U. S. Army (Charles  Alexander): 1 | Life and Times of Frederick Douglass, Written by Himself. His Early Life as a Slave, His Escape from Bondage, and His Complete History to the Present Time, Including His Connection with the Anti-slavery Movement; His Labors in Great Britain as Well as in His Own Country; His Experience in the Conduct of an Influential Newspaper; His Connection with the Underground Railroad; His Relations with John Brown and the Harpers Ferry Raid;  His Recruiting the 54th and 55th Mass. Colored Regiments; His Interviews with Presidents Lincoln and Johnson; His Appointment by Gen. Grant to Accompany the Santo Domingo Commission&#x2014;Also to a Seat in the Council of the District of Columbia; His Appointment as United States Marshal by President R. B. Hayes; Also His Appointment to Be Recorder of Deeds in Washington by President J. A. Garfield; with Many Other Interesting and Important Events of His Most Eventful Life; With an Introduction by Mr. George L. Ruffin, of Boston (Frederick  Douglass): 1"
225,16,225_captain_shore_metcalf_boat,1838,1902,"Biography of Mahommah G. Baquaqua, a Native of Zoogoo, in the Interior of Africa. (A Convert to Christianity,) With a Description of That Part of the World; Including the Manners and Customs of the Inhabitants, Their Religious Notions, Form of Government, Laws, Appearance of the Country, Buildings, Agriculture, Manufactures, Shepherds and Herdsmen, Domestic Animals, Marriage Ceremonials, Funeral Services, Styles of Dress, Trade and Commerce, Modes of Warfare, System of Slavery, &amp;c., &amp;c. Mahommah's Early Life, His Education, His Capture and Slavery in Western Africa and Brazil, His Escape to the United States, from Thence to Hayti, (the City of Port Au Prince,) His Reception by the Baptist Missionary There, The Rev. W. L. Judd; His Conversion to Christianity, Baptism, and Return to This Country, His Views, Objects and Aim. Written and Revised from His Own Words, by Samuel Moore, Esq., Late Publisher of the ""North of England Shipping Gazette,"" Author of Several Popular Works, and Editor of Sundry Reform Papers (Mahommah Gardo Baquaqua): 2 | Chains and Freedom: Or, The Life and Adventures of Peter Wheeler, a Colored Man Yet Living. A Slave in Chains, a Sailor on the Deep, and a Sinner at the Cross (Peter  Wheeler): 2 | An Autobiography: The Story of the Lord's Dealings with Mrs. Amanda Smith, the Colored Evangelist: Containing an Account of Her Life Work of Faith, and Her Travels in America, England, Ireland, Scotland, India, and Africa as an Independent Missionary (Amanda  Smith): 2 | A Sketch of the Life of Okah Tubbee, (Called) William Chubbee, Son of the Head Chief, Mosholeh Tubbee, of the Choctaw Nation of Indians (Okah  Tubbee): 2 | Incidents Connected with the Life of Selim Aga, a Native of Central Africa (Selim  Aga): 1"
226,16,226_colour_prejudice_american_mr brown,1834,1914,"Autobiography of a Fugitive Negro: His Anti-Slavery Labours in the United States, Canada, &amp; England (Samuel Ringgold Ward): 3 | Three Years in Europe: Or, Places I Have Seen and People I Have Met (William Wells Brown): 2 | My Southern Home: or, The South and Its People (William Wells Brown): 2 | Twenty-Two Years a Slave, and Forty Years a Freeman; Embracing a Correspondence of Several Years, While President of Wilberforce Colony, London, Canada West (Austin  Steward): 1 | God's Image in Ebony: Being a Series of Biographical Sketches, Facts, Anecdotes, etc., Demonstrative of the Mental Powers and Intellectual Capacities of the Negro Race (H. G. Adams): 1"
227,16,227_cheapside_prince_matthia_king,1815,1916,"The American Fugitive in Europe. Sketches of Places and People Abroad (William Wells Brown): 2 | The Life, Experience, and Gospel Labours of the Rt. Rev. Richard Allen. To Which is Annexed the Rise and Progress of the African Methodist Episcopal Church in the United States of America. Containing a Narrative of the Yellow Fever in the Year of Our Lord 1793: With an Address to the People of Colour in the United States (Richard  Allen): 1 | The Black Man: His Antecedents, His Genius, and His Achievements (William Wells Brown): 1 | Uncle Tom's Story of His Life. An Autobiography of the Rev. Josiah Henson (Mrs. Harriet Beecher Stowe's ""Uncle Tom""). From 1789 to 1876. With a Preface by Mrs. Harriet Beecher Stowe, and an Introductory Note by George Sturge, and S. Morley, Esq., M. P. (Josiah  Henson): 1 | Truth Stranger Than Fiction. Father Henson's Story of His Own Life (Josiah  Henson): 1"
228,16,228_mr lovejoy_mpherson_lovejoy_mr sawyer,1837,1901,"Uncle Tom's Companions: Or, Facts Stranger Than Fiction.  A Supplement to Uncle Tom's Cabin: Being Startling Incidents in the Lives of Celebrated Fugitive Slaves. (John Passmore Edwards): 3 | Fifty Years in Chains, or, The Life of an American Slave (Charles  Ball): 1 | Narrative of the Life of Moses Grandy, Late a Slave in the United States of America (Moses  Grandy): 1 | The Experience of a Slave in South Carolina (John Andrew Jackson): 1 | Twenty-Two Years a Slave, and Forty Years a Freeman; Embracing a Correspondence of Several Years, While President of Wilberforce Colony, London, Canada West (Austin  Steward): 1"
229,16,229_school_bettis_teacher_student,1854,1916,"Men of Mark: Eminent, Progressive and Rising (William J. Simmons): 5 | Autobiography of a Fugitive Negro: His Anti-Slavery Labours in the United States, Canada, &amp; England (Samuel Ringgold Ward): 3 | Brief Sketch of the Life and Labors of Rev. Alexander Bettis. Also an Account of the Founding and Development of the Bettis Academy (Alfred W. Nicholson): 2 | God's Image in Ebony: Being a Series of Biographical Sketches, Facts, Anecdotes, etc., Demonstrative of the Mental Powers and Intellectual Capacities of the Negro Race (H. G. Adams): 1 | Autobiography, Sermons, Addresses, and Essays of Bishop L. H. Holsey, D. D. (Lucius Henry Holsey): 1"
230,16,230_schooner_montez_amistad_pedro montez,1789,1887,"A History of the Amistad Captives: Being a Circumstantial Account of the Capture of the Spanish Schooner Amistad, by the Africans on Board; Their Voyage, and Capture Near Long Island, New York; with Biographical Sketches of Each of the Surviving Africans; Also, an Account of the Trials had on Their case, Before the District and Circuit Courts of the United States, for the District of Connecticut (John Warner Barber): 6 | The Blind African Slave, or Memoirs of Boyrereau Brinch, Nick-named Jeffrey Brace. Containing an Account of the Kingdom of Bow-Woo, in the Interior of Africa; with the Climate and Natural Productions, Laws, and Customs Peculiar to That Place. With an Account of His Captivity, Sufferings, Sales, Travels, Emancipation, Conversion to the Christian Religion, Knowledge of the Scriptures, &amp;c. Interspersed with Strictures on Slavery, Speculative Observations on the Qualities of Human Nature, with Quotation from Scripture (Boyrereau  Brinch): 1 | The Black Man: His Antecedents, His Genius, and His Achievements (William Wells Brown): 1 | The Heroic Slave. From Autographs for Freedom, Ed. Julia Griffiths (Frederick  Douglass): 1 | Chains and Freedom: Or, The Life and Adventures of Peter Wheeler, a Colored Man Yet Living. A Slave in Chains, a Sailor on the Deep, and a Sinner at the Cross (Peter  Wheeler): 1"
231,16,231_quamino_standard_jesus_provide,1810,1922,"The Life and Adventures of Zamba, an African Negro King; and His Experience of Slavery in South Carolina. Written by Himself. Corrected and Arranged by Peter Neilson (Peter  Neilson): 3 | From Log Cabin to the Pulpit, or, Fifteen Years in Slavery (William H. Robinson): 1 | Memoir of Quamino Buccau, a Pious Methodist (William J. Allinson): 1 | A Tribute for the Negro: Being a Vindication of the Moral, Intellectual, and Religious Capabilities of the Colored Portion of Mankind; with Particular Reference to the African Race (Wilson  Armistead): 1 | Echoes from a Pioneer Life (Jared Maurice Arter): 1"
232,16,232_beggar_mayoral_peseta_ingenio,1825,1894,"Poems by a Slave in the Island of Cuba, Recently Liberated; Translated from the Spanish, by R. R. Madden, M.D. With the History of the Early Life of the Negro Poet, Written by Himself; to Which Are Prefixed Two Pieces Descriptive of Cuban Slavery and the Slave-Traffic, by R. R. M. (Juan Francisco Manzano): 4 | My Southern Home: or, The South and Its People (William Wells Brown): 2 | Slave Life in Virginia and Kentucky; or, Fifty Years of Slavery in the Southern States of America (Francis  Fedric): 2 | Life and Times of Frederick Douglass, Written by Himself. His Early Life as a Slave, His Escape from Bondage, and His Complete History to the Present Time, Including His Connection with the Anti-slavery Movement; His Labors in Great Britain as Well as in His Own Country; His Experience in the Conduct of an Influential Newspaper; His Connection with the Underground Railroad; His Relations with John Brown and the Harpers Ferry Raid;  His Recruiting the 54th and 55th Mass. Colored Regiments; His Interviews with Presidents Lincoln and Johnson; His Appointment by Gen. Grant to Accompany the Santo Domingo Commission&#x2014;Also to a Seat in the Council of the District of Columbia; His Appointment as United States Marshal by President R. B. Hayes; Also His Appointment to Be Recorder of Deeds in Washington by President J. A. Garfield; with Many Other Interesting and Important Events of His Most Eventful Life; With an Introduction by Mr. George L. Ruffin, of Boston (Frederick  Douglass): 1 | My Bondage and My Freedom. Part I. Life as a Slave. Part II. Life as a Freeman (Frederick  Douglass): 1"
233,16,233_tom_teach_bible_bless lord,1811,1909,"Uncle Tom's Story of His Life. An Autobiography of the Rev. Josiah Henson (Mrs. Harriet Beecher Stowe's ""Uncle Tom""). From 1789 to 1876. With a Preface by Mrs. Harriet Beecher Stowe, and an Introductory Note by George Sturge, and S. Morley, Esq., M. P. (Josiah  Henson): 2 | An Autobiography of the Rev. Josiah Henson (""Uncle Tom""). From 1789 to 1881. With a Preface by Mrs. Harriet Beecher Stowe, and Introductory Notes by George Sturge, S. Morley, Esq., M. P., Wendell Phillips, and John G. Whittier. Edited by John Lobb, F.R.G.S. Revised and Enlarged (Josiah  Henson): 2 | The Life, History, and Unparalleled Sufferings of John Jea, the African Preacher. Compiled and Written by Himself (John  Jea): 2 | The Life and Adventures of Zamba, an African Negro King; and His Experience of Slavery in South Carolina. Written by Himself. Corrected and Arranged by Peter Neilson (Peter  Neilson): 2 | Josiah: The Maimed Fugitive. A True Tale (Henry  Bleby): 1"
234,16,234_kerr_tom_pass_girl,1837,1897,"Narrative of Dimmock Charlton, a British Subject, Taken from the Brig ""Peacock"" by the U.S. Sloop ""Hornet,"" Enslaved while a Prisoner of War, and Retained Forty-Five Years in Bondage (Mary L. Cox): 2 | Fifty Years in Chains, or, The Life of an American Slave (Charles  Ball): 1 | The New Man: Twenty-Nine Years a Slave,Twenty-Nine Years a Free Man (Henry Clay Bruce): 1 | Thirty Years a Slave: From Bondage to Freedom: The Institution of Slavery as Seen on the Plantation and in the Home of the Planter (Louis  Hughes): 1 | Incidents in the Life of a Slave Girl. Written by Herself (Harriet A. Jacobs): 1"
235,16,235_grandmother_flint_nancy_dr flint,1857,1906,Incidents in the Life of a Slave Girl. Written by Herself (Harriet A. Jacobs): 9 | Thirty Years a Slave: From Bondage to Freedom: The Institution of Slavery as Seen on the Plantation and in the Home of the Planter (Louis  Hughes): 1 | Autobiography of a Female Slave (Martha Griffith Browne): 1 | A Slave Girl's Story. Being an Autobiography of Kate Drumgoold (Kate  Drumgoold): 1 | Buried Alive (Behind Prison Walls) for a Quarter of a Century: Life of William Walker (William  Walker): 1
236,16,236_virginia_population_estimate_shade white,1789,1880,"American Slavery As It Is: Testimony of a Thousand Witnesses (Theodore Dwight Weld): 7 | Horrors of the Virginian Slave Trade and of the Slave-Rearing Plantations. The True Story of Dinah, an Escaped Virginian Slave, Now in London, on Whose Body Are Eleven Scars Left by Tortures Which Were Inflicted by Her Master, Her Own Father. Together with Extracts from the Laws of Virginia, Showing That Against These Barbarities the Law Gives Not the Smallest Protection to the Slave, But the Reverse (John Hawkins Simpson): 2 | The Life of Toussaint L'Ouverture, the Negro Patriot of Hayti: Comprising an Account of the Struggle for Liberty in the Island, and a Sketch of Its History to the Present Period (J. R. Beard): 1 | My Southern Home: or, The South and Its People (William Wells Brown): 1 | The Black Man: His Antecedents, His Genius, and His Achievements (William Wells Brown): 1"
237,16,237_mr walker_walker_mr broadwell_broadwell,1789,1914,"Narrative of William W. Brown, an American Slave. Written by Himself (William Wells Brown): 3 | Narrative of William W. Brown, a Fugitive Slave. Written by Himself (William Wells Brown): 2 | The Interesting Narrative of the Life of Olaudah Equiano, or Gustavus Vassa, the African. Written by Himself. Vol. II. (Olaudah  Equiano): 2 | The White Slave; or, Memoirs of a Fugitive (Richard  Hildreth): 2 | Battles and Victories of Allen Allensworth, A. M., Ph. D., Lieutenant-Colonel, Retired, U. S. Army (Charles  Alexander): 1"
238,16,238_johnny_miss nancy_nancy_noaccount johnny,1826,1893,"Autobiography of a Female Slave (Martha Griffith Browne): 4 | The Light and Truth of Slavery. Aaron's History (  Aaron): 1 | The Life of Rev. Robert Anderson. Born the 22d Day of February, in the Year of Our Lord 1819, and Joined the Methodist Episcopal Church in 1839. This Book Shall Be Called The Young Men's Guide, Or, the Brother in White (Robert  Anderson): 1 | A History of the Amistad Captives: Being a Circumstantial Account of the Capture of the Spanish Schooner Amistad, by the Africans on Board; Their Voyage, and Capture Near Long Island, New York; with Biographical Sketches of Each of the Surviving Africans; Also, an Account of the Trials had on Their case, Before the District and Circuit Courts of the United States, for the District of Connecticut (John Warner Barber): 1 | Memoir of Mrs. Chloe Spear, a Native of Africa, Who was Enslaved in Childhood, and Died in Boston, January 3, 1815...Aged 65 Years. By a Lady of Boston (Rebecca Warren Brown): 1"
239,16,239_horse_listwell_rasp_mr ward,1790,1929,"An Autobiography. Bond and Free:  Or, Yearnings for Freedom, from My Green Brier House. Being the Story of My Life in Bondage, and My Life in Freedom (Israel  Campbell): 2 | Sketches of the Life of Joseph Mountain, a Negro, Who Was Executed at New-Haven, on the 20th Day of October, 1790, for a Rape, Committed on the 26th Day of May Last. [The Writer of This History Has Directed That the Money Arising From the Sales Thereof, After Deducting the Expence of Printing, &amp;c. Be Given to the Unhappy Girl, Whose Life Is Rendered Wretched by the Crime of the Malefactor.] (Joseph  Mountain): 2 | A Narrative of the Adventures and Escape of Moses Roper, from American Slavery (Moses  Roper): 1 | Twenty-Two Years a Slave, and Forty Years a Freeman; Embracing a Correspondence of Several Years, While President of Wilberforce Colony, London, Canada West (Austin  Steward): 1 | Before the War, and After the Union.  An Autobiography (Sam  Aleckson): 1"
240,16,240_amos_master amos_axe_commit murder,1829,1881,"Josiah: The Maimed Fugitive. A True Tale (Henry  Bleby): 2 | Uncle Tom's Story of His Life. An Autobiography of the Rev. Josiah Henson (Mrs. Harriet Beecher Stowe's ""Uncle Tom""). From 1789 to 1876. With a Preface by Mrs. Harriet Beecher Stowe, and an Introductory Note by George Sturge, and S. Morley, Esq., M. P. (Josiah  Henson): 2 | The Life of Josiah Henson, Formerly a Slave, Now an Inhabitant of Canada, as Narrated by Himself (Josiah  Henson): 2 | Truth Stranger Than Fiction. Father Henson's Story of His Own Life (Josiah  Henson): 2 | An Autobiography of the Rev. Josiah Henson (""Uncle Tom""). From 1789 to 1881. With a Preface by Mrs. Harriet Beecher Stowe, and Introductory Notes by George Sturge, S. Morley, Esq., M. P., Wendell Phillips, and John G. Whittier. Edited by John Lobb, F.R.G.S. Revised and Enlarged (Josiah  Henson): 2"
241,15,241_harriet_isabel_girl_lloyd,1845,1898,"Jamie Parker, the Fugitive (Emily Catharine Pierson): 2 | The Light and Truth of Slavery. Aaron's History (  Aaron): 1 | Narrative of the Life and Adventures of Henry Bibb, an American Slave, Written by Himself (Henry  Bibb): 1 | Scenes in the Life of Harriet Tubman (Sarah H. Bradford): 1 | Autobiography of a Female Slave (Martha Griffith Browne): 1"
242,15,242_que_las_property_casa,1838,1912,"Autobiography of a Female Slave (Martha Griffith Browne): 2 | My Bondage and My Freedom. Part I. Life as a Slave. Part II. Life as a Freeman (Frederick  Douglass): 2 | Poems by a Slave in the Island of Cuba, Recently Liberated; Translated from the Spanish, by R. R. Madden, M.D. With the History of the Early Life of the Negro Poet, Written by Himself; to Which Are Prefixed Two Pieces Descriptive of Cuban Slavery and the Slave-Traffic, by R. R. M. (Juan Francisco Manzano): 2 | The Light and Truth of Slavery. Aaron's History (  Aaron): 1 | The House of Bondage, or, Charlotte Brooks and Other Slaves, Original and Life Like, As They Appeared in Their Old Plantation and City Slave Life; Together with Pen-Pictures of the Peculiar Institution, with Sights and Insights into Their New Relations as Freedmen, Freemen, and Citizens (Octavia V. Rogers Albert): 1"
243,15,243_peanut_butter_add_potato,1929,1929,From Captivity to Fame or The Life of George Washington Carver (Raleigh H. Merritt): 15
244,15,244_freedmen_fortyfourth_contraband_government,1841,1918,"Lunsford Lane; or, Another Helper from North Carolina (William G. Hawkins): 3 | A Narrative of the Negro (Leila Amos Pendleton): 2 | The New Man: Twenty-Nine Years a Slave,Twenty-Nine Years a Free Man (Henry Clay Bruce): 1 | Toussaint L'Ouverture: A Biography and Autobiography (J. R. Beard): 1 | A Slave's Adventures Toward Freedom. Not Fiction, but the True Story of a Struggle (Peter  Bruner): 1"
245,15,245_exodus_emigrate_rochester_antislavery,1810,1906,"Life and Times of Frederick Douglass, Written by Himself. His Early Life as a Slave, His Escape from Bondage, and His Complete History to the Present Time, Including His Connection with the Anti-slavery Movement; His Labors in Great Britain as Well as in His Own Country; His Experience in the Conduct of an Influential Newspaper; His Connection with the Underground Railroad; His Relations with John Brown and the Harpers Ferry Raid;  His Recruiting the 54th and 55th Mass. Colored Regiments; His Interviews with Presidents Lincoln and Johnson; His Appointment by Gen. Grant to Accompany the Santo Domingo Commission&#x2014;Also to a Seat in the Council of the District of Columbia; His Appointment as United States Marshal by President R. B. Hayes; Also His Appointment to Be Recorder of Deeds in Washington by President J. A. Garfield; with Many Other Interesting and Important Events of His Most Eventful Life; With an Introduction by Mr. George L. Ruffin, of Boston (Frederick  Douglass): 3 | Frederick Douglass The Colored Orator (Frederic May Holland): 3 | A Narrative of Thomas Smallwood, (Coloured Man:) Giving an Account of His Birth--The Period He Was Held in Slavery--His Release--and Removal to Canada, etc. Together With an Account of the Underground Railroad. Written by Himself (Thomas  Smallwood): 2 | The House of Bondage, or, Charlotte Brooks and Other Slaves, Original and Life Like, As They Appeared in Their Old Plantation and City Slave Life; Together with Pen-Pictures of the Peculiar Institution, with Sights and Insights into Their New Relations as Freedmen, Freemen, and Citizens (Octavia V. Rogers Albert): 1 | The Blind African Slave, or Memoirs of Boyrereau Brinch, Nick-named Jeffrey Brace. Containing an Account of the Kingdom of Bow-Woo, in the Interior of Africa; with the Climate and Natural Productions, Laws, and Customs Peculiar to That Place. With an Account of His Captivity, Sufferings, Sales, Travels, Emancipation, Conversion to the Christian Religion, Knowledge of the Scriptures, &amp;c. Interspersed with Strictures on Slavery, Speculative Observations on the Qualities of Human Nature, with Quotation from Scripture (Boyrereau  Brinch): 1"
246,15,246_millie_christine_millie christine_twohead,1902,1902,"Biographical Sketch of Millie Christine, the Carolina Twin, Surnamed the Two-Headed Nightingale and the Eighth Wonder of the World (  No Author): 13 | The History of the Carolina Twins: Told in ""Their Own Peculiar Way"" By ""One of Them"" (  Millie-Christine): 2"
247,15,247_parson_badger answer_badger_lewis,1856,1910,"Life of James Mars, a Slave Born and Sold in Connecticut. Written by Himself (James  Mars): 5 | Life of James Mars, A Slave Born and Sold in Connecticut. Written by Himself (James  Mars): 5 | A North-Side View of Slavery. The Refugee: or the Narratives of Fugitive Slaves in Canada. Related by Themselves, with an Account of the History and Condition of the Colored Population of Upper Canada (Benjamin  Drew): 1 | Days of Bondage. Autobiography of Friday Jones. Being a Brief Narrative of His Trials and Tribulations in Slavery (Friday  Jones): 1 | Behind the Scenes, or, Thirty years a Slave, and Four Years in the White House (Elizabeth  Keckley): 1"
248,15,248_gorsuch_kline_pinckney_mr gorsuch,1831,1873,"The Freedman's Story: In Two Parts (William  Parker): 6 | A Thrilling Narrative from the Lips of the Sufferers of the Late Detroit Riot, March 6, 1863, With the Hair Breadth Escapes of Men, Women and Children, and Destruction of Colored Men's Property, Not Less Than $15,000. (  No Author): 1 | John and Mary; or, The Fugitive Slaves, a Tale of South-Eastern Pennsylvania (Ellwood  Griest): 1 | Lunsford Lane; or, Another Helper from North Carolina (William G. Hawkins): 1 | The White Slave; or, Memoirs of a Fugitive (Richard  Hildreth): 1"
249,15,249_tuckahoe_race_history_carver,1854,1929,"God's Image in Ebony: Being a Series of Biographical Sketches, Facts, Anecdotes, etc., Demonstrative of the Mental Powers and Intellectual Capacities of the Negro Race (H. G. Adams): 2 | Life and Times of Frederick Douglass: His Early Life as a Slave, His Escape from Bondage, and His Complete History to the Present Time (Frederick  Douglass): 2 | Battles and Victories of Allen Allensworth, A. M., Ph. D., Lieutenant-Colonel, Retired, U. S. Army (Charles  Alexander): 1 | My Southern Home: or, The South and Its People (William Wells Brown): 1 | From the Darkness Cometh the Light or Struggles for Freedom (Lucy A. Delaney): 1"
250,15,250_problem_solve_negro problem_race,1855,1911,"My Larger Education: Being Chapters from My Experience (Booker T. Washington): 7 | The History of My Life and Work. Autobiography by Rev. M. L. Latta, A.M., D.D. (M. L. Latta): 4 | Up from Slavery: An Autobiography (Booker T. Washington): 3 | The Colored Patriots of the American Revolution: With Sketches of Several Distinguished Colored Persons: To Which is Added a Brief Survey of the Condition and Prospects of Colored Americans (William Cooper Nell): 1"
251,15,251_hardy_brown_police_weaver,1789,1910,"Trials and Confessions of Madison Henderson, Alias Blanchard, Alfred Amos Warrick, James W. Seward, and Charles Brown, Murderers of Jesse Baker and Jacob Weaver, as Given by Themselves; and a Likeness of Each, Taken in Jail Shortly after Their Arrest (Madison  Henderson): 7 | Fifty Years in Chains, or, The Life of an American Slave (Charles  Ball): 3 | Slavery in the United States: A Narrative of the Life and Adventures of Charles Ball, a Black Man, Who Lived Forty Years in Maryland, South Carolina and Georgia, as a Slave Under Various Masters, and was One Year in the Navy with Commodore Barney, During the Late War (Charles  Ball): 3 | The Interesting Narrative of the Life of Olaudah Equiano, or Gustavus Vassa, the African. Written by Himself. Vol. II. (Olaudah  Equiano): 1 | Out of the Ditch.  A True Story of an Ex-Slave (J. Vance Lewis): 1"
252,15,252_welday_freudenberger_squire_lewis,1790,1908,"Memoirs of Samuel Spottford Clement Relating Interesting Experiences in Days of Slavery and Freedom (Samuel Spottford Clement): 3 | Twenty-Two Years a Slave, and Forty Years a Freeman; Embracing a Correspondence of Several Years, While President of Wilberforce Colony, London, Canada West (Austin  Steward): 2 | Trials and Confessions of Madison Henderson, Alias Blanchard, Alfred Amos Warrick, James W. Seward, and Charles Brown, Murderers of Jesse Baker and Jacob Weaver, as Given by Themselves; and a Likeness of Each, Taken in Jail Shortly after Their Arrest (Madison  Henderson): 2 | Life and Adventures of James Williams, a Fugitive Slave, with a Full Description of the Underground Railroad (James  Williams): 2 | Narrative of William Hayden, Containing a Faithful Account of His Travels for a Number of Years, Whilst a Slave, in the South. Written by Himself (William  Hayden): 1"
253,15,253_proctor_mr proctor_cassy_goodwin,1836,1891,"The White Slave; or, Memoirs of a Fugitive (Richard  Hildreth): 3 | Narrative of Joanna; An Emancipated Slave, of Surinam. (From Stedman's Narrative of a Five Year's Expedition Against the Revolted Negroes of Surinam) (John Gabriel Stedman): 2 | Twelve Years a Slave: Narrative of Solomon Northup, a Citizen of New-York, Kidnapped in Washington City in 1841, and Rescued in 1853 (Solomon  Northup): 1 | Autobiography of a Female Slave (Martha Griffith Browne): 1 | Running a Thousand Miles for Freedom; or, the Escape of William and Ellen Craft from Slavery (William  Craft): 1"
254,15,254_cullen_captain_captain cullen_battle,1789,1911,"The Colored Patriots of the American Revolution: With Sketches of Several Distinguished Colored Persons: To Which is Added a Brief Survey of the Condition and Prospects of Colored Americans (William Cooper Nell): 4 | John and Mary; or, The Fugitive Slaves, a Tale of South-Eastern Pennsylvania (Ellwood  Griest): 2 | The Rev. J. W. Loguen, as a Slave and as a Freeman. A Narrative of Real Life (J. W. Loguen): 2 | The Life of Toussaint L'Ouverture, the Negro Patriot of Hayti: Comprising an Account of the Struggle for Liberty in the Island, and a Sketch of Its History to the Present Period (J. R. Beard): 1 | The Blind African Slave, or Memoirs of Boyrereau Brinch, Nick-named Jeffrey Brace. Containing an Account of the Kingdom of Bow-Woo, in the Interior of Africa; with the Climate and Natural Productions, Laws, and Customs Peculiar to That Place. With an Account of His Captivity, Sufferings, Sales, Travels, Emancipation, Conversion to the Christian Religion, Knowledge of the Scriptures, &amp;c. Interspersed with Strictures on Slavery, Speculative Observations on the Qualities of Human Nature, with Quotation from Scripture (Boyrereau  Brinch): 1"
255,15,255_deck_cingue_montez_ruiz,1840,1894,"A History of the Amistad Captives: Being a Circumstantial Account of the Capture of the Spanish Schooner Amistad, by the Africans on Board; Their Voyage, and Capture Near Long Island, New York; with Biographical Sketches of Each of the Surviving Africans; Also, an Account of the Trials had on Their case, Before the District and Circuit Courts of the United States, for the District of Connecticut (John Warner Barber): 5 | Twelve Years a Slave: Narrative of Solomon Northup, a Citizen of New-York, Kidnapped in Washington City in 1841, and Rescued in 1853 (Solomon  Northup): 1 | Biography of Mahommah G. Baquaqua, a Native of Zoogoo, in the Interior of Africa. (A Convert to Christianity,) With a Description of That Part of the World; Including the Manners and Customs of the Inhabitants, Their Religious Notions, Form of Government, Laws, Appearance of the Country, Buildings, Agriculture, Manufactures, Shepherds and Herdsmen, Domestic Animals, Marriage Ceremonials, Funeral Services, Styles of Dress, Trade and Commerce, Modes of Warfare, System of Slavery, &amp;c., &amp;c. Mahommah's Early Life, His Education, His Capture and Slavery in Western Africa and Brazil, His Escape to the United States, from Thence to Hayti, (the City of Port Au Prince,) His Reception by the Baptist Missionary There, The Rev. W. L. Judd; His Conversion to Christianity, Baptism, and Return to This Country, His Views, Objects and Aim. Written and Revised from His Own Words, by Samuel Moore, Esq., Late Publisher of the ""North of England Shipping Gazette,"" Author of Several Popular Works, and Editor of Sundry Reform Papers (Mahommah Gardo Baquaqua): 1 | The Black Man: His Antecedents, His Genius, and His Achievements (William Wells Brown): 1 | Life of George Henry. Together with a Brief History of the Colored People in America (George  Henry): 1"
256,15,256_sear_cassy_st john_mrs wheatley,1836,1926,"The White Slave; or, Memoirs of a Fugitive (Richard  Hildreth): 4 | Twelve Years a Slave: Narrative of Solomon Northup, a Citizen of New-York, Kidnapped in Washington City in 1841, and Rescued in 1853 (Solomon  Northup): 1 | The Narrative of Bethany Veney: A Slave Woman (Bethany  Veney): 1 | Autobiography of a Female Slave (Martha Griffith Browne): 1 | Homespun Heroines and Other Women of Distinction (Hallie Q. Brown): 1"
257,15,257_dey_mrs benson_judy_dat,1826,1913,"Life and Opinions of Julius Melbourn; with Sketches of the Lives and Characters of Thomas Jefferson, John Quincy Adams, John Randolph, and Several Other Eminent American Statesmen (Julius  Melbourn): 2 | A True Story, Repeated Word for Word As I Heard It. From The Atlantic Monthly. Nov. 1874: 591-594 (Mark  Twain): 2 | From Log Cabin to the Pulpit, or, Fifteen Years in Slavery (William H. Robinson): 1 | Aunt Judy's Story: A Tale From Real Life. Written for the Pennsylvania Anti-Slavery Fair (Matilda G. Thompson): 1 | Slavery in the United States: A Narrative of the Life and Adventures of Charles Ball, a Black Man, Who Lived Forty Years in Maryland, South Carolina and Georgia, as a Slave Under Various Masters, and was One Year in the Navy with Commodore Barney, During the Late War (Charles  Ball): 1"
258,15,258_johnston_mr edmondson_edmondson_jimmie,1837,1929,"Fifty Years in Chains, or, The Life of an American Slave (Charles  Ball): 2 | Memories of Childhood's Slavery Days (Annie L. Burton): 1 | From Log Cabin to the Pulpit, or, Fifteen Years in Slavery (William H. Robinson): 1 | Slavery in the United States: A Narrative of the Life and Adventures of Charles Ball, a Black Man, Who Lived Forty Years in Maryland, South Carolina and Georgia, as a Slave Under Various Masters, and was One Year in the Navy with Commodore Barney, During the Late War (Charles  Ball): 1 | My Life and Travels (Levi  Branham): 1"
259,15,259_stowe_st michael_mrs stowe_michael,1797,1908,"Narrative of William Hayden, Containing a Faithful Account of His Travels for a Number of Years, Whilst a Slave, in the South. Written by Himself (William  Hayden): 2 | Narrative of the Life of Moses Grandy, Late a Slave in the United States of America (Moses  Grandy): 1 | The Experience of Rev. Thomas H. Jones, Who Was a Slave for Forty-Three Years. Written by a Friend, as Related to Him by Brother Jones (Thomas H. Jones): 1 | Narrative of the Life of John Quincy Adams, When in Slavery, and Now as a Freeman (John Quincy Adams): 1 | An Autobiography. Bond and Free:  Or, Yearnings for Freedom, from My Green Brier House. Being the Story of My Life in Bondage, and My Life in Freedom (Israel  Campbell): 1"
260,15,260_mcnellis_attorney_mortgage_mr fussell,1825,1917,"Book for the People! To Be Read by All Voters, Black and White, with Thrilling Events of the Life of Norvel Blair, of Grundy County, State of Illinois. Written and Published by Him, and with the Money He Earned by His Own Labor, and Is Sent Out with the Sincere Hope that if Carefully Read, It Will Tend to Put a Stop to Northern Bull-Dozing and Will Give to All a Free Ballot, without Fear, Favor or Affection and Respect (Norvel  Blair): 7 | From Slavery to Wealth. The Life of Scott Bond.  The Rewards of Honesty, Industry, Economy and Perseverance (Dan. A. Rudd): 2 | A Brief History of the Slave Life of Rev. L. R. Ferebee, and the Battles of Life, and Four Years of His Ministerial Life. Written from Memory. To 1882 (L. R. Ferebee): 1 | Twenty-Two Years a Slave, and Forty Years a Freeman; Embracing a Correspondence of Several Years, While President of Wilberforce Colony, London, Canada West (Austin  Steward): 1 | Life of William Grimes, the Runaway Slave. Written by Himself (William  Grimes): 1"
261,15,261_horse_beg kill_chaise_rail,1837,1929,"Fifty Years in Chains, or, The Life of an American Slave (Charles  Ball): 1 | Twelve Years a Slave: Narrative of Solomon Northup, a Citizen of New-York, Kidnapped in Washington City in 1841, and Rescued in 1853 (Solomon  Northup): 1 | A Narrative of the Adventures and Escape of Moses Roper, from American Slavery (Moses  Roper): 1 | Before the War, and After the Union.  An Autobiography (Sam  Aleckson): 1 | Slavery in the United States: A Narrative of the Life and Adventures of Charles Ball, a Black Man, Who Lived Forty Years in Maryland, South Carolina and Georgia, as a Slave Under Various Masters, and was One Year in the Navy with Commodore Barney, During the Late War (Charles  Ball): 1"
262,15,262_haliburton_race_moton_major moton,1852,1924,"My Larger Education: Being Chapters from My Experience (Booker T. Washington): 3 | Men of Mark: Eminent, Progressive and Rising (William J. Simmons): 3 | The History of My Life and Work. Autobiography by Rev. M. L. Latta, A.M., D.D. (M. L. Latta): 2 | Memories of Childhood's Slavery Days (Annie L. Burton): 1 | Men of Maryland (George F. Bragg): 1"
263,15,263_holiday_dey gib_dur holiday_gib,1836,1892,"American Slavery As It Is: Testimony of a Thousand Witnesses (Theodore Dwight Weld): 3 | Twelve Years a Slave: Narrative of Solomon Northup, a Citizen of New-York, Kidnapped in Washington City in 1841, and Rescued in 1853 (Solomon  Northup): 2 | Narrative of the Sufferings of Lewis Clarke, During a Captivity of More than Twenty-Five Years, Among the Algerines of Kentucky, One of the So Called Christian States of North America (Lewis Garrard Clarke): 1 | Life and Times of Frederick Douglass, Written by Himself. His Early Life as a Slave, His Escape from Bondage, and His Complete History to the Present Time, Including His Connection with the Anti-slavery Movement; His Labors in Great Britain as Well as in His Own Country; His Experience in the Conduct of an Influential Newspaper; His Connection with the Underground Railroad; His Relations with John Brown and the Harpers Ferry Raid;  His Recruiting the 54th and 55th Mass. Colored Regiments; His Interviews with Presidents Lincoln and Johnson; His Appointment by Gen. Grant to Accompany the Santo Domingo Commission&#x2014;Also to a Seat in the Council of the District of Columbia; His Appointment as United States Marshal by President R. B. Hayes; Also His Appointment to Be Recorder of Deeds in Washington by President J. A. Garfield; with Many Other Interesting and Important Events of His Most Eventful Life; With an Introduction by Mr. George L. Ruffin, of Boston (Frederick  Douglass): 1 | Narrative of the Life of Frederick Douglass, an American Slave. Written by Himself (Frederick  Douglass): 1"
264,15,264_equality_convention_hezekiah grice_american,1847,1914,"Life and Times of Frederick Douglass, Written by Himself. His Early Life as a Slave, His Escape from Bondage, and His Complete History to the Present Time, Including His Connection with the Anti-slavery Movement; His Labors in Great Britain as Well as in His Own Country; His Experience in the Conduct of an Influential Newspaper; His Connection with the Underground Railroad; His Relations with John Brown and the Harpers Ferry Raid;  His Recruiting the 54th and 55th Mass. Colored Regiments; His Interviews with Presidents Lincoln and Johnson; His Appointment by Gen. Grant to Accompany the Santo Domingo Commission&#x2014;Also to a Seat in the Council of the District of Columbia; His Appointment as United States Marshal by President R. B. Hayes; Also His Appointment to Be Recorder of Deeds in Washington by President J. A. Garfield; with Many Other Interesting and Important Events of His Most Eventful Life; With an Introduction by Mr. George L. Ruffin, of Boston (Frederick  Douglass): 4 | The Colored Patriots of the American Revolution: With Sketches of Several Distinguished Colored Persons: To Which is Added a Brief Survey of the Condition and Prospects of Colored Americans (William Cooper Nell): 4 | Frederick Douglass The Orator. Containing an Account of His Life; His Eminent Public Services; His Brilliant Career as Orator; Selections from His Speeches and Writings (James M. Gregory): 2 | Twenty-Two Years a Slave, and Forty Years a Freeman; Embracing a Correspondence of Several Years, While President of Wilberforce Colony, London, Canada West (Austin  Steward): 1 | Men of Maryland (George F. Bragg): 1"
265,15,265_wood_ensor_gorsuch_dogs,1789,1875,"Struggles for Freedom; or The Life of James Watkins, Formerly a Slave in Maryland, U. S.; in Which is Detailed a Graphic Account of His Extraordinary Escape from Slavery, Notices of the Fugitive Slave Law, the Sentiments of American Divines on the Subject of Slavery, etc., etc. (James  Watkins): 3 | Slavery in the United States: A Narrative of the Life and Adventures of Charles Ball, a Black Man, Who Lived Forty Years in Maryland, South Carolina and Georgia, as a Slave Under Various Masters, and was One Year in the Navy with Commodore Barney, During the Late War (Charles  Ball): 2 | Fifty Years in Chains, or, The Life of an American Slave (Charles  Ball): 1 | A Narrative of the Adventures and Escape of Moses Roper, from American Slavery (Moses  Roper): 1 | Narrative of James Williams, an American Slave, Who Was for Several Years a Driver on a Cotton Plantation in Alabama (James  Williams): 1"
266,15,266_mr freeland_freeland_jarm_barn,1845,1901,"The Rev. J. W. Loguen, as a Slave and as a Freeman. A Narrative of Real Life (J. W. Loguen): 3 | An Autobiography. Bond and Free:  Or, Yearnings for Freedom, from My Green Brier House. Being the Story of My Life in Bondage, and My Life in Freedom (Israel  Campbell): 2 | Jamie Parker, the Fugitive (Emily Catharine Pierson): 2 | Life and Times of Frederick Douglass, Written by Himself. His Early Life as a Slave, His Escape from Bondage, and His Complete History to the Present Time, Including His Connection with the Anti-slavery Movement; His Labors in Great Britain as Well as in His Own Country; His Experience in the Conduct of an Influential Newspaper; His Connection with the Underground Railroad; His Relations with John Brown and the Harpers Ferry Raid;  His Recruiting the 54th and 55th Mass. Colored Regiments; His Interviews with Presidents Lincoln and Johnson; His Appointment by Gen. Grant to Accompany the Santo Domingo Commission&#x2014;Also to a Seat in the Council of the District of Columbia; His Appointment as United States Marshal by President R. B. Hayes; Also His Appointment to Be Recorder of Deeds in Washington by President J. A. Garfield; with Many Other Interesting and Important Events of His Most Eventful Life; With an Introduction by Mr. George L. Ruffin, of Boston (Frederick  Douglass): 1 | Narrative of the Life of Frederick Douglass, an American Slave. Written by Himself (Frederick  Douglass): 1"
267,15,267_raleigh_richmond_dollar_teacher,1846,1917,"The New Man: Twenty-Nine Years a Slave,Twenty-Nine Years a Free Man (Henry Clay Bruce): 2 | What Experience Has Taught Me: An Autobiography of Thomas William Burton (Thomas William Burton): 2 | The History of My Life and Work. Autobiography by Rev. M. L. Latta, A.M., D.D. (M. L. Latta): 2 | My Larger Education: Being Chapters from My Experience (Booker T. Washington): 1 | A Tribute for the Negro: Being a Vindication of the Moral, Intellectual, and Religious Capabilities of the Colored Portion of Mankind; with Particular Reference to the African Race (Wilson  Armistead): 1"
268,15,268_preach_brother ward_preacher_bishop,1861,1912,"Autobiography and Work of Bishop M. F. Jamison, D.D. (""Uncle Joe"") Editor, Publisher, and Church Extension Secretary; a Narration of His Whole Career from the Cradle to the Bishopric of the Colored M. E. Church in America (M. F. Jamison): 3 | The History of My Life and Work. Autobiography by Rev. M. L. Latta, A.M., D.D. (M. L. Latta): 3 | An Autobiography: The Story of the Lord's Dealings with Mrs. Amanda Smith, the Colored Evangelist: Containing an Account of Her Life Work of Faith, and Her Travels in America, England, Ireland, Scotland, India, and Africa as an Independent Missionary (Amanda  Smith): 2 | The Life of Rev. Robert Anderson. Born the 22d Day of February, in the Year of Our Lord 1819, and Joined the Methodist Episcopal Church in 1839. This Book Shall Be Called The Young Men's Guide, Or, the Brother in White (Robert  Anderson): 1 | The Anderson Surpriser. Written After He Was Seventy-Five Years of Age. The Author Was Born in Liberty County, Ga., on the 22d Day of February, in the Year of Our Lord, 1819, and United with the Methodist Episcopal Church in the Year 1839. This Book Contains an Account of His Florida and Northern Trip, Written by Himself, Giving Much Valuable Information of the People Among Whom He Had Been Several Months (Robert  Anderson): 1"
269,14,269_miss baldwin_baldwin_chloe_mossell,1826,1926,"Memoir of Mrs. Chloe Spear, a Native of Africa, Who was Enslaved in Childhood, and Died in Boston, January 3, 1815...Aged 65 Years. By a Lady of Boston (Rebecca Warren Brown): 4 | Homespun Heroines and Other Women of Distinction (Hallie Q. Brown): 3 | An Autobiography: The Story of the Lord's Dealings with Mrs. Amanda Smith, the Colored Evangelist: Containing an Account of Her Life Work of Faith, and Her Travels in America, England, Ireland, Scotland, India, and Africa as an Independent Missionary (Amanda  Smith): 2 | The American Fugitive in Europe. Sketches of Places and People Abroad (William Wells Brown): 1 | Narratives of Colored Americans (Abigail  Mott): 1"
270,14,270_lord_pray_sterret_miss celie,1872,1926,"An Autobiography: The Story of the Lord's Dealings with Mrs. Amanda Smith, the Colored Evangelist: Containing an Account of Her Life Work of Faith, and Her Travels in America, England, Ireland, Scotland, India, and Africa as an Independent Missionary (Amanda  Smith): 6 | Twice Sold, Twice Ransomed: Autobiography of Mr. and Mrs. L. P. Ray (Emma J. Ray): 5 | Autobiography of Rev. Thomas W. Henry, of the A. M. E. Church (Thomas W. Henry): 1 | Life and History of the Rev. Elijah P. Marrs, First Pastor of Beargrass Baptist Church, and Author (Elijah P. Marrs): 1 | Life of Mary F. McCray: Born and Raised a Slave in the State of Kentucky (S. J. McCray): 1"
271,14,271_pray_ray_mission_lord,1892,1926,"Twice Sold, Twice Ransomed: Autobiography of Mr. and Mrs. L. P. Ray (Emma J. Ray): 5 | An Autobiography: The Story of the Lord's Dealings with Mrs. Amanda Smith, the Colored Evangelist: Containing an Account of Her Life Work of Faith, and Her Travels in America, England, Ireland, Scotland, India, and Africa as an Independent Missionary (Amanda  Smith): 4 | Twenty-Eight Years a Slave, or The Story of My Life in Three Continents (Thomas L. Johnson): 2 | Autobiography of Bishop Isaac Lane, LL.D. with a Short History of the C.M.E. Church in America and of Methodism (Isaac  Lane): 1 | A Slave Girl's Story. Being an Autobiography of Kate Drumgoold (Kate  Drumgoold): 1"
272,14,272_roll_overseer_pays com_mr warner,1836,1909,"The Slave: or Memoirs of Archy Moore. Vol. I (Richard  Hildreth): 3 | The Kidnapped and the Ransomed. Recollections of Peter Still and His Wife ""Vina,"" after Forty Years of Slavery. (Kate E. R. Pickard): 2 | The Experience of a Slave in South Carolina (John Andrew Jackson): 1 | Twelve Years a Slave: Narrative of Solomon Northup, a Citizen of New-York, Kidnapped in Washington City in 1841, and Rescued in 1853 (Solomon  Northup): 1 | Slavery in the United States: A Narrative of the Life and Adventures of Charles Ball, a Black Man, Who Lived Forty Years in Maryland, South Carolina and Georgia, as a Slave Under Various Masters, and was One Year in the Navy with Commodore Barney, During the Late War (Charles  Ball): 1"
273,14,273_tater_aggs_mrs stowe_stowe,1845,1880,"Uncle Tom's Companions: Or, Facts Stranger Than Fiction.  A Supplement to Uncle Tom's Cabin: Being Startling Incidents in the Lives of Celebrated Fugitive Slaves. (John Passmore Edwards): 5 | The Life and Sufferings of Leonard Black, a Fugitive from Slavery. Written by Himself (Leonard  Black): 1 | Scenes in the Life of Harriet Tubman (Sarah H. Bradford): 1 | My Southern Home: or, The South and Its People (William Wells Brown): 1 | Narrative of the Life of Henry Box Brown, Written by Himself (Henry Box Brown): 1"
274,14,274_music_musical_guitar_trotter,1865,1912,"Men of Mark: Eminent, Progressive and Rising (William J. Simmons): 10 | A Sketch of the Life of Thomas Greene Bethune (Blind Tom) (  No Author): 1 | Frederick Douglass (Booker T. Washington): 1 | Frederick Douglass The Orator. Containing an Account of His Life; His Eminent Public Services; His Brilliant Career as Orator; Selections from His Speeches and Writings (James M. Gregory): 1 | A Narrative of the Negro (Leila Amos Pendleton): 1"
275,14,275_yo_missis_fanny_hannah,1863,1894,"The Story of a Slave. A Realistic Revelation of a Social Relation of Slave Times--Hitherto Unwritten--From the Pen of One Who Has Felt Both the Lash and the Caress of a Mistress (  No Author): 6 | Slave Life in Virginia and Kentucky; or, Fifty Years of Slavery in the Southern States of America (Francis  Fedric): 3 | My Southern Home: or, The South and Its People (William Wells Brown): 2 | Autobiography of Rev. Francis Frederick, of Virginia (Francis  Frederick): 1 | Narrative of Sojourner Truth; a Bondswoman of Olden Time, Emancipated by the New York Legislature in the Early Part of the Present Century; with a History of Her Labors and Correspondence, Drawn from Her ""Book of Life"" (Sojourner  Truth): 1"
276,14,276_camel_lion_beast_tree,1837,1892,"Slavery in the United States: A Narrative of the Life and Adventures of Charles Ball, a Black Man, Who Lived Forty Years in Maryland, South Carolina and Georgia, as a Slave Under Various Masters, and was One Year in the Navy with Commodore Barney, During the Late War (Charles  Ball): 7 | The Life and Adventures of Zamba, an African Negro King; and His Experience of Slavery in South Carolina. Written by Himself. Corrected and Arranged by Peter Neilson (Peter  Neilson): 3 | Incidents Connected with the Life of Selim Aga, a Native of Central Africa (Selim  Aga): 1 | Life and Times of Frederick Douglass, Written by Himself. His Early Life as a Slave, His Escape from Bondage, and His Complete History to the Present Time, Including His Connection with the Anti-slavery Movement; His Labors in Great Britain as Well as in His Own Country; His Experience in the Conduct of an Influential Newspaper; His Connection with the Underground Railroad; His Relations with John Brown and the Harpers Ferry Raid;  His Recruiting the 54th and 55th Mass. Colored Regiments; His Interviews with Presidents Lincoln and Johnson; His Appointment by Gen. Grant to Accompany the Santo Domingo Commission&#x2014;Also to a Seat in the Council of the District of Columbia; His Appointment as United States Marshal by President R. B. Hayes; Also His Appointment to Be Recorder of Deeds in Washington by President J. A. Garfield; with Many Other Interesting and Important Events of His Most Eventful Life; With an Introduction by Mr. George L. Ruffin, of Boston (Frederick  Douglass): 1 | Narratives of Colored Americans (Abigail  Mott): 1"
277,14,277_holy_mr pendleton_nearer thee_nearer,1810,1929,"Samuel Joseph May. Born in Boston, Massachusetts, September 12th, 1797. Died in Syracuse, New York, July 1st, 1871 (  No Author): 2 | Incidents in the Life of a Slave Girl. Written by Herself (Harriet A. Jacobs): 1 | The House of Bondage, or, Charlotte Brooks and Other Slaves, Original and Life Like, As They Appeared in Their Old Plantation and City Slave Life; Together with Pen-Pictures of the Peculiar Institution, with Sights and Insights into Their New Relations as Freedmen, Freemen, and Citizens (Octavia V. Rogers Albert): 1 | Before the War, and After the Union.  An Autobiography (Sam  Aleckson): 1 | The Anderson Surpriser. Written After He Was Seventy-Five Years of Age. The Author Was Born in Liberty County, Ga., on the 22d Day of February, in the Year of Our Lord, 1819, and United with the Methodist Episcopal Church in the Year 1839. This Book Contains an Account of His Florida and Northern Trip, Written by Himself, Giving Much Valuable Information of the People Among Whom He Had Been Several Months (Robert  Anderson): 1"
278,14,278_jimmie_garlick_mr louis_mr garlick,1789,1911,"Incidents in the Life of a Slave Girl. Written by Herself (Harriet A. Jacobs): 1 | Slavery in the United States: A Narrative of the Life and Adventures of Charles Ball, a Black Man, Who Lived Forty Years in Maryland, South Carolina and Georgia, as a Slave Under Various Masters, and was One Year in the Navy with Commodore Barney, During the Late War (Charles  Ball): 1 | Narrative of the Life and Adventures of Henry Bibb, an American Slave, Written by Himself (Henry  Bibb): 1 | A North-Side View of Slavery. The Refugee: or the Narratives of Fugitive Slaves in Canada. Related by Themselves, with an Account of the History and Condition of the Colored Population of Upper Canada (Benjamin  Drew): 1 | The Interesting Narrative of the Life of Olaudah Equiano, or Gustavus Vassa, the African. Written by Himself. Vol. I. (Olaudah  Equiano): 1"
279,14,279_lynch_crime_rape_person lynch,1839,1917,"The History of My Life and Work. Autobiography by Rev. M. L. Latta, A.M., D.D. (M. L. Latta): 3 | An Autobiography: The Story of My Life and Work (Booker T. Washington): 3 | The New Man: Twenty-Nine Years a Slave,Twenty-Nine Years a Free Man (Henry Clay Bruce): 2 | Booker T. Washington, Builder of a Civilization (Emmett J. Scott): 2 | American Slavery As It Is: Testimony of a Thousand Witnesses (Theodore Dwight Weld): 2"
280,14,280_allow nigger_dont allow_nigger_seat,1853,1895,"My Bondage and My Freedom. Part I. Life as a Slave. Part II. Life as a Freeman (Frederick  Douglass): 3 | Life and Times of Frederick Douglass: His Early Life as a Slave, His Escape from Bondage, and His Complete History to the Present Time (Frederick  Douglass): 3 | Frederick Douglass The Colored Orator (Frederic May Holland): 3 | Life and Times of Frederick Douglass, Written by Himself. His Early Life as a Slave, His Escape from Bondage, and His Complete History to the Present Time, Including His Connection with the Anti-slavery Movement; His Labors in Great Britain as Well as in His Own Country; His Experience in the Conduct of an Influential Newspaper; His Connection with the Underground Railroad; His Relations with John Brown and the Harpers Ferry Raid;  His Recruiting the 54th and 55th Mass. Colored Regiments; His Interviews with Presidents Lincoln and Johnson; His Appointment by Gen. Grant to Accompany the Santo Domingo Commission&#x2014;Also to a Seat in the Council of the District of Columbia; His Appointment as United States Marshal by President R. B. Hayes; Also His Appointment to Be Recorder of Deeds in Washington by President J. A. Garfield; with Many Other Interesting and Important Events of His Most Eventful Life; With an Introduction by Mr. George L. Ruffin, of Boston (Frederick  Douglass): 2 | Twelve Years a Slave: Narrative of Solomon Northup, a Citizen of New-York, Kidnapped in Washington City in 1841, and Rescued in 1853 (Solomon  Northup): 1"
281,14,281_master hugh_hugh_shipyard_gardiner,1845,1918,"My Bondage and My Freedom. Part I. Life as a Slave. Part II. Life as a Freeman (Frederick  Douglass): 3 | Life and Times of Frederick Douglass: His Early Life as a Slave, His Escape from Bondage, and His Complete History to the Present Time (Frederick  Douglass): 3 | Life and Times of Frederick Douglass, Written by Himself. His Early Life as a Slave, His Escape from Bondage, and His Complete History to the Present Time, Including His Connection with the Anti-slavery Movement; His Labors in Great Britain as Well as in His Own Country; His Experience in the Conduct of an Influential Newspaper; His Connection with the Underground Railroad; His Relations with John Brown and the Harpers Ferry Raid;  His Recruiting the 54th and 55th Mass. Colored Regiments; His Interviews with Presidents Lincoln and Johnson; His Appointment by Gen. Grant to Accompany the Santo Domingo Commission&#x2014;Also to a Seat in the Council of the District of Columbia; His Appointment as United States Marshal by President R. B. Hayes; Also His Appointment to Be Recorder of Deeds in Washington by President J. A. Garfield; with Many Other Interesting and Important Events of His Most Eventful Life; With an Introduction by Mr. George L. Ruffin, of Boston (Frederick  Douglass): 2 | Narrative of the Life of Frederick Douglass, an American Slave. Written by Himself (Frederick  Douglass): 2 | Uncle Tom's Companions: Or, Facts Stranger Than Fiction.  A Supplement to Uncle Tom's Cabin: Being Startling Incidents in the Lives of Celebrated Fugitive Slaves. (John Passmore Edwards): 2"
282,14,282_carver_dr carver_peanut_dr,1929,1929,From Captivity to Fame or The Life of George Washington Carver (Raleigh H. Merritt): 14
283,14,283_seal_whereof_northup_testimony whereof,1828,1906,"Twelve Years a Slave: Narrative of Solomon Northup, a Citizen of New-York, Kidnapped in Washington City in 1841, and Rescued in 1853 (Solomon  Northup): 2 | From Slave Cabin to the Pulpit. The Autobiography of Rev. Peter Randolph: the Southern Question Illustrated and Sketches of Slave Life (Peter  Randolph): 2 | Biography of an American Bondman, by His Daughter (Josephine  Brown): 1 | An Autobiography. Bond and Free:  Or, Yearnings for Freedom, from My Green Brier House. Being the Story of My Life in Bondage, and My Life in Freedom (Israel  Campbell): 1 | Frederick Douglass (Booker T. Washington): 1"
284,14,284_toussaint_france_tutor_agent,1826,1878,"The Life of Toussaint L'Ouverture, the Negro Patriot of Hayti: Comprising an Account of the Struggle for Liberty in the Island, and a Sketch of Its History to the Present Period (J. R. Beard): 4 | Toussaint L'Ouverture: A Biography and Autobiography (J. R. Beard): 3 | Biographical Sketches and Interesting Anecdotes of Persons of Colour. To Which is Added, a Selection of Pieces in Poetry (Abigail  Mott): 2 | Twenty-Two Years a Slave, and Forty Years a Freeman; Embracing a Correspondence of Several Years, While President of Wilberforce Colony, London, Canada West (Austin  Steward): 1 | A Tribute for the Negro: Being a Vindication of the Moral, Intellectual, and Religious Capabilities of the Colored Portion of Mankind; with Particular Reference to the African Race (Wilson  Armistead): 1"
285,14,285_party_crawford_convention_republican,1847,1914,"Life and Times of Frederick Douglass, Written by Himself. His Early Life as a Slave, His Escape from Bondage, and His Complete History to the Present Time, Including His Connection with the Anti-slavery Movement; His Labors in Great Britain as Well as in His Own Country; His Experience in the Conduct of an Influential Newspaper; His Connection with the Underground Railroad; His Relations with John Brown and the Harpers Ferry Raid;  His Recruiting the 54th and 55th Mass. Colored Regiments; His Interviews with Presidents Lincoln and Johnson; His Appointment by Gen. Grant to Accompany the Santo Domingo Commission&#x2014;Also to a Seat in the Council of the District of Columbia; His Appointment as United States Marshal by President R. B. Hayes; Also His Appointment to Be Recorder of Deeds in Washington by President J. A. Garfield; with Many Other Interesting and Important Events of His Most Eventful Life; With an Introduction by Mr. George L. Ruffin, of Boston (Frederick  Douglass): 5 | Life and Opinions of Julius Melbourn; with Sketches of the Lives and Characters of Thomas Jefferson, John Quincy Adams, John Randolph, and Several Other Eminent American Statesmen (Julius  Melbourn): 3 | Life and Times of Frederick Douglass: His Early Life as a Slave, His Escape from Bondage, and His Complete History to the Present Time (Frederick  Douglass): 2 | Battles and Victories of Allen Allensworth, A. M., Ph. D., Lieutenant-Colonel, Retired, U. S. Army (Charles  Alexander): 1 | Frederick Douglass (Charles Waddell Chesnutt): 1"
286,14,286_physician_medical_medicine_patient,1855,1911,"What Experience Has Taught Me: An Autobiography of Thomas William Burton (Thomas William Burton): 5 | Men of Mark: Eminent, Progressive and Rising (William J. Simmons): 5 | My Larger Education: Being Chapters from My Experience (Booker T. Washington): 1 | The Black Man: His Antecedents, His Genius, and His Achievements (William Wells Brown): 1 | Out of the Ditch.  A True Story of an Ex-Slave (J. Vance Lewis): 1"
287,14,287_oath_perjury_truth_crime,1797,1906,"The Address of Abraham Johnstone, a Black Man, Who Was Hanged at Woodbury, in the County of Glocester, and State of New Jersey, on Saturday the the [sic]  8th Day of July Last; to the People of Colour. To Which Is Added His Dying Confession or Declaration. Also, a Copy of a Letter to His Wife, Written the Day Previous to His Execution (Abraham  Johnstone): 4 | A Tribute for the Negro: Being a Vindication of the Moral, Intellectual, and Religious Capabilities of the Colored Portion of Mankind; with Particular Reference to the African Race (Wilson  Armistead): 3 | Twenty-Two Years a Slave, and Forty Years a Freeman; Embracing a Correspondence of Several Years, While President of Wilberforce Colony, London, Canada West (Austin  Steward): 1 | The Life of Toussaint L'Ouverture, the Negro Patriot of Hayti: Comprising an Account of the Struggle for Liberty in the Island, and a Sketch of Its History to the Present Period (J. R. Beard): 1 | Frederick Douglass (Booker T. Washington): 1"
288,14,288_chatham_colour_settlement_mccormick,1851,1926,"Autobiography of a Fugitive Negro: His Anti-Slavery Labours in the United States, Canada, &amp; England (Samuel Ringgold Ward): 5 | My Larger Education: Being Chapters from My Experience (Booker T. Washington): 1 | Homespun Heroines and Other Women of Distinction (Hallie Q. Brown): 1 | Frederick Douglass (Booker T. Washington): 1 | A North-Side View of Slavery. The Refugee: or the Narratives of Fugitive Slaves in Canada. Related by Themselves, with an Account of the History and Condition of the Colored Population of Upper Canada (Benjamin  Drew): 1"
289,14,289_mr spurgeon_spurgeon_hawkin_brentford,1839,1980,"Twenty-Two Years a Slave, and Forty Years a Freeman; Embracing a Correspondence of Several Years, While President of Wilberforce Colony, London, Canada West (Austin  Steward): 2 | From Slavery to a Bishopric, or, The Life of Bishop Walter Hawkins of the British Methodist Episcopal Church Canada (S. J. Celestine Edwards): 2 | Three Years in Europe: Or, Places I Have Seen and People I Have Met (William Wells Brown): 1 | My Southern Home: or, The South and Its People (William Wells Brown): 1 | A Slave Girl's Story. Being an Autobiography of Kate Drumgoold (Kate  Drumgoold): 1"
290,14,290_sec_church_member_pastor,1833,1901,"Pastor Henry N. Jeter's Twenty-five Years Experience with the Shiloh Baptist Church and Her History. Corner School and Mary Streets, Newport, R. I. (Henry N. Jeter): 9 | The Life of Rev. John Jasper, Pastor of Sixth Mt. Zion Baptist Church, Richmond, Va., from His Birth to the Present Time, with His Theory on the Rotation of the Sun (Edwin Archer Randolph): 3 | The Life, Experience, and Gospel Labours of the Rt. Rev. Richard Allen. To Which is Annexed the Rise and Progress of the African Methodist Episcopal Church in the United States of America. Containing a Narrative of the Yellow Fever in the Year of Our Lord 1793: With an Address to the People of Colour in the United States (Richard  Allen): 2"
291,14,291_kinsley_london_pie_wale,1853,1929,"My Larger Education: Being Chapters from My Experience (Booker T. Washington): 2 | The American Fugitive in Europe. Sketches of Places and People Abroad (William Wells Brown): 2 | Twenty-Eight Years a Slave, or The Story of My Life in Three Continents (Thomas L. Johnson): 2 | Autobiography of a Fugitive Negro: His Anti-Slavery Labours in the United States, Canada, &amp; England (Samuel Ringgold Ward): 2 | Before the War, and After the Union.  An Autobiography (Sam  Aleckson): 1"
292,14,292_jim_sar_knowls jim_knowls,1831,1892,"My Bondage and My Freedom. Part I. Life as a Slave. Part II. Life as a Freeman (Frederick  Douglass): 2 | Buried Alive (Behind Prison Walls) for a Quarter of a Century: Life of William Walker (William  Walker): 2 | The Martyrs, and the Fugitive; or a Narrative of the Captivity, Sufferings, and Death of an African Family, and the Slavery and Escape of Their Son (S. H. Platt): 2 | Twenty-Two Years a Slave, and Forty Years a Freeman; Embracing a Correspondence of Several Years, While President of Wilberforce Colony, London, Canada West (Austin  Steward): 1 | Narrative of Henry Box Brown, Who Escaped from Slavery, Enclosed in a Box 3 Feet Long and 2 Wide. Written from a Statement of Facts Made by Himself. With Remarks Upon the Remedy for Slavery. By Charles Stearns (Henry Box Brown): 1"
293,13,293_mr troy_troy_primus_master thoma,1849,1895,"Hair-breadth Escapes from Slavery to Freedom (William  Troy): 2 | Narrative of the Life of Henry Box Brown, Written by Himself (Henry Box Brown): 1 | Life and Times of Frederick Douglass, Written by Himself. His Early Life as a Slave, His Escape from Bondage, and His Complete History to the Present Time, Including His Connection with the Anti-slavery Movement; His Labors in Great Britain as Well as in His Own Country; His Experience in the Conduct of an Influential Newspaper; His Connection with the Underground Railroad; His Relations with John Brown and the Harpers Ferry Raid;  His Recruiting the 54th and 55th Mass. Colored Regiments; His Interviews with Presidents Lincoln and Johnson; His Appointment by Gen. Grant to Accompany the Santo Domingo Commission&#x2014;Also to a Seat in the Council of the District of Columbia; His Appointment as United States Marshal by President R. B. Hayes; Also His Appointment to Be Recorder of Deeds in Washington by President J. A. Garfield; with Many Other Interesting and Important Events of His Most Eventful Life; With an Introduction by Mr. George L. Ruffin, of Boston (Frederick  Douglass): 1 | My Bondage and My Freedom. Part I. Life as a Slave. Part II. Life as a Freeman (Frederick  Douglass): 1 | Life and Times of Frederick Douglass: His Early Life as a Slave, His Escape from Bondage, and His Complete History to the Present Time (Frederick  Douglass): 1"
294,13,294_oh_lord_ravenshoe_jesus,1855,1926,"An Autobiography: The Story of the Lord's Dealings with Mrs. Amanda Smith, the Colored Evangelist: Containing an Account of Her Life Work of Faith, and Her Travels in America, England, Ireland, Scotland, India, and Africa as an Independent Missionary (Amanda  Smith): 5 | Twenty-Eight Years a Slave, or The Story of My Life in Three Continents (Thomas L. Johnson): 3 | The House of Bondage, or, Charlotte Brooks and Other Slaves, Original and Life Like, As They Appeared in Their Old Plantation and City Slave Life; Together with Pen-Pictures of the Peculiar Institution, with Sights and Insights into Their New Relations as Freedmen, Freemen, and Citizens (Octavia V. Rogers Albert): 1 | The History of My Life and Work. Autobiography by Rev. M. L. Latta, A.M., D.D. (M. L. Latta): 1 | Twice Sold, Twice Ransomed: Autobiography of Mr. and Mrs. L. P. Ray (Emma J. Ray): 1"
295,13,295_indian_tribe_brant_choctaw,1848,1912,"A Sketch of the Life of Okah Tubbee, (Called) William Chubbee, Son of the Head Chief, Mosholeh Tubbee, of the Choctaw Nation of Indians (Okah  Tubbee): 2 | A Thrilling Sketch of the Life of the Distinguished Chief Okah Tubbee Alias, Wm. Chubbee, Son of the Head Chief, Mosholeh Tubbee, of the Choctaw Nation of Indians (Okah  Tubbee): 2 | The Life of Rev. Robert Anderson. Born the 22d Day of February, in the Year of Our Lord 1819, and Joined the Methodist Episcopal Church in 1839. This Book Shall Be Called The Young Men's Guide, Or, the Brother in White (Robert  Anderson): 1 | A North-Side View of Slavery. The Refugee: or the Narratives of Fugitive Slaves in Canada. Related by Themselves, with an Account of the History and Condition of the Colored Population of Upper Canada (Benjamin  Drew): 1 | From Slavery to a Bishopric, or, The Life of Bishop Walter Hawkins of the British Methodist Episcopal Church Canada (S. J. Celestine Edwards): 1"
296,13,296_cato_toof_oh_doctor,1880,1926,"An Autobiography: The Story of the Lord's Dealings with Mrs. Amanda Smith, the Colored Evangelist: Containing an Account of Her Life Work of Faith, and Her Travels in America, England, Ireland, Scotland, India, and Africa as an Independent Missionary (Amanda  Smith): 8 | My Southern Home: or, The South and Its People (William Wells Brown): 2 | Twice Sold, Twice Ransomed: Autobiography of Mr. and Mrs. L. P. Ray (Emma J. Ray): 2 | From Slavery to Wealth. The Life of Scott Bond.  The Rewards of Honesty, Industry, Economy and Perseverance (Dan. A. Rudd): 1"
297,13,297_abbey_ruin_abbotsford_poet,1852,1897,"Three Years in Europe: Or, Places I Have Seen and People I Have Met (William Wells Brown): 5 | The American Fugitive in Europe. Sketches of Places and People Abroad (William Wells Brown): 5 | The Anderson Surpriser. Written After He Was Seventy-Five Years of Age. The Author Was Born in Liberty County, Ga., on the 22d Day of February, in the Year of Our Lord, 1819, and United with the Methodist Episcopal Church in the Year 1839. This Book Contains an Account of His Florida and Northern Trip, Written by Himself, Giving Much Valuable Information of the People Among Whom He Had Been Several Months (Robert  Anderson): 1 | Memoirs of Margaret Jane Blake of Baltimore, Md.: and Selections in Prose and Verse (Sarah R. Levering): 1 | Bond and Free: A Tale of the South (Grace  Lintner): 1"
298,13,298_walker_walker baptist_hall_wagner,1797,1912,"The African Preacher. An Authentic Narrative (William S. White): 2 | Gilbert Hunt, the City Blacksmith (Philip  Barrett): 1 | Frederick Douglass (Booker T. Washington): 1 | Life of Charles T. Walker, D.D., (""The Black Spurgeon."") Pastor Mt. Olivet Baptist Church, New York City (Silas Xavier Floyd): 1 | A Sketch of Henry Franklin and Family. (  No Author): 1"
299,13,299_chandler_dr brook_whatsoever thing_mr chandler,1848,1914,"Men of Mark: Eminent, Progressive and Rising (William J. Simmons): 7 | Battles and Victories of Allen Allensworth, A. M., Ph. D., Lieutenant-Colonel, Retired, U. S. Army (Charles  Alexander): 1 | A Tribute for the Negro: Being a Vindication of the Moral, Intellectual, and Religious Capabilities of the Colored Portion of Mankind; with Particular Reference to the African Race (Wilson  Armistead): 1 | Life of Charles T. Walker, D.D., (""The Black Spurgeon."") Pastor Mt. Olivet Baptist Church, New York City (Silas Xavier Floyd): 1 | Frederick Douglass The Orator. Containing an Account of His Life; His Eminent Public Services; His Brilliant Career as Orator; Selections from His Speeches and Writings (James M. Gregory): 1"
300,13,300_antislavery_movement_abolition_antislavery movement,1831,1914,"My Bondage and My Freedom. Part I. Life as a Slave. Part II. Life as a Freeman (Frederick  Douglass): 5 | Battles and Victories of Allen Allensworth, A. M., Ph. D., Lieutenant-Colonel, Retired, U. S. Army (Charles  Alexander): 2 | The Black Man: His Antecedents, His Genius, and His Achievements (William Wells Brown): 1 | From Slavery to a Bishopric, or, The Life of Bishop Walter Hawkins of the British Methodist Episcopal Church Canada (S. J. Celestine Edwards): 1 | Life and Opinions of Julius Melbourn; with Sketches of the Lives and Characters of Thomas Jefferson, John Quincy Adams, John Randolph, and Several Other Eminent American Statesmen (Julius  Melbourn): 1"
301,13,301_douglass_mr douglass_constitution_orator,1852,1917,"Frederick Douglass The Colored Orator (Frederic May Holland): 3 | My Bondage and My Freedom. Part I. Life as a Slave. Part II. Life as a Freeman (Frederick  Douglass): 2 | Men of Maryland (George F. Bragg): 1 | Three Years in Europe: Or, Places I Have Seen and People I Have Met (William Wells Brown): 1 | Frederick Douglass (Charles Waddell Chesnutt): 1"
302,13,302_workhouse_rawlinson_mr rawlinson_massa,1837,1837,"A Narrative of Events Since the First of August, 1834, By James Williams, an Apprenticed Labourer in Jamaica (James  Williams): 13"
303,13,303_archy_dogs_edy_old archy,1839,1897,"Jamie Parker, the Fugitive (Emily Catharine Pierson): 3 | Thirty Years a Slave: From Bondage to Freedom: The Institution of Slavery as Seen on the Plantation and in the Home of the Planter (Louis  Hughes): 1 | The House of Bondage, or, Charlotte Brooks and Other Slaves, Original and Life Like, As They Appeared in Their Old Plantation and City Slave Life; Together with Pen-Pictures of the Peculiar Institution, with Sights and Insights into Their New Relations as Freedmen, Freemen, and Citizens (Octavia V. Rogers Albert): 1 | The Life and Sufferings of Leonard Black, a Fugitive from Slavery. Written by Himself (Leonard  Black): 1 | An Autobiography. Bond and Free:  Or, Yearnings for Freedom, from My Green Brier House. Being the Story of My Life in Bondage, and My Life in Freedom (Israel  Campbell): 1"
304,13,304_amo_latin_laidlaw_lislet,1826,1887,"A Tribute for the Negro: Being a Vindication of the Moral, Intellectual, and Religious Capabilities of the Colored Portion of Mankind; with Particular Reference to the African Race (Wilson  Armistead): 5 | God's Image in Ebony: Being a Series of Biographical Sketches, Facts, Anecdotes, etc., Demonstrative of the Mental Powers and Intellectual Capacities of the Negro Race (H. G. Adams): 3 | Men of Mark: Eminent, Progressive and Rising (William J. Simmons): 3 | Bond and Free: A Tale of the South (Grace  Lintner): 1 | Biographical Sketches and Interesting Anecdotes of Persons of Colour. To Which is Added, a Selection of Pieces in Poetry (Abigail  Mott): 1"
305,13,305_jared_major thornton_isaac_marster,1836,1928,"The White Slave; or, Memoirs of a Fugitive (Richard  Hildreth): 3 | Fifty Years of Slavery in the United States of America (Harry  Smith): 2 | Incidents in the Life of a Slave Girl. Written by Herself (Harriet A. Jacobs): 1 | Echoes from a Pioneer Life (Jared Maurice Arter): 1 | Reminiscences of Isaac and Sukey, Slaves of B. F. Moore, of Raleigh, N.C. (L. C. Capehart): 1"
306,13,306_mob_mob violence_carey_violence,1847,1917,"Lunsford Lane; or, Another Helper from North Carolina (William G. Hawkins): 2 | Men of Mark: Eminent, Progressive and Rising (William J. Simmons): 2 | The New Man: Twenty-Nine Years a Slave,Twenty-Nine Years a Free Man (Henry Clay Bruce): 1 | Three Years in Europe: Or, Places I Have Seen and People I Have Met (William Wells Brown): 1 | A Thrilling Narrative from the Lips of the Sufferers of the Late Detroit Riot, March 6, 1863, With the Hair Breadth Escapes of Men, Women and Children, and Destruction of Colored Men's Property, Not Less Than $15,000. (  No Author): 1"
307,13,307_farley_mr farley_mr davis_davis,1849,1924,"Men of Mark: Eminent, Progressive and Rising (William J. Simmons): 3 | The African Preacher. An Authentic Narrative (William S. White): 2 | Twenty-Two Years a Slave, and Forty Years a Freeman; Embracing a Correspondence of Several Years, While President of Wilberforce Colony, London, Canada West (Austin  Steward): 1 | Echoes from a Pioneer Life (Jared Maurice Arter): 1 | Men of Maryland (George F. Bragg): 1"
308,13,308_cleaveland_lincoln_mrs lincoln_cassy,1808,1885,"Trials and Confessions of Madison Henderson, Alias Blanchard, Alfred Amos Warrick, James W. Seward, and Charles Brown, Murderers of Jesse Baker and Jacob Weaver, as Given by Themselves; and a Likeness of Each, Taken in Jail Shortly after Their Arrest (Madison  Henderson): 2 | Behind the Scenes, or, Thirty years a Slave, and Four Years in the White House (Elizabeth  Keckley): 2 | Narrative of William W. Brown, an American Slave. Written by Himself (William Wells Brown): 1 | The Experience of Rev. Thomas H. Jones, Who Was a Slave for Forty-Three Years. Written by a Friend, as Related to Him by Brother Jones (Thomas H. Jones): 1 | Narrative of William W. Brown, a Fugitive Slave. Written by Himself (William Wells Brown): 1"
309,13,309_confession_baal_mr roby_pullum,1808,1910,"Confession of John Joyce, Alias Davis, Who Was Executed on Monday, the 14th of March, 1808. For the Murder of Mrs. Sarah Cross; With an Address to the Public and People of Colour. Together with the Substance of the Trial, and the Address of Chief Justice Tilghman, on His Condemnation. Confession of Peter Mathias, Alias Matthews, Who Was Executed on Monday, the 14th of March, 1808. For the Murder of Mrs. Sarah Cross; With an Address to the Public and People of Colour. Together with the Substance of the  Trial, and the Address of Chief Justice Tilghman, on His Condemnation (John  Joyce): 2 | Narrative of Sojourner Truth; a Bondswoman of Olden Time, Emancipated by the New York Legislature in the Early Part of the Present Century; with a History of Her Labors and Correspondence, Drawn from Her ""Book of Life"" (Sojourner  Truth): 2 | What Experience Has Taught Me: An Autobiography of Thomas William Burton (Thomas William Burton): 1 | A Brief History of the Slave Life of Rev. L. R. Ferebee, and the Battles of Life, and Four Years of His Ministerial Life. Written from Memory. To 1882 (L. R. Ferebee): 1 | Trials and Confessions of Madison Henderson, Alias Blanchard, Alfred Amos Warrick, James W. Seward, and Charles Brown, Murderers of Jesse Baker and Jacob Weaver, as Given by Themselves; and a Likeness of Each, Taken in Jail Shortly after Their Arrest (Madison  Henderson): 1"
310,13,310_cobb_mr cobb_note_did steal,1841,1918,"A Slave's Adventures Toward Freedom. Not Fiction, but the True Story of a Struggle (Peter  Bruner): 2 | Narrative of the Life of J. D. Green, a Runaway Slave, from Kentucky, Containing an Account of His Three Escapes, in 1839, 1846, and 1848 (J. D. Green): 2 | Narrative of William W. Brown, an American Slave. Written by Himself (William Wells Brown): 1 | Narrative of the Life and Adventures of Henry Bibb, an American Slave, Written by Himself (Henry  Bibb): 1 | Narrative of William W. Brown, a Fugitive Slave. Written by Himself (William Wells Brown): 1"
311,13,311_journey_time promis_ohio_start,1825,1926,"The Life of John Thompson, a Fugitive Slave; Containing His History of 25 Years in Bondage, and His Providential Escape.  Written by Himself (John  Thompson): 3 | An Autobiography of the Rev. Josiah Henson (""Uncle Tom""). From 1789 to 1881. With a Preface by Mrs. Harriet Beecher Stowe, and Introductory Notes by George Sturge, S. Morley, Esq., M. P., Wendell Phillips, and John G. Whittier. Edited by John Lobb, F.R.G.S. Revised and Enlarged (Josiah  Henson): 2 | Life of Isaac Mason as a Slave (Isaac  Mason): 1 | Josiah: The Maimed Fugitive. A True Tale (Henry  Bleby): 1 | Narrative of the Enslavement of Ottobah Cugoano, a Native of Africa; Published by Himself in the Year 1787. In ""The Negro's Memorial; or, Abolitionist's Catechism; by an Abolitionist"" (pp. 120-127), by [Fisher, Thomas] 1781?-1836 (Ottobah  Cugoano): 1"
312,13,312_heddy_whip_barn_cooper,1798,1912,"Negro Slavery Described by a Negro: Being the Narrative of Ashton Warner, a Native of St. Vincent's. With an Appendix Containing the Testimony of Four Christian Ministers, Recently Returned from the Colonies, on the System of Slavery as It Now Exists (Ashton  Warner): 3 | Samuel Hall, 47 Years a Slave; A Brief Story of His Life Before and After Freedom Came to Him (Samuel  Hall): 2 | Chains and Freedom: Or, The Life and Adventures of Peter Wheeler, a Colored Man Yet Living. A Slave in Chains, a Sailor on the Deep, and a Sinner at the Cross (Peter  Wheeler): 2 | The New Man: Twenty-Nine Years a Slave,Twenty-Nine Years a Free Man (Henry Clay Bruce): 1 | Life of Isaac Mason as a Slave (Isaac  Mason): 1"
313,13,313_jame sherman_scobell_john scobell_samuel gurney,1849,1913,"Twenty-Eight Years a Slave, or The Story of My Life in Three Continents (Thomas L. Johnson): 2 | A Brief History of the Slave Life of Rev. L. R. Ferebee, and the Battles of Life, and Four Years of His Ministerial Life. Written from Memory. To 1882 (L. R. Ferebee): 1 | From Log Cabin to the Pulpit, or, Fifteen Years in Slavery (William H. Robinson): 1 | The American Fugitive in Europe. Sketches of Places and People Abroad (William Wells Brown): 1 | Uncle Tom's Story of His Life. An Autobiography of the Rev. Josiah Henson (Mrs. Harriet Beecher Stowe's ""Uncle Tom""). From 1789 to 1876. With a Preface by Mrs. Harriet Beecher Stowe, and an Introductory Note by George Sturge, and S. Morley, Esq., M. P. (Josiah  Henson): 1"
314,13,314_crumpling_preach_prohibition_meeting,1855,1903,"The Experience of Rev. Thomas H. Jones, Who Was a Slave for Forty-Three Years. Written by a Friend, as Related to Him by Brother Jones (Thomas H. Jones): 6 | Autobiography of James L. Smith, Including, Also, Reminiscences of Slave Life, Recollections of the War, Education of Freedmen, Causes of the Exodus, etc. (James Lindsay Smith): 2 | Autobiography of Rev. Thomas W. Henry, of the A. M. E. Church (Thomas W. Henry): 1 | Sunshine and Shadow of Slave Life. Reminiscences as told by Isaac D. Williams to ""Tege"" (Isaac D. Williams): 1 | The History of My Life and Work. Autobiography by Rev. M. L. Latta, A.M., D.D. (M. L. Latta): 1"
315,13,315_camp meet_mr lundy_lundy_camp,1852,1929,"Twelve Years a Slave: Narrative of Solomon Northup, a Citizen of New-York, Kidnapped in Washington City in 1841, and Rescued in 1853 (Solomon  Northup): 1 | Twenty-Two Years a Slave, and Forty Years a Freeman; Embracing a Correspondence of Several Years, While President of Wilberforce Colony, London, Canada West (Austin  Steward): 1 | The Experience of Rev. Thomas H. Jones, Who Was a Slave for Forty-Three Years. Written by a Friend, as Related to Him by Brother Jones (Thomas H. Jones): 1 | Before the War, and After the Union.  An Autobiography (Sam  Aleckson): 1 | My Bondage and My Freedom. Part I. Life as a Slave. Part II. Life as a Freeman (Frederick  Douglass): 1"
316,13,316_phillis_poem_composition_wheatley,1834,1980,"Memoir and Poems of Phillis Wheatley, a Native African and a Slave. Dedicated to the Friends of the Africans (Phillis  Wheatley): 3 | God's Image in Ebony: Being a Series of Biographical Sketches, Facts, Anecdotes, etc., Demonstrative of the Mental Powers and Intellectual Capacities of the Negro Race (H. G. Adams): 2 | The Colored Patriots of the American Revolution: With Sketches of Several Distinguished Colored Persons: To Which is Added a Brief Survey of the Condition and Prospects of Colored Americans (William Cooper Nell): 2 | A Tribute for the Negro: Being a Vindication of the Moral, Intellectual, and Religious Capabilities of the Colored Portion of Mankind; with Particular Reference to the African Race (Wilson  Armistead): 1 | Memoirs of Elleanor Eldridge (Frances H. Green): 1"
317,13,317_neddy_mazie_spr furnish_lord glory,1836,1926,"John and Mary; or, The Fugitive Slaves, a Tale of South-Eastern Pennsylvania (Ellwood  Griest): 2 | The White Slave; or, Memoirs of a Fugitive (Richard  Hildreth): 2 | Aunt Sally: or, The Cross the Way of Freedom. A Narrative of the Slave-life and Purchase of the Mother of Rev. Isaac Williams of Detroit, Michigan (Isaac  Williams): 2 | Twelve Years a Slave: Narrative of Solomon Northup, a Citizen of New-York, Kidnapped in Washington City in 1841, and Rescued in 1853 (Solomon  Northup): 1 | The Slave: or Memoirs of Archy Moore. Vol. I (Richard  Hildreth): 1"
318,12,318_murder_guanabacoa_mr crawford_havana,1831,1863,"American Slavery As It Is: Testimony of a Thousand Witnesses (Theodore Dwight Weld): 3 | Poems by a Slave in the Island of Cuba, Recently Liberated; Translated from the Spanish, by R. R. Madden, M.D. With the History of the Early Life of the Negro Poet, Written by Himself; to Which Are Prefixed Two Pieces Descriptive of Cuban Slavery and the Slave-Traffic, by R. R. M. (Juan Francisco Manzano): 2 | A Narrative of the Adventures and Escape of Moses Roper, from American Slavery (Moses  Roper): 1 | Biography of Mahommah G. Baquaqua, a Native of Zoogoo, in the Interior of Africa. (A Convert to Christianity,) With a Description of That Part of the World; Including the Manners and Customs of the Inhabitants, Their Religious Notions, Form of Government, Laws, Appearance of the Country, Buildings, Agriculture, Manufactures, Shepherds and Herdsmen, Domestic Animals, Marriage Ceremonials, Funeral Services, Styles of Dress, Trade and Commerce, Modes of Warfare, System of Slavery, &amp;c., &amp;c. Mahommah's Early Life, His Education, His Capture and Slavery in Western Africa and Brazil, His Escape to the United States, from Thence to Hayti, (the City of Port Au Prince,) His Reception by the Baptist Missionary There, The Rev. W. L. Judd; His Conversion to Christianity, Baptism, and Return to This Country, His Views, Objects and Aim. Written and Revised from His Own Words, by Samuel Moore, Esq., Late Publisher of the ""North of England Shipping Gazette,"" Author of Several Popular Works, and Editor of Sundry Reform Papers (Mahommah Gardo Baquaqua): 1 | Narrative of the Life of Frederick Douglass, an American Slave. Written by Himself (Frederick  Douglass): 1"
319,12,319_race_john anderson_alexander bettis_bettis,1853,1913,"Frederick Douglass The Orator. Containing an Account of His Life; His Eminent Public Services; His Brilliant Career as Orator; Selections from His Speeches and Writings (James M. Gregory): 2 | Twenty-Two Years a Slave, and Forty Years a Freeman; Embracing a Correspondence of Several Years, While President of Wilberforce Colony, London, Canada West (Austin  Steward): 1 | The Life of Toussaint L'Ouverture, the Negro Patriot of Hayti: Comprising an Account of the Struggle for Liberty in the Island, and a Sketch of Its History to the Present Period (J. R. Beard): 1 | My Southern Home: or, The South and Its People (William Wells Brown): 1 | Biography of an American Bondman, by His Daughter (Josephine  Brown): 1"
320,12,320_paul_sally_oh_landingplace,1836,1894,"The Story of a Slave. A Realistic Revelation of a Social Relation of Slave Times--Hitherto Unwritten--From the Pen of One Who Has Felt Both the Lash and the Caress of a Mistress (  No Author): 4 | Narrative of William Hayden, Containing a Faithful Account of His Travels for a Number of Years, Whilst a Slave, in the South. Written by Himself (William  Hayden): 2 | The Life and Adventures of Zamba, an African Negro King; and His Experience of Slavery in South Carolina. Written by Himself. Corrected and Arranged by Peter Neilson (Peter  Neilson): 2 | From the Darkness Cometh the Light or Struggles for Freedom (Lucy A. Delaney): 1 | The Story of Mattie J. Jackson: Her Parentage, Experience of Eighteen Years in Slavery, Incidents During the War, Her Escape from Slavery: A True Story (Mattie J. Jackson): 1"
321,12,321_captor_gavitt_miller_emison,1841,1906,"Uncle Tom's Companions: Or, Facts Stranger Than Fiction.  A Supplement to Uncle Tom's Cabin: Being Startling Incidents in the Lives of Celebrated Fugitive Slaves. (John Passmore Edwards): 2 | The Fugitive Blacksmith; or, Events in the History of James W. C. Pennington, Pastor of a Presbyterian Church, New York, Formerly a Slave in the State of Maryland, United States (James W. C. Pennington): 2 | Narrative of Henry Box Brown, Who Escaped from Slavery, Enclosed in a Box 3 Feet Long and 2 Wide. Written from a Statement of Facts Made by Himself. With Remarks Upon the Remedy for Slavery. By Charles Stearns (Henry Box Brown): 1 | Narrative of the Life of Henry Box Brown, Written by Himself (Henry Box Brown): 1 | Frederick Douglass (Booker T. Washington): 1"
322,12,322_writ_court_habea_habea corpus,1840,1863,"The Story of the Life of John Anderson, the Fugitive Slave (Harper  Twelvetrees): 6 | Anthony Burns: A History (Charles Emery Stevens): 3 | A History of the Amistad Captives: Being a Circumstantial Account of the Capture of the Spanish Schooner Amistad, by the Africans on Board; Their Voyage, and Capture Near Long Island, New York; with Biographical Sketches of Each of the Surviving Africans; Also, an Account of the Trials had on Their case, Before the District and Circuit Courts of the United States, for the District of Connecticut (John Warner Barber): 2 | Poems by a Slave in the Island of Cuba, Recently Liberated; Translated from the Spanish, by R. R. Madden, M.D. With the History of the Early Life of the Negro Poet, Written by Himself; to Which Are Prefixed Two Pieces Descriptive of Cuban Slavery and the Slave-Traffic, by R. R. M. (Juan Francisco Manzano): 1"
323,12,323_tuskegee_armstrong_fund_dollar,1855,1924,"An Autobiography: The Story of My Life and Work (Booker T. Washington): 3 | Up from Slavery: An Autobiography (Booker T. Washington): 2 | The History of My Life and Work. Autobiography by Rev. M. L. Latta, A.M., D.D. (M. L. Latta): 2 | The New Man: Twenty-Nine Years a Slave,Twenty-Nine Years a Free Man (Henry Clay Bruce): 1 | My Own Life Story (Sterling N. Brown): 1"
324,12,324_lordship_ignatius_author_birthplace,1782,1894,"A Tribute for the Negro: Being a Vindication of the Moral, Intellectual, and Religious Capabilities of the Colored Portion of Mankind; with Particular Reference to the African Race (Wilson  Armistead): 2 | The Story of a Slave. A Realistic Revelation of a Social Relation of Slave Times--Hitherto Unwritten--From the Pen of One Who Has Felt Both the Lash and the Caress of a Mistress (  No Author): 2 | Narrative of Henry Box Brown, Who Escaped from Slavery, Enclosed in a Box 3 Feet Long and 2 Wide. Written from a Statement of Facts Made by Himself. With Remarks Upon the Remedy for Slavery. By Charles Stearns (Henry Box Brown): 1 | The American Fugitive in Europe. Sketches of Places and People Abroad (William Wells Brown): 1 | Memoirs of Elleanor Eldridge (Frances H. Green): 1"
325,12,325_col johnston_inherit_widow jone_royal,1836,1929,"The Story of a Slave. A Realistic Revelation of a Social Relation of Slave Times--Hitherto Unwritten--From the Pen of One Who Has Felt Both the Lash and the Caress of a Mistress (  No Author): 2 | Twelve Years a Slave: Narrative of Solomon Northup, a Citizen of New-York, Kidnapped in Washington City in 1841, and Rescued in 1853 (Solomon  Northup): 1 | Before the War, and After the Union.  An Autobiography (Sam  Aleckson): 1 | Homespun Heroines and Other Women of Distinction (Hallie Q. Brown): 1 | The White Slave; or, Memoirs of a Fugitive (Richard  Hildreth): 1"
326,12,326_arbitrary_arbitrary power_cruelty_rely whip,1831,1863,"American Slavery As It Is: Testimony of a Thousand Witnesses (Theodore Dwight Weld): 4 | The Life of Toussaint L'Ouverture, the Negro Patriot of Hayti: Comprising an Account of the Struggle for Liberty in the Island, and a Sketch of Its History to the Present Period (J. R. Beard): 2 | Twenty-Two Years a Slave, and Forty Years a Freeman; Embracing a Correspondence of Several Years, While President of Wilberforce Colony, London, Canada West (Austin  Steward): 1 | A Tribute for the Negro: Being a Vindication of the Moral, Intellectual, and Religious Capabilities of the Colored Portion of Mankind; with Particular Reference to the African Race (Wilson  Armistead): 1 | Toussaint L'Ouverture: A Biography and Autobiography (J. R. Beard): 1"
327,12,327_sojourner_sojourner truth_truth_dear sojourner,1838,1910,"Narrative of Sojourner Truth; a Bondswoman of Olden Time, Emancipated by the New York Legislature in the Early Part of the Present Century; with a History of Her Labors and Correspondence Drawn from Her ""Book of Life;"" Also, a Memorial Chapter, Giving the Particulars of Her Last Sickness and Death. (Sojourner  Truth): 6 | Narrative of Sojourner Truth; a Bondswoman of Olden Time, Emancipated by the New York Legislature in the Early Part of the Present Century; with a History of Her Labors and Correspondence, Drawn from Her ""Book of Life"" (Sojourner  Truth): 4 | What Experience Has Taught Me: An Autobiography of Thomas William Burton (Thomas William Burton): 1 | Memoirs of Elleanor Eldridge (Frances H. Green): 1"
328,12,328_delia_eggs_wine_madam,1837,1917,"Thirty Years a Slave: From Bondage to Freedom: The Institution of Slavery as Seen on the Plantation and in the Home of the Planter (Louis  Hughes): 1 | A Tribute for the Negro: Being a Vindication of the Moral, Intellectual, and Religious Capabilities of the Colored Portion of Mankind; with Particular Reference to the African Race (Wilson  Armistead): 1 | Slavery in the United States: A Narrative of the Life and Adventures of Charles Ball, a Black Man, Who Lived Forty Years in Maryland, South Carolina and Georgia, as a Slave Under Various Masters, and was One Year in the Navy with Commodore Barney, During the Late War (Charles  Ball): 1 | Three Years in Europe: Or, Places I Have Seen and People I Have Met (William Wells Brown): 1 | The American Fugitive in Europe. Sketches of Places and People Abroad (William Wells Brown): 1"
329,12,329_poet_genius_hood_mr augustus,1845,1855,"The American Fugitive in Europe. Sketches of Places and People Abroad (William Wells Brown): 6 | The Poetical Works of George M. Horton: The Colored Bard of North Carolina: To Which is Prefixed the Life of the Author, Written by Himself (George Moses Horton): 3 | Life of George M. Horton. The Colored Bard of North Carolina from ""The Poetical Works of George M. Horton, the Colored Bard of North Carolina, to which is Prefixed the Life of the Author, written by himself."" (George Moses Horton): 2 | A Tribute for the Negro: Being a Vindication of the Moral, Intellectual, and Religious Capabilities of the Colored Portion of Mankind; with Particular Reference to the African Race (Wilson  Armistead): 1"
330,12,330_jared_school_sundayschool_teacher,1826,1922,"Echoes from a Pioneer Life (Jared Maurice Arter): 6 | What Experience Has Taught Me: An Autobiography of Thomas William Burton (Thomas William Burton): 1 | Biography of Rev. David Smith of the A. M. E. Church; Being a Complete History, Embracing over Sixty Years' Labor in the Advancement of the Redeemer's Kingdom on Earth. Including ""The History of the Origin and Development of Wilberforce University."" (David  Smith): 1 | Life of Charles T. Walker, D.D., (""The Black Spurgeon."") Pastor Mt. Olivet Baptist Church, New York City (Silas Xavier Floyd): 1 | Pastor Henry N. Jeter's Twenty-five Years Experience with the Shiloh Baptist Church and Her History. Corner School and Mary Streets, Newport, R. I. (Henry N. Jeter): 1"
331,12,331_hopkin_myer_epps_old master,1834,1885,"Sunshine and Shadow of Slave Life. Reminiscences as told by Isaac D. Williams to ""Tege"" (Isaac D. Williams): 4 | Twelve Years a Slave: Narrative of Solomon Northup, a Citizen of New-York, Kidnapped in Washington City in 1841, and Rescued in 1853 (Solomon  Northup): 1 | Anecdotes and Memoirs of William Boen, a Coloured Man, Who Lived and Died Near Mount Holly, New Jersey. To which is Added, the Testimony of Friends of Mount Holly Monthly Meeting Concerning Him (  No Author): 1 | An Autobiography of the Rev. Josiah Henson (""Uncle Tom""). From 1789 to 1881. With a Preface by Mrs. Harriet Beecher Stowe, and Introductory Notes by George Sturge, S. Morley, Esq., M. P., Wendell Phillips, and John G. Whittier. Edited by John Lobb, F.R.G.S. Revised and Enlarged (Josiah  Henson): 1 | Slave Life in Georgia: A Narrative of the Life, Sufferings, and Escape of John Brown, a Fugitive Slave, Now in England (John  Brown): 1"
332,12,332_gould_elisha green_citizen_millersburg,1852,1893,"Life and Times of Frederick Douglass, Written by Himself. His Early Life as a Slave, His Escape from Bondage, and His Complete History to the Present Time, Including His Connection with the Anti-slavery Movement; His Labors in Great Britain as Well as in His Own Country; His Experience in the Conduct of an Influential Newspaper; His Connection with the Underground Railroad; His Relations with John Brown and the Harpers Ferry Raid;  His Recruiting the 54th and 55th Mass. Colored Regiments; His Interviews with Presidents Lincoln and Johnson; His Appointment by Gen. Grant to Accompany the Santo Domingo Commission&#x2014;Also to a Seat in the Council of the District of Columbia; His Appointment as United States Marshal by President R. B. Hayes; Also His Appointment to Be Recorder of Deeds in Washington by President J. A. Garfield; with Many Other Interesting and Important Events of His Most Eventful Life; With an Introduction by Mr. George L. Ruffin, of Boston (Frederick  Douglass): 2 | Life and Times of Frederick Douglass: His Early Life as a Slave, His Escape from Bondage, and His Complete History to the Present Time (Frederick  Douglass): 2 | Life of the Rev. Elisha W. Green, One of the Founders of the Kentucky Normal and Theological Institute--Now the State University at Louisville; Eleven Years Moderator of the Mt. Zion Baptist Association; Five Years Moderator of the Consolidated Baptist Educational Association and Over Thirty Years Pastor of the Colored Baptist Churches of Maysville and Paris. Written by Himself. (Elisha Winfield Green): 2 | Autobiography of a Female Slave (Martha Griffith Browne): 1 | The Black Man: His Antecedents, His Genius, and His Achievements (William Wells Brown): 1"
333,12,333_garfield_torment_state mind_present torment,1836,1892,"Autobiography of a Female Slave (Martha Griffith Browne): 2 | Life and Times of Frederick Douglass, Written by Himself. His Early Life as a Slave, His Escape from Bondage, and His Complete History to the Present Time, Including His Connection with the Anti-slavery Movement; His Labors in Great Britain as Well as in His Own Country; His Experience in the Conduct of an Influential Newspaper; His Connection with the Underground Railroad; His Relations with John Brown and the Harpers Ferry Raid;  His Recruiting the 54th and 55th Mass. Colored Regiments; His Interviews with Presidents Lincoln and Johnson; His Appointment by Gen. Grant to Accompany the Santo Domingo Commission&#x2014;Also to a Seat in the Council of the District of Columbia; His Appointment as United States Marshal by President R. B. Hayes; Also His Appointment to Be Recorder of Deeds in Washington by President J. A. Garfield; with Many Other Interesting and Important Events of His Most Eventful Life; With an Introduction by Mr. George L. Ruffin, of Boston (Frederick  Douglass): 2 | Incidents in the Life of a Slave Girl. Written by Herself (Harriet A. Jacobs): 1 | Narrative of the Life and Adventures of Henry Bibb, an American Slave, Written by Himself (Henry  Bibb): 1 | Josiah: The Maimed Fugitive. A True Tale (Henry  Bleby): 1"
334,12,334_mob_dale_shop_street,1863,1893,"A Thrilling Narrative from the Lips of the Sufferers of the Late Detroit Riot, March 6, 1863, With the Hair Breadth Escapes of Men, Women and Children, and Destruction of Colored Men's Property, Not Less Than $15,000. (  No Author): 10 | An Autobiography: The Story of the Lord's Dealings with Mrs. Amanda Smith, the Colored Evangelist: Containing an Account of Her Life Work of Faith, and Her Travels in America, England, Ireland, Scotland, India, and Africa as an Independent Missionary (Amanda  Smith): 1 | Life and Adventures of James Williams, a Fugitive Slave, with a Full Description of the Underground Railroad (James  Williams): 1"
335,12,335_davy_bristow_fugitive_wagon,1853,1886,"John and Mary; or, The Fugitive Slaves, a Tale of South-Eastern Pennsylvania (Ellwood  Griest): 5 | Josiah: The Maimed Fugitive. A True Tale (Henry  Bleby): 1 | Harriet, the Moses of Her People (Sarah H. Bradford): 1 | Slave Life in Georgia: A Narrative of the Life, Sufferings, and Escape of John Brown, a Fugitive Slave, Now in England (John  Brown): 1 | Bond and Free: A Tale of the South (Grace  Lintner): 1"
336,12,336_shinplaster_note_barber_bank,1825,1892,"Three Years in Europe: Or, Places I Have Seen and People I Have Met (William Wells Brown): 2 | The American Fugitive in Europe. Sketches of Places and People Abroad (William Wells Brown): 2 | Biography of an American Bondman, by His Daughter (Josephine  Brown): 2 | Life of William Grimes, the Runaway Slave. Written by Himself (William  Grimes): 2 | Life of William Grimes, the Runaway Slave, Brought Down to the Present Time. (William  Grimes): 2"
337,12,337_boat_felton_river_jem,1838,1895,"A North-Side View of Slavery. The Refugee: or the Narratives of Fugitive Slaves in Canada. Related by Themselves, with an Account of the History and Condition of the Colored Population of Upper Canada (Benjamin  Drew): 3 | Slave Life in Georgia: A Narrative of the Life, Sufferings, and Escape of John Brown, a Fugitive Slave, Now in England (John  Brown): 3 | Incidents in the Life of a Slave Girl. Written by Herself (Harriet A. Jacobs): 1 | Biography of Mahommah G. Baquaqua, a Native of Zoogoo, in the Interior of Africa. (A Convert to Christianity,) With a Description of That Part of the World; Including the Manners and Customs of the Inhabitants, Their Religious Notions, Form of Government, Laws, Appearance of the Country, Buildings, Agriculture, Manufactures, Shepherds and Herdsmen, Domestic Animals, Marriage Ceremonials, Funeral Services, Styles of Dress, Trade and Commerce, Modes of Warfare, System of Slavery, &amp;c., &amp;c. Mahommah's Early Life, His Education, His Capture and Slavery in Western Africa and Brazil, His Escape to the United States, from Thence to Hayti, (the City of Port Au Prince,) His Reception by the Baptist Missionary There, The Rev. W. L. Judd; His Conversion to Christianity, Baptism, and Return to This Country, His Views, Objects and Aim. Written and Revised from His Own Words, by Samuel Moore, Esq., Late Publisher of the ""North of England Shipping Gazette,"" Author of Several Popular Works, and Editor of Sundry Reform Papers (Mahommah Gardo Baquaqua): 1 | Narrative of Events in the Life of William Green, (Formerly a Slave.) Written by Himself. (William  Green): 1"
338,12,338_inferiority_virtue_degrad_vice,1848,1854,"A Tribute for the Negro: Being a Vindication of the Moral, Intellectual, and Religious Capabilities of the Colored Portion of Mankind; with Particular Reference to the African Race (Wilson  Armistead): 11 | God's Image in Ebony: Being a Series of Biographical Sketches, Facts, Anecdotes, etc., Demonstrative of the Mental Powers and Intellectual Capacities of the Negro Race (H. G. Adams): 1"
339,12,339_treatment_slaveholder_good treatment_hunger,1831,1893,"American Slavery As It Is: Testimony of a Thousand Witnesses (Theodore Dwight Weld): 6 | Narrative of Sojourner Truth, a Northern Slave, Emancipated from Bodily Servitude by the State of New York, in 1828 (Sojourner  Truth): 3 | The Slave: or Memoirs of Archy Moore. Vol. II (Richard  Hildreth): 1 | The History of Mary Prince, a West Indian Slave. Related by Herself. With a Supplement by the Editor. To Which Is Added, the Narrative of Asa-Asa, a Captured African (Mary  Prince): 1 | From Slave Cabin to the Pulpit. The Autobiography of Rev. Peter Randolph: the Southern Question Illustrated and Sketches of Slave Life (Peter  Randolph): 1"
340,12,340_picture_bannister_mr bannister_artist,1854,1914,"Men of Mark: Eminent, Progressive and Rising (William J. Simmons): 5 | The Black Man: His Antecedents, His Genius, and His Achievements (William Wells Brown): 2 | Frederick Douglass (Charles Waddell Chesnutt): 2 | God's Image in Ebony: Being a Series of Biographical Sketches, Facts, Anecdotes, etc., Demonstrative of the Mental Powers and Intellectual Capacities of the Negro Race (H. G. Adams): 1 | Battles and Victories of Allen Allensworth, A. M., Ph. D., Lieutenant-Colonel, Retired, U. S. Army (Charles  Alexander): 1"
341,12,341_fruit_apple_orchard_peach,1810,1917,"Fifty Years in Chains, or, The Life of an American Slave (Charles  Ball): 3 | Slavery in the United States: A Narrative of the Life and Adventures of Charles Ball, a Black Man, Who Lived Forty Years in Maryland, South Carolina and Georgia, as a Slave Under Various Masters, and was One Year in the Navy with Commodore Barney, During the Late War (Charles  Ball): 3 | The Blind African Slave, or Memoirs of Boyrereau Brinch, Nick-named Jeffrey Brace. Containing an Account of the Kingdom of Bow-Woo, in the Interior of Africa; with the Climate and Natural Productions, Laws, and Customs Peculiar to That Place. With an Account of His Captivity, Sufferings, Sales, Travels, Emancipation, Conversion to the Christian Religion, Knowledge of the Scriptures, &amp;c. Interspersed with Strictures on Slavery, Speculative Observations on the Qualities of Human Nature, with Quotation from Scripture (Boyrereau  Brinch): 2 | Slave Life in Virginia and Kentucky; or, Fifty Years of Slavery in the Southern States of America (Francis  Fedric): 1 | Biographical Sketches and Interesting Anecdotes of Persons of Colour. To Which is Added, a Selection of Pieces in Poetry (Abigail  Mott): 1"
342,12,342_trader_mabowah_bobah_chain,1760,1873,"The Martyrs, and the Fugitive; or a Narrative of the Captivity, Sufferings, and Death of an African Family, and the Slavery and Escape of Their Son (S. H. Platt): 4 | God's Image in Ebony: Being a Series of Biographical Sketches, Facts, Anecdotes, etc., Demonstrative of the Mental Powers and Intellectual Capacities of the Negro Race (H. G. Adams): 1 | Life and Narrative of William J. Anderson, Twenty-four Years a Slave; Sold Eight Times! In Jail Sixty Times!! Whipped Three Hundred Times!!! or The Dark Deeds of American Slavery Revealed. Containing Scriptural Views of the Origin of the Black and of the White Man. Also, a Simple and Easy Plan to Abolish Slavery in the United States. Together with an Account of the Services of Colored Men in the Revolutionary War--Day and Date, and Interesting Facts (William J. Anderson): 1 | Slavery in the United States: A Narrative of the Life and Adventures of Charles Ball, a Black Man, Who Lived Forty Years in Maryland, South Carolina and Georgia, as a Slave Under Various Masters, and was One Year in the Navy with Commodore Barney, During the Late War (Charles  Ball): 1 | The Blind African Slave, or Memoirs of Boyrereau Brinch, Nick-named Jeffrey Brace. Containing an Account of the Kingdom of Bow-Woo, in the Interior of Africa; with the Climate and Natural Productions, Laws, and Customs Peculiar to That Place. With an Account of His Captivity, Sufferings, Sales, Travels, Emancipation, Conversion to the Christian Religion, Knowledge of the Scriptures, &amp;c. Interspersed with Strictures on Slavery, Speculative Observations on the Qualities of Human Nature, with Quotation from Scripture (Boyrereau  Brinch): 1"
343,12,343_almanac_banneker_calculation_jefferson,1826,1912,"God's Image in Ebony: Being a Series of Biographical Sketches, Facts, Anecdotes, etc., Demonstrative of the Mental Powers and Intellectual Capacities of the Negro Race (H. G. Adams): 2 | A Tribute for the Negro: Being a Vindication of the Moral, Intellectual, and Religious Capabilities of the Colored Portion of Mankind; with Particular Reference to the African Race (Wilson  Armistead): 2 | The Black Man: His Antecedents, His Genius, and His Achievements (William Wells Brown): 2 | The Colored Patriots of the American Revolution: With Sketches of Several Distinguished Colored Persons: To Which is Added a Brief Survey of the Condition and Prospects of Colored Americans (William Cooper Nell): 2 | Three Years in Europe: Or, Places I Have Seen and People I Have Met (William Wells Brown): 1"
344,12,344_maps_entitl act_hermit_proprietor copy,1808,1928,"God's Image in Ebony: Being a Series of Biographical Sketches, Facts, Anecdotes, etc., Demonstrative of the Mental Powers and Intellectual Capacities of the Negro Race (H. G. Adams): 1 | A Tribute for the Negro: Being a Vindication of the Moral, Intellectual, and Religious Capabilities of the Colored Portion of Mankind; with Particular Reference to the African Race (Wilson  Armistead): 1 | My Bondage and My Freedom. Part I. Life as a Slave. Part II. Life as a Freeman (Frederick  Douglass): 1 | The Life of the Rev. Dandridge F. Davis, of the African M. E. Church. With a Brief Account of His Conversion and Ministerial Labors, from August 1834, till March 1847. Also, a Brief Sketch of the Life of the Rev. David Conyou, of the A. M. E. C. and His Ministerial Labors. To Which Is Annexed the Funeral Discourse Delivered at the Ohio Conference, in Zanesville, on the Decease of the Rev. D. F. Davis, by the Author (A. R. Green): 1 | John and Mary; or, The Fugitive Slaves, a Tale of South-Eastern Pennsylvania (Ellwood  Griest): 1"
345,12,345_dartmouth_horton_cuffe_district,1847,1917,"The Colored Patriots of the American Revolution: With Sketches of Several Distinguished Colored Persons: To Which is Added a Brief Survey of the Condition and Prospects of Colored Americans (William Cooper Nell): 3 | Battles and Victories of Allen Allensworth, A. M., Ph. D., Lieutenant-Colonel, Retired, U. S. Army (Charles  Alexander): 2 | Life and Opinions of Julius Melbourn; with Sketches of the Lives and Characters of Thomas Jefferson, John Quincy Adams, John Randolph, and Several Other Eminent American Statesmen (Julius  Melbourn): 2 | My Bondage and My Freedom. Part I. Life as a Slave. Part II. Life as a Freeman (Frederick  Douglass): 1 | Life and Times of Frederick Douglass: His Early Life as a Slave, His Escape from Bondage, and His Complete History to the Present Time (Frederick  Douglass): 1"
346,12,346_rochester_harper ferry_ferry_harper,1859,1906,"Life and Times of Frederick Douglass, Written by Himself. His Early Life as a Slave, His Escape from Bondage, and His Complete History to the Present Time, Including His Connection with the Anti-slavery Movement; His Labors in Great Britain as Well as in His Own Country; His Experience in the Conduct of an Influential Newspaper; His Connection with the Underground Railroad; His Relations with John Brown and the Harpers Ferry Raid;  His Recruiting the 54th and 55th Mass. Colored Regiments; His Interviews with Presidents Lincoln and Johnson; His Appointment by Gen. Grant to Accompany the Santo Domingo Commission&#x2014;Also to a Seat in the Council of the District of Columbia; His Appointment as United States Marshal by President R. B. Hayes; Also His Appointment to Be Recorder of Deeds in Washington by President J. A. Garfield; with Many Other Interesting and Important Events of His Most Eventful Life; With an Introduction by Mr. George L. Ruffin, of Boston (Frederick  Douglass): 3 | Life and Times of Frederick Douglass: His Early Life as a Slave, His Escape from Bondage, and His Complete History to the Present Time (Frederick  Douglass): 3 | Frederick Douglass The Orator. Containing an Account of His Life; His Eminent Public Services; His Brilliant Career as Orator; Selections from His Speeches and Writings (James M. Gregory): 3 | Frederick Douglass (Booker T. Washington): 1 | The Rev. J. W. Loguen, as a Slave and as a Freeman. A Narrative of Real Life (J. W. Loguen): 1"
347,12,347_auld_baltimore_capt auld_patsey,1826,1893,"Autobiography of a Female Slave (Martha Griffith Browne): 2 | Life and Times of Frederick Douglass, Written by Himself. His Early Life as a Slave, His Escape from Bondage, and His Complete History to the Present Time, Including His Connection with the Anti-slavery Movement; His Labors in Great Britain as Well as in His Own Country; His Experience in the Conduct of an Influential Newspaper; His Connection with the Underground Railroad; His Relations with John Brown and the Harpers Ferry Raid;  His Recruiting the 54th and 55th Mass. Colored Regiments; His Interviews with Presidents Lincoln and Johnson; His Appointment by Gen. Grant to Accompany the Santo Domingo Commission&#x2014;Also to a Seat in the Council of the District of Columbia; His Appointment as United States Marshal by President R. B. Hayes; Also His Appointment to Be Recorder of Deeds in Washington by President J. A. Garfield; with Many Other Interesting and Important Events of His Most Eventful Life; With an Introduction by Mr. George L. Ruffin, of Boston (Frederick  Douglass): 2 | Incidents in the Life of a Slave Girl. Written by Herself (Harriet A. Jacobs): 1 | Twelve Years a Slave: Narrative of Solomon Northup, a Citizen of New-York, Kidnapped in Washington City in 1841, and Rescued in 1853 (Solomon  Northup): 1 | Life and Times of Frederick Douglass: His Early Life as a Slave, His Escape from Bondage, and His Complete History to the Present Time (Frederick  Douglass): 1"
348,12,348_end wharf_ship_wharf_board ship,1837,1891,"Sunshine and Shadow of Slave Life. Reminiscences as told by Isaac D. Williams to ""Tege"" (Isaac D. Williams): 2 | The Freedman's Story: In Two Parts (William  Parker): 2 | Fifty Years in Chains, or, The Life of an American Slave (Charles  Ball): 1 | Narrative of James Williams, an American Slave, Who Was for Several Years a Driver on a Cotton Plantation in Alabama (James  Williams): 1 | Slavery in the United States: A Narrative of the Life and Adventures of Charles Ball, a Black Man, Who Lived Forty Years in Maryland, South Carolina and Georgia, as a Slave Under Various Masters, and was One Year in the Navy with Commodore Barney, During the Late War (Charles  Ball): 1"
349,12,349_chaplain_allensworth_army_chaplain allensworth,1878,1914,"Battles and Victories of Allen Allensworth, A. M., Ph. D., Lieutenant-Colonel, Retired, U. S. Army (Charles  Alexander): 8 | The Colored Cadet at West Point. Autobiography of Lieut. Henry Ossian Flipper, U. S. A., First Graduate of Color from the U. S. Military Academy (Henry Ossian Flipper): 4"
350,12,350_party_republican_republican party_purvis,1847,1917,"Men of Mark: Eminent, Progressive and Rising (William J. Simmons): 4 | Frederick Douglass The Orator. Containing an Account of His Life; His Eminent Public Services; His Brilliant Career as Orator; Selections from His Speeches and Writings (James M. Gregory): 2 | Frederick Douglass The Colored Orator (Frederic May Holland): 2 | Up from Slavery: An Autobiography (Booker T. Washington): 1 | The Black Man: His Antecedents, His Genius, and His Achievements (William Wells Brown): 1"
351,12,351_train_conductor_mr cray_cray,1855,1893,"Running a Thousand Miles for Freedom; or, the Escape of William and Ellen Craft from Slavery (William  Craft): 5 | Sunshine and Shadow of Slave Life. Reminiscences as told by Isaac D. Williams to ""Tege"" (Isaac D. Williams): 2 | Life of Isaac Mason as a Slave (Isaac  Mason): 1 | Life and Times of Frederick Douglass, Written by Himself. His Early Life as a Slave, His Escape from Bondage, and His Complete History to the Present Time, Including His Connection with the Anti-slavery Movement; His Labors in Great Britain as Well as in His Own Country; His Experience in the Conduct of an Influential Newspaper; His Connection with the Underground Railroad; His Relations with John Brown and the Harpers Ferry Raid;  His Recruiting the 54th and 55th Mass. Colored Regiments; His Interviews with Presidents Lincoln and Johnson; His Appointment by Gen. Grant to Accompany the Santo Domingo Commission&#x2014;Also to a Seat in the Council of the District of Columbia; His Appointment as United States Marshal by President R. B. Hayes; Also His Appointment to Be Recorder of Deeds in Washington by President J. A. Garfield; with Many Other Interesting and Important Events of His Most Eventful Life; With an Introduction by Mr. George L. Ruffin, of Boston (Frederick  Douglass): 1 | From Slavery to a Bishopric, or, The Life of Bishop Walter Hawkins of the British Methodist Episcopal Church Canada (S. J. Celestine Edwards): 1"
352,12,352_dumont_isabel_isabella_catlin,1839,1913,"The Story of a Slave. A Realistic Revelation of a Social Relation of Slave Times--Hitherto Unwritten--From the Pen of One Who Has Felt Both the Lash and the Caress of a Mistress (  No Author): 2 | Narrative of Sojourner Truth, a Northern Slave, Emancipated from Bodily Servitude by the State of New York, in 1828 (Sojourner  Truth): 2 | A North-Side View of Slavery. The Refugee: or the Narratives of Fugitive Slaves in Canada. Related by Themselves, with an Account of the History and Condition of the Colored Population of Upper Canada (Benjamin  Drew): 1 | From Slavery to a Bishopric, or, The Life of Bishop Walter Hawkins of the British Methodist Episcopal Church Canada (S. J. Celestine Edwards): 1 | An Autobiography of the Rev. Josiah Henson (""Uncle Tom""). From 1789 to 1881. With a Preface by Mrs. Harriet Beecher Stowe, and Introductory Notes by George Sturge, S. Morley, Esq., M. P., Wendell Phillips, and John G. Whittier. Edited by John Lobb, F.R.G.S. Revised and Enlarged (Josiah  Henson): 1"
353,12,353_american_law_boston boys_liberty,1838,1895,"From Slavery to a Bishopric, or, The Life of Bishop Walter Hawkins of the British Methodist Episcopal Church Canada (S. J. Celestine Edwards): 2 | Narrative of William W. Brown, an American Slave. Written by Himself (William Wells Brown): 1 | A Narrative of the Adventures and Escape of Moses Roper, from American Slavery (Moses  Roper): 1 | Twenty-Two Years a Slave, and Forty Years a Freeman; Embracing a Correspondence of Several Years, While President of Wilberforce Colony, London, Canada West (Austin  Steward): 1 | Narrative of the Life of Henry Box Brown, Written by Himself (Henry Box Brown): 1"
354,12,354_hayti_mortality_franc_island,1831,1912,"Toussaint L'Ouverture: A Biography and Autobiography (J. R. Beard): 2 | The Life of Toussaint L'Ouverture, the Negro Patriot of Hayti: Comprising an Account of the Struggle for Liberty in the Island, and a Sketch of Its History to the Present Period (J. R. Beard): 2 | Poems by a Slave in the Island of Cuba, Recently Liberated; Translated from the Spanish, by R. R. Madden, M.D. With the History of the Early Life of the Negro Poet, Written by Himself; to Which Are Prefixed Two Pieces Descriptive of Cuban Slavery and the Slave-Traffic, by R. R. M. (Juan Francisco Manzano): 2 | A Narrative of the Negro (Leila Amos Pendleton): 2 | Negro Slavery Described by a Negro: Being the Narrative of Ashton Warner, a Native of St. Vincent's. With an Appendix Containing the Testimony of Four Christian Ministers, Recently Returned from the Colonies, on the System of Slavery as It Now Exists (Ashton  Warner): 2"
355,12,355_grandmother_coal_employ_dear wife,1770,1926,"A Narrative of the Most Remarkable Particulars in the Life of James Albert Ukawsaw Gronniosaw, an African Prince, as Related by Himself (James Albert Ukawsaw Gronniosaw): 4 | Twice Sold, Twice Ransomed: Autobiography of Mr. and Mrs. L. P. Ray (Emma J. Ray): 2 | The Life of Rev. Robert Anderson. Born the 22d Day of February, in the Year of Our Lord 1819, and Joined the Methodist Episcopal Church in 1839. This Book Shall Be Called The Young Men's Guide, Or, the Brother in White (Robert  Anderson): 1 | Autobiography of a Female Slave (Martha Griffith Browne): 1 | Homespun Heroines and Other Women of Distinction (Hallie Q. Brown): 1"
356,11,356_covey_cincinnati_search_syracuse,1848,1893,"Incidents in the Life of a Slave Girl. Written by Herself (Harriet A. Jacobs): 2 | A North-Side View of Slavery. The Refugee: or the Narratives of Fugitive Slaves in Canada. Related by Themselves, with an Account of the History and Condition of the Colored Population of Upper Canada (Benjamin  Drew): 2 | The Rev. J. W. Loguen, as a Slave and as a Freeman. A Narrative of Real Life (J. W. Loguen): 2 | Life of Isaac Mason as a Slave (Isaac  Mason): 1 | My Southern Home: or, The South and Its People (William Wells Brown): 1"
357,11,357_mr hutchinson_hutchinson_aunt emma_mrs thoma,1838,1893,"An Autobiography: The Story of the Lord's Dealings with Mrs. Amanda Smith, the Colored Evangelist: Containing an Account of Her Life Work of Faith, and Her Travels in America, England, Ireland, Scotland, India, and Africa as an Independent Missionary (Amanda  Smith): 3 | Incidents in the Life of a Slave Girl. Written by Herself (Harriet A. Jacobs): 2 | The White Slave; or, Memoirs of a Fugitive (Richard  Hildreth): 2 | From the Darkness Cometh the Light or Struggles for Freedom (Lucy A. Delaney): 1 | A True Tale of Slavery. From The Leisure Hour: A Family Journal of Instruction and Recreation, February 7, 14, 21, 28, 1861 (John S. Jacobs): 1"
358,11,358_bornou_native_king_barbary,1789,1912,"A Narrative of the Negro (Leila Amos Pendleton): 4 | The Blind African Slave, or Memoirs of Boyrereau Brinch, Nick-named Jeffrey Brace. Containing an Account of the Kingdom of Bow-Woo, in the Interior of Africa; with the Climate and Natural Productions, Laws, and Customs Peculiar to That Place. With an Account of His Captivity, Sufferings, Sales, Travels, Emancipation, Conversion to the Christian Religion, Knowledge of the Scriptures, &amp;c. Interspersed with Strictures on Slavery, Speculative Observations on the Qualities of Human Nature, with Quotation from Scripture (Boyrereau  Brinch): 2 | The Autobiography of Nicholas Said, A Native of Bournou, Eastern Soudan, Central Africa (Nicholas  Said): 2 | Africa for Christ. Twenty-Eight Years a Slave (Thomas L. Johnson): 1 | Memoirs of the Reign of Bossa Ahadee, King of Dahomy, an Inland Country of Guiney. To Which Are Added, the Author's Journey to Abomey, the Capital; and a Short Account of the African Slave Trade (Robert  Norris): 1"
359,11,359_church_methodist_episcopal_methodist episcopal,1872,1916,"Autobiography of Bishop Isaac Lane, LL.D. with a Short History of the C.M.E. Church in America and of Methodism (Isaac  Lane): 3 | Biography of Rev. David Smith of the A. M. E. Church; Being a Complete History, Embracing over Sixty Years' Labor in the Advancement of the Redeemer's Kingdom on Earth. Including ""The History of the Origin and Development of Wilberforce University."" (David  Smith): 3 | Richard Allen and Absalom Jones, by the Rev. George F. Bragg, in Honor of the Centennial of the African Methodist Episcopal Church, Which Occurs in the Year 1916 (George F. Bragg): 2 | My Larger Education: Being Chapters from My Experience (Booker T. Washington): 1 | Autobiography of Rev. Thomas W. Henry, of the A. M. E. Church (Thomas W. Henry): 1"
360,11,360_lumber_lawrence_enterprise_thousand foot,1858,1917,"Truth Stranger Than Fiction. Father Henson's Story of His Own Life (Josiah  Henson): 3 | Uncle Tom's Story of His Life. An Autobiography of the Rev. Josiah Henson (Mrs. Harriet Beecher Stowe's ""Uncle Tom""). From 1789 to 1876. With a Preface by Mrs. Harriet Beecher Stowe, and an Introductory Note by George Sturge, and S. Morley, Esq., M. P. (Josiah  Henson): 2 | An Autobiography of the Rev. Josiah Henson (""Uncle Tom""). From 1789 to 1881. With a Preface by Mrs. Harriet Beecher Stowe, and Introductory Notes by George Sturge, S. Morley, Esq., M. P., Wendell Phillips, and John G. Whittier. Edited by John Lobb, F.R.G.S. Revised and Enlarged (Josiah  Henson): 2 | From Slavery to Wealth. The Life of Scott Bond.  The Rewards of Honesty, Industry, Economy and Perseverance (Dan. A. Rudd): 2 | Josiah: The Maimed Fugitive. A True Tale (Henry  Bleby): 1"
361,11,361_lashe_foot inche_leftwich_inche,1837,1910,"Thirty Years a Slave: From Bondage to Freedom: The Institution of Slavery as Seen on the Plantation and in the Home of the Planter (Louis  Hughes): 1 | The Light and Truth of Slavery. Aaron's History (  Aaron): 1 | Slavery in the United States: A Narrative of the Life and Adventures of Charles Ball, a Black Man, Who Lived Forty Years in Maryland, South Carolina and Georgia, as a Slave Under Various Masters, and was One Year in the Navy with Commodore Barney, During the Late War (Charles  Ball): 1 | Sketch of the Life of Mr. Lewis Charlton, and Reminiscences of Slavery (Lewis  Charlton): 1 | My Bondage and My Freedom. Part I. Life as a Slave. Part II. Life as a Freeman (Frederick  Douglass): 1"
362,11,362_book_early fond_dr blake_fond,1845,1912,"Life of George M. Horton. The Colored Bard of North Carolina from ""The Poetical Works of George M. Horton, the Colored Bard of North Carolina, to which is Prefixed the Life of the Author, written by himself."" (George Moses Horton): 1 | The Poetical Works of George M. Horton: The Colored Bard of North Carolina: To Which is Prefixed the Life of the Author, Written by Himself (George Moses Horton): 1 | Twenty-Two Years a Slave, and Forty Years a Freeman; Embracing a Correspondence of Several Years, While President of Wilberforce Colony, London, Canada West (Austin  Steward): 1 | Life and Times of Frederick Douglass, Written by Himself. His Early Life as a Slave, His Escape from Bondage, and His Complete History to the Present Time, Including His Connection with the Anti-slavery Movement; His Labors in Great Britain as Well as in His Own Country; His Experience in the Conduct of an Influential Newspaper; His Connection with the Underground Railroad; His Relations with John Brown and the Harpers Ferry Raid;  His Recruiting the 54th and 55th Mass. Colored Regiments; His Interviews with Presidents Lincoln and Johnson; His Appointment by Gen. Grant to Accompany the Santo Domingo Commission&#x2014;Also to a Seat in the Council of the District of Columbia; His Appointment as United States Marshal by President R. B. Hayes; Also His Appointment to Be Recorder of Deeds in Washington by President J. A. Garfield; with Many Other Interesting and Important Events of His Most Eventful Life; With an Introduction by Mr. George L. Ruffin, of Boston (Frederick  Douglass): 1 | Life and Times of Frederick Douglass: His Early Life as a Slave, His Escape from Bondage, and His Complete History to the Present Time (Frederick  Douglass): 1"
363,11,363_canoe_venison_road_easter holiday,1848,1892,"A North-Side View of Slavery. The Refugee: or the Narratives of Fugitive Slaves in Canada. Related by Themselves, with an Account of the History and Condition of the Colored Population of Upper Canada (Benjamin  Drew): 2 | Life and Times of Frederick Douglass, Written by Himself. His Early Life as a Slave, His Escape from Bondage, and His Complete History to the Present Time, Including His Connection with the Anti-slavery Movement; His Labors in Great Britain as Well as in His Own Country; His Experience in the Conduct of an Influential Newspaper; His Connection with the Underground Railroad; His Relations with John Brown and the Harpers Ferry Raid;  His Recruiting the 54th and 55th Mass. Colored Regiments; His Interviews with Presidents Lincoln and Johnson; His Appointment by Gen. Grant to Accompany the Santo Domingo Commission&#x2014;Also to a Seat in the Council of the District of Columbia; His Appointment as United States Marshal by President R. B. Hayes; Also His Appointment to Be Recorder of Deeds in Washington by President J. A. Garfield; with Many Other Interesting and Important Events of His Most Eventful Life; With an Introduction by Mr. George L. Ruffin, of Boston (Frederick  Douglass): 1 | The Heroic Slave. From Autographs for Freedom, Ed. Julia Griffiths (Frederick  Douglass): 1 | Life and Times of Frederick Douglass: His Early Life as a Slave, His Escape from Bondage, and His Complete History to the Present Time (Frederick  Douglass): 1 | Uncle Tom's Story of His Life. An Autobiography of the Rev. Josiah Henson (Mrs. Harriet Beecher Stowe's ""Uncle Tom""). From 1789 to 1876. With a Preface by Mrs. Harriet Beecher Stowe, and an Introductory Note by George Sturge, and S. Morley, Esq., M. P. (Josiah  Henson): 1"
364,11,364_freeland_covey_mr freeland_dick fallon,1852,1917,"The New Man: Twenty-Nine Years a Slave,Twenty-Nine Years a Free Man (Henry Clay Bruce): 1 | The Life of Toussaint L'Ouverture, the Negro Patriot of Hayti: Comprising an Account of the Struggle for Liberty in the Island, and a Sketch of Its History to the Present Period (J. R. Beard): 1 | Life and Times of Frederick Douglass, Written by Himself. His Early Life as a Slave, His Escape from Bondage, and His Complete History to the Present Time, Including His Connection with the Anti-slavery Movement; His Labors in Great Britain as Well as in His Own Country; His Experience in the Conduct of an Influential Newspaper; His Connection with the Underground Railroad; His Relations with John Brown and the Harpers Ferry Raid;  His Recruiting the 54th and 55th Mass. Colored Regiments; His Interviews with Presidents Lincoln and Johnson; His Appointment by Gen. Grant to Accompany the Santo Domingo Commission&#x2014;Also to a Seat in the Council of the District of Columbia; His Appointment as United States Marshal by President R. B. Hayes; Also His Appointment to Be Recorder of Deeds in Washington by President J. A. Garfield; with Many Other Interesting and Important Events of His Most Eventful Life; With an Introduction by Mr. George L. Ruffin, of Boston (Frederick  Douglass): 1 | My Bondage and My Freedom. Part I. Life as a Slave. Part II. Life as a Freeman (Frederick  Douglass): 1 | Life and Times of Frederick Douglass: His Early Life as a Slave, His Escape from Bondage, and His Complete History to the Present Time (Frederick  Douglass): 1"
365,11,365_says_arter_agin_peter,1839,1852,"Chains and Freedom: Or, The Life and Adventures of Peter Wheeler, a Colored Man Yet Living. A Slave in Chains, a Sailor on the Deep, and a Sinner at the Cross (Peter  Wheeler): 7 | Uncle Tom's Companions: Or, Facts Stranger Than Fiction.  A Supplement to Uncle Tom's Cabin: Being Startling Incidents in the Lives of Celebrated Fugitive Slaves. (John Passmore Edwards): 4"
366,11,366_extinguish_misery_wretch_caress,1836,1892,"Autobiography of a Female Slave (Martha Griffith Browne): 2 | The White Slave; or, Memoirs of a Fugitive (Richard  Hildreth): 2 | Narrative of William W. Brown, an American Slave. Written by Himself (William Wells Brown): 1 | The Life of Rev. Robert Anderson. Born the 22d Day of February, in the Year of Our Lord 1819, and Joined the Methodist Episcopal Church in 1839. This Book Shall Be Called The Young Men's Guide, Or, the Brother in White (Robert  Anderson): 1 | My Bondage and My Freedom. Part I. Life as a Slave. Part II. Life as a Freeman (Frederick  Douglass): 1"
367,11,367_cadet_plebe_rank_corporal,1878,1878,"The Colored Cadet at West Point. Autobiography of Lieut. Henry Ossian Flipper, U. S. A., First Graduate of Color from the U. S. Military Academy (Henry Ossian Flipper): 11"
368,11,368_railroad_pullman_section_section country,1887,1907,"The History of My Life and Work. Autobiography by Rev. M. L. Latta, A.M., D.D. (M. L. Latta): 4 | Life and Adventures of Nat Love, Better Known in the Cattle Country as ""Deadwood Dick,"" by Himself; a True History of Slavery Days, Life on the Great Cattle Ranges and on the Plains of the ""Wild and Woolly"" West, Based on Facts, and Personal Experiences of the Author (Nat  Love): 4 | Men of Mark: Eminent, Progressive and Rising (William J. Simmons): 2 | An Autobiography: The Story of My Life and Work (Booker T. Washington): 1"
369,11,369_union_citizen america_color citizen_unit band,1846,1917,An Address to All the Colored Citizens of the United States (John B. Meachum): 9 | Out of the Ditch.  A True Story of an Ex-Slave (J. Vance Lewis): 1 | My Life and Work (Alexander  Walters): 1
370,11,370_plum_boil_sugar_fruit,1929,1929,From Captivity to Fame or The Life of George Washington Carver (Raleigh H. Merritt): 11
371,11,371_paleface_great spirit_forefather_indian,1852,1902,"A Sketch of the Life of Okah Tubbee, (Called) William Chubbee, Son of the Head Chief, Mosholeh Tubbee, of the Choctaw Nation of Indians (Okah  Tubbee): 10 | Last of the Pioneers: Or, Old Times in East Tenn., Being the Life and Reminiscences of Pharaoh Jackson Chesney (Aged 120 Years) (Pharaoh Jackson Chesney): 1"
372,11,372_new bedford_bedford_southern port_cheat,1789,1895,"The New Man: Twenty-Nine Years a Slave,Twenty-Nine Years a Free Man (Henry Clay Bruce): 2 | Biography of Mahommah G. Baquaqua, a Native of Zoogoo, in the Interior of Africa. (A Convert to Christianity,) With a Description of That Part of the World; Including the Manners and Customs of the Inhabitants, Their Religious Notions, Form of Government, Laws, Appearance of the Country, Buildings, Agriculture, Manufactures, Shepherds and Herdsmen, Domestic Animals, Marriage Ceremonials, Funeral Services, Styles of Dress, Trade and Commerce, Modes of Warfare, System of Slavery, &amp;c., &amp;c. Mahommah's Early Life, His Education, His Capture and Slavery in Western Africa and Brazil, His Escape to the United States, from Thence to Hayti, (the City of Port Au Prince,) His Reception by the Baptist Missionary There, The Rev. W. L. Judd; His Conversion to Christianity, Baptism, and Return to This Country, His Views, Objects and Aim. Written and Revised from His Own Words, by Samuel Moore, Esq., Late Publisher of the ""North of England Shipping Gazette,"" Author of Several Popular Works, and Editor of Sundry Reform Papers (Mahommah Gardo Baquaqua): 1 | Life and Times of Frederick Douglass, Written by Himself. His Early Life as a Slave, His Escape from Bondage, and His Complete History to the Present Time, Including His Connection with the Anti-slavery Movement; His Labors in Great Britain as Well as in His Own Country; His Experience in the Conduct of an Influential Newspaper; His Connection with the Underground Railroad; His Relations with John Brown and the Harpers Ferry Raid;  His Recruiting the 54th and 55th Mass. Colored Regiments; His Interviews with Presidents Lincoln and Johnson; His Appointment by Gen. Grant to Accompany the Santo Domingo Commission&#x2014;Also to a Seat in the Council of the District of Columbia; His Appointment as United States Marshal by President R. B. Hayes; Also His Appointment to Be Recorder of Deeds in Washington by President J. A. Garfield; with Many Other Interesting and Important Events of His Most Eventful Life; With an Introduction by Mr. George L. Ruffin, of Boston (Frederick  Douglass): 1 | My Bondage and My Freedom. Part I. Life as a Slave. Part II. Life as a Freeman (Frederick  Douglass): 1 | Life and Times of Frederick Douglass: His Early Life as a Slave, His Escape from Bondage, and His Complete History to the Present Time (Frederick  Douglass): 1"
373,11,373_funeral slave_coffin_sol_overseer,1845,1893,"Narratives of the Sufferings of Lewis and Milton Clarke, Sons of a Soldier of the Revolution, During a Captivity of More than Twenty Years Among the Slaveholders of Kentucky, One of the So-Called Christian States of North America (Lewis Garrard Clarke): 3 | Sketches of Slave Life: Or, Illustrations of the ""Peculiar Institution""  (Peter  Randolph): 2 | From Slave Cabin to the Pulpit. The Autobiography of Rev. Peter Randolph: the Southern Question Illustrated and Sketches of Slave Life (Peter  Randolph): 2 | Twenty-Two Years a Slave, and Forty Years a Freeman; Embracing a Correspondence of Several Years, While President of Wilberforce Colony, London, Canada West (Austin  Steward): 1 | Narrative of William W. Brown, a Fugitive Slave. Written by Himself (William Wells Brown): 1"
374,11,374_prince_leary_school_holly,1828,1914,"Men of Mark: Eminent, Progressive and Rising (William J. Simmons): 5 | My Larger Education: Being Chapters from My Experience (Booker T. Washington): 1 | A Tribute for the Negro: Being a Vindication of the Moral, Intellectual, and Religious Capabilities of the Colored Portion of Mankind; with Particular Reference to the African Race (Wilson  Armistead): 1 | Men of Maryland (George F. Bragg): 1 | A Statement with Regard to the Moorish Prince, Abduhl Rahhahman (T. H. Gallaudet): 1"
375,11,375_douglass_rochester_frederick douglass_tribute,1855,1914,"Frederick Douglass (Booker T. Washington): 3 | Frederick Douglass (Charles Waddell Chesnutt): 2 | Life and Times of Frederick Douglass: His Early Life as a Slave, His Escape from Bondage, and His Complete History to the Present Time (Frederick  Douglass): 2 | The House of Bondage, or, Charlotte Brooks and Other Slaves, Original and Life Like, As They Appeared in Their Old Plantation and City Slave Life; Together with Pen-Pictures of the Peculiar Institution, with Sights and Insights into Their New Relations as Freedmen, Freemen, and Citizens (Octavia V. Rogers Albert): 1 | Battles and Victories of Allen Allensworth, A. M., Ph. D., Lieutenant-Colonel, Retired, U. S. Army (Charles  Alexander): 1"
376,11,376_jarm_major thornton_drink_thornton,1836,1926,"Twenty-Two Years a Slave, and Forty Years a Freeman; Embracing a Correspondence of Several Years, While President of Wilberforce Colony, London, Canada West (Austin  Steward): 2 | The Rev. J. W. Loguen, as a Slave and as a Freeman. A Narrative of Real Life (J. W. Loguen): 2 | The Slave: or Memoirs of Archy Moore. Vol. I (Richard  Hildreth): 2 | Narrative of the Life of Henry Box Brown, Written by Himself (Henry Box Brown): 1 | The White Slave; or, Memoirs of a Fugitive (Richard  Hildreth): 1"
377,11,377_sancho_sancho letter_thank_mrs sancho,1782,1875,"Letters of the Late Ignatius Sancho, An African. In Two Volumes. To Which Are Prefixed, Memoirs of His Life. Vol. I (Ignatius  Sancho): 3 | Letters of the Late Ignatius Sancho, An African. In Two Volumes. To Which Are Prefixed, Memoirs of His Life. Vol. II (Ignatius  Sancho): 3 | A Tribute for the Negro: Being a Vindication of the Moral, Intellectual, and Religious Capabilities of the Colored Portion of Mankind; with Particular Reference to the African Race (Wilson  Armistead): 1 | Biographical Sketches and Interesting Anecdotes of Persons of Colour. To Which is Added, a Selection of Pieces in Poetry (Abigail  Mott): 1 | Narrative of Sojourner Truth; a Bondswoman of Olden Time, Emancipated by the New York Legislature in the Early Part of the Present Century; with a History of Her Labors and Correspondence, Drawn from Her ""Book of Life"" (Sojourner  Truth): 1"
378,11,378_croff_sanford_william croff_georgia,1838,1895,"The Anderson Surpriser. Written After He Was Seventy-Five Years of Age. The Author Was Born in Liberty County, Ga., on the 22d Day of February, in the Year of Our Lord, 1819, and United with the Methodist Episcopal Church in the Year 1839. This Book Contains an Account of His Florida and Northern Trip, Written by Himself, Giving Much Valuable Information of the People Among Whom He Had Been Several Months (Robert  Anderson): 2 | Narrative of James Williams, an American Slave, Who Was for Several Years a Driver on a Cotton Plantation in Alabama (James  Williams): 1 | Biography of an American Bondman, by His Daughter (Josephine  Brown): 1 | Narrative of the Sufferings of Lewis Clarke, During a Captivity of More than Twenty-Five Years, Among the Algerines of Kentucky, One of the So Called Christian States of North America (Lewis Garrard Clarke): 1 | Narratives of the Sufferings of Lewis and Milton Clarke, Sons of a Soldier of the Revolution, During a Captivity of More than Twenty Years Among the Slaveholders of Kentucky, One of the So-Called Christian States of North America (Lewis Garrard Clarke): 1"
379,11,379_mound bayou_league_race_mound,1881,1916,"Booker T. Washington, Builder of a Civilization (Emmett J. Scott): 3 | My Larger Education: Being Chapters from My Experience (Booker T. Washington): 2 | Up from Slavery: An Autobiography (Booker T. Washington): 2 | Reminiscences of School Life, and Hints on Teaching (Fanny Jackson Coppin): 1 | A Narrative of the Negro (Leila Amos Pendleton): 1"
380,11,380_driver_overseer_cowskin_gang,1836,1892,"The Life of Rev. Robert Anderson. Born the 22d Day of February, in the Year of Our Lord 1819, and Joined the Methodist Episcopal Church in 1839. This Book Shall Be Called The Young Men's Guide, Or, the Brother in White (Robert  Anderson): 1 | My Bondage and My Freedom. Part I. Life as a Slave. Part II. Life as a Freeman (Frederick  Douglass): 1 | A North-Side View of Slavery. The Refugee: or the Narratives of Fugitive Slaves in Canada. Related by Themselves, with an Account of the History and Condition of the Colored Population of Upper Canada (Benjamin  Drew): 1 | Slave Life in Virginia and Kentucky; or, Fifty Years of Slavery in the Southern States of America (Francis  Fedric): 1 | The White Slave; or, Memoirs of a Fugitive (Richard  Hildreth): 1"
381,11,381_whip_souther_flog_bennet,1770,1891,"Horrors of the Virginian Slave Trade and of the Slave-Rearing Plantations. The True Story of Dinah, an Escaped Virginian Slave, Now in London, on Whose Body Are Eleven Scars Left by Tortures Which Were Inflicted by Her Master, Her Own Father. Together with Extracts from the Laws of Virginia, Showing That Against These Barbarities the Law Gives Not the Smallest Protection to the Slave, But the Reverse (John Hawkins Simpson): 2 | American Slavery As It Is: Testimony of a Thousand Witnesses (Theodore Dwight Weld): 2 | Twelve Years a Slave: Narrative of Solomon Northup, a Citizen of New-York, Kidnapped in Washington City in 1841, and Rescued in 1853 (Solomon  Northup): 1 | Life of William Grimes, the Runaway Slave. Written by Himself (William  Grimes): 1 | A Narrative of the Most Remarkable Particulars in the Life of James Albert Ukawsaw Gronniosaw, an African Prince, as Related by Himself (James Albert Ukawsaw Gronniosaw): 1"
382,11,382_rage_opposition owner_opposition_owner,1789,1914,"Battles and Victories of Allen Allensworth, A. M., Ph. D., Lieutenant-Colonel, Retired, U. S. Army (Charles  Alexander): 2 | American Slavery As It Is: Testimony of a Thousand Witnesses (Theodore Dwight Weld): 2 | Twelve Years a Slave: Narrative of Solomon Northup, a Citizen of New-York, Kidnapped in Washington City in 1841, and Rescued in 1853 (Solomon  Northup): 1 | Autobiography of a Female Slave (Martha Griffith Browne): 1 | The Interesting Narrative of the Life of Olaudah Equiano, or Gustavus Vassa, the African. Written by Himself. Vol. I. (Olaudah  Equiano): 1"
383,11,383_indian_squaw_white man_murrell,1848,1902,"A Sketch of the Life of Okah Tubbee, (Called) William Chubbee, Son of the Head Chief, Mosholeh Tubbee, of the Choctaw Nation of Indians (Okah  Tubbee): 2 | Last of the Pioneers: Or, Old Times in East Tenn., Being the Life and Reminiscences of Pharaoh Jackson Chesney (Aged 120 Years) (Pharaoh Jackson Chesney): 2 | Twelve Years a Slave: Narrative of Solomon Northup, a Citizen of New-York, Kidnapped in Washington City in 1841, and Rescued in 1853 (Solomon  Northup): 1 | An Autobiography. Bond and Free:  Or, Yearnings for Freedom, from My Green Brier House. Being the Story of My Life in Bondage, and My Life in Freedom (Israel  Campbell): 1 | A North-Side View of Slavery. The Refugee: or the Narratives of Fugitive Slaves in Canada. Related by Themselves, with an Account of the History and Condition of the Colored Population of Upper Canada (Benjamin  Drew): 1"
384,11,384_school_stewart_sunday school_baptist,1827,1914,"Men of Mark: Eminent, Progressive and Rising (William J. Simmons): 7 | Battles and Victories of Allen Allensworth, A. M., Ph. D., Lieutenant-Colonel, Retired, U. S. Army (Charles  Alexander): 1 | Life and Labors of Rev. Jordan W. Early, One of the Pioneers of African Methodism in the West and South (Sarah J. W. Early): 1 | Reminiscences of School Life, and Hints on Teaching (Fanny Jackson Coppin): 1 | The Missionary Pioneer, or A Brief Memoir of the Life, Labours, and Death of John Stewart, (Man of Colour,) Founder, under God of the Mission among the Wyandotts at Upper Sandusky, Ohio (Joseph  Mitchell): 1"
385,11,385_chain_whip_coffle_flop,1839,1901,"American Slavery As It Is: Testimony of a Thousand Witnesses (Theodore Dwight Weld): 3 | The House of Bondage, or, Charlotte Brooks and Other Slaves, Original and Life Like, As They Appeared in Their Old Plantation and City Slave Life; Together with Pen-Pictures of the Peculiar Institution, with Sights and Insights into Their New Relations as Freedmen, Freemen, and Citizens (Octavia V. Rogers Albert): 2 | Narrative of the Life of Frederick Douglass, an American Slave. Written by Himself (Frederick  Douglass): 1 | A North-Side View of Slavery. The Refugee: or the Narratives of Fugitive Slaves in Canada. Related by Themselves, with an Account of the History and Condition of the Colored Population of Upper Canada (Benjamin  Drew): 1 | Slave Life in Georgia: A Narrative of the Life, Sufferings, and Escape of John Brown, a Fugitive Slave, Now in England (John  Brown): 1"
386,11,386_judy_mr green_sofa_templeton,1852,1929,"Bond and Free: A Tale of the South (Grace  Lintner): 2 | Aunt Sally: or, The Cross the Way of Freedom. A Narrative of the Slave-life and Purchase of the Mother of Rev. Isaac Williams of Detroit, Michigan (Isaac  Williams): 2 | The Narrative of Bethany Veney: A Slave Woman (Bethany  Veney): 1 | Before the War, and After the Union.  An Autobiography (Sam  Aleckson): 1 | Aunt Judy's Story: A Tale From Real Life. Written for the Pennsylvania Anti-Slavery Fair (Matilda G. Thompson): 1"
387,11,387_douglass_toussaint_master jame_covey,1836,1906,"Toussaint L'Ouverture: A Biography and Autobiography (J. R. Beard): 2 | God's Image in Ebony: Being a Series of Biographical Sketches, Facts, Anecdotes, etc., Demonstrative of the Mental Powers and Intellectual Capacities of the Negro Race (H. G. Adams): 1 | The Life of Toussaint L'Ouverture, the Negro Patriot of Hayti: Comprising an Account of the Struggle for Liberty in the Island, and a Sketch of Its History to the Present Period (J. R. Beard): 1 | Frederick Douglass (Charles Waddell Chesnutt): 1 | Frederick Douglass (Booker T. Washington): 1"
388,11,388_enemy_cave_guide_presently,1798,1897,"The White Slave; or, Memoirs of a Fugitive (Richard  Hildreth): 2 | Jamie Parker, the Fugitive (Emily Catharine Pierson): 2 | A Narrative of the Life and Adventures of Venture, a Native of Africa: But Resident above Sixty Years in the United States of America. Related by Himself (Venture  Smith): 2 | A Narrative of the Life and Adventures of Venture, a Native of Africa, but Resident Above Sixty Years in the United States of America. Related by Himself. New London: Printed in 1798. Reprinted A. D. 1835, and Published by a Descendant of Venture. Revised and Republished with Traditions by H. M. Selden, Haddam, Conn., 1896 (Venture  Smith): 2 | Josiah: The Maimed Fugitive. A True Tale (Henry  Bleby): 1"
389,11,389_born_doct steward_born slave_doct,1825,1922,"Life of Isaac Mason as a Slave (Isaac  Mason): 1 | The Narrative of Bethany Veney: A Slave Woman (Bethany  Veney): 1 | God's Image in Ebony: Being a Series of Biographical Sketches, Facts, Anecdotes, etc., Demonstrative of the Mental Powers and Intellectual Capacities of the Negro Race (H. G. Adams): 1 | Three Years in Europe: Or, Places I Have Seen and People I Have Met (William Wells Brown): 1 | A Slave's Adventures Toward Freedom. Not Fiction, but the True Story of a Struggle (Peter  Bruner): 1"
390,10,390_universe_spiritual_divine_empire,1859,1898,"Autobiography, Sermons, Addresses, and Essays of Bishop L. H. Holsey, D. D. (Lucius Henry Holsey): 6 | The Rev. J. W. Loguen, as a Slave and as a Freeman. A Narrative of Real Life (J. W. Loguen): 3 | Uncle Johnson, the Pilgrim of Six Score Years (Gustavus L. Foster): 1"
391,10,391_ballot_political_race_white man,1893,1917,"Up from Slavery: An Autobiography (Booker T. Washington): 2 | Booker T. Washington, Builder of a Civilization (Emmett J. Scott): 2 | My Life and Work (Alexander  Walters): 2 | An Autobiography: The Story of My Life and Work (Booker T. Washington): 2 | Frederick Douglass The Orator. Containing an Account of His Life; His Eminent Public Services; His Brilliant Career as Orator; Selections from His Speeches and Writings (James M. Gregory): 1"
392,10,392_armstrong_liberia_general armstrong_toussaint,1854,1902,"Memoir of Pierre Toussaint, Born a Slave in St. Domingo (Hannah Farnham Sawyer Lee): 2 | Up from Slavery: An Autobiography (Booker T. Washington): 1 | God's Image in Ebony: Being a Series of Biographical Sketches, Facts, Anecdotes, etc., Demonstrative of the Mental Powers and Intellectual Capacities of the Negro Race (H. G. Adams): 1 | The Black Man: His Antecedents, His Genius, and His Achievements (William Wells Brown): 1 | Sketch of the Life of Mr. Lewis Charlton, and Reminiscences of Slavery (Lewis  Charlton): 1"
393,10,393_ranaway_subscriber_reward_negro man,1835,1849,"American Slavery As It Is: Testimony of a Thousand Witnesses (Theodore Dwight Weld): 6 | Narrative of William W. Brown, an American Slave. Written by Himself (William Wells Brown): 2 | Reuben Maddison: A True Story (Charles  Stuart): 1 | Narrative and Writings of Andrew Jackson, of Kentucky; Containing an Account of His Birth, and Twenty-Six Years of His Life While a Slave; His Escape; Five Years of Freedom, Together with Anecdotes Relating to Slavery; Journal of One Year's Travels; Sketches, etc. Narrated by Himself; Written by a Friend (Andrew  Jackson): 1"
394,10,394_chaplain_officer_chaplain allensworth_social,1878,1914,"Battles and Victories of Allen Allensworth, A. M., Ph. D., Lieutenant-Colonel, Retired, U. S. Army (Charles  Alexander): 7 | The Colored Cadet at West Point. Autobiography of Lieut. Henry Ossian Flipper, U. S. A., First Graduate of Color from the U. S. Military Academy (Henry Ossian Flipper): 3"
395,10,395_pinchback_governor_antiprohibition_republican,1861,1914,"Men of Mark: Eminent, Progressive and Rising (William J. Simmons): 3 | My Larger Education: Being Chapters from My Experience (Booker T. Washington): 1 | Battles and Victories of Allen Allensworth, A. M., Ph. D., Lieutenant-Colonel, Retired, U. S. Army (Charles  Alexander): 1 | An Autobiography. Bond and Free:  Or, Yearnings for Freedom, from My Green Brier House. Being the Story of My Life in Bondage, and My Life in Freedom (Israel  Campbell): 1 | Autobiography and Work of Bishop M. F. Jamison, D.D. (""Uncle Joe"") Editor, Publisher, and Church Extension Secretary; a Narration of His Whole Career from the Cradle to the Bishopric of the Colored M. E. Church in America (M. F. Jamison): 1"
396,10,396_jailer_watch_geese_arrest,1849,1924,"Life and Adventures of James Williams, a Fugitive Slave, with a Full Description of the Underground Railroad (James  Williams): 4 | An Autobiography. Bond and Free:  Or, Yearnings for Freedom, from My Green Brier House. Being the Story of My Life in Bondage, and My Life in Freedom (Israel  Campbell): 2 | Narrative of William W. Brown, an American Slave. Written by Himself (William Wells Brown): 1 | Memoirs of Samuel Spottford Clement Relating Interesting Experiences in Days of Slavery and Freedom (Samuel Spottford Clement): 1 | The Old Faithful Servant: Life History of J.W. Holley: Born and Reared a Slave: After Freedom Became a Worker in the Master's Vineyard (J. W. Holley): 1"
397,10,397_lord_brother henson_pray_baptiz,1852,1926,"Twice Sold, Twice Ransomed: Autobiography of Mr. and Mrs. L. P. Ray (Emma J. Ray): 3 | An Autobiography: The Story of the Lord's Dealings with Mrs. Amanda Smith, the Colored Evangelist: Containing an Account of Her Life Work of Faith, and Her Travels in America, England, Ireland, Scotland, India, and Africa as an Independent Missionary (Amanda  Smith): 3 | Days of Bondage. Autobiography of Friday Jones. Being a Brief Narrative of His Trials and Tribulations in Slavery (Friday  Jones): 1 | Autobiography and Work of Bishop M. F. Jamison, D.D. (""Uncle Joe"") Editor, Publisher, and Church Extension Secretary; a Narration of His Whole Career from the Cradle to the Bishopric of the Colored M. E. Church in America (M. F. Jamison): 1 | Africa for Christ. Twenty-Eight Years a Slave (Thomas L. Johnson): 1"
398,10,398_auld_capt_capt anthony_old master,1839,1887,"My Bondage and My Freedom. Part I. Life as a Slave. Part II. Life as a Freeman (Frederick  Douglass): 3 | Life and Times of Frederick Douglass: His Early Life as a Slave, His Escape from Bondage, and His Complete History to the Present Time (Frederick  Douglass): 2 | God's Image in Ebony: Being a Series of Biographical Sketches, Facts, Anecdotes, etc., Demonstrative of the Mental Powers and Intellectual Capacities of the Negro Race (H. G. Adams): 1 | Life and Narrative of William J. Anderson, Twenty-four Years a Slave; Sold Eight Times! In Jail Sixty Times!! Whipped Three Hundred Times!!! or The Dark Deeds of American Slavery Revealed. Containing Scriptural Views of the Origin of the Black and of the White Man. Also, a Simple and Easy Plan to Abolish Slavery in the United States. Together with an Account of the Services of Colored Men in the Revolutionary War--Day and Date, and Interesting Facts (William J. Anderson): 1 | A Tribute for the Negro: Being a Vindication of the Moral, Intellectual, and Religious Capabilities of the Colored Portion of Mankind; with Particular Reference to the African Race (Wilson  Armistead): 1"
399,10,399_hardy_hound_blood hound_dogs,1837,1882,"Slavery in the United States: A Narrative of the Life and Adventures of Charles Ball, a Black Man, Who Lived Forty Years in Maryland, South Carolina and Georgia, as a Slave Under Various Masters, and was One Year in the Navy with Commodore Barney, During the Late War (Charles  Ball): 3 | Fifty Years in Chains, or, The Life of an American Slave (Charles  Ball): 2 | Experience and Personal Narrative of Uncle Tom Jones; Who Was for Forty Years a Slave. Also the Surprising Adventures of Wild Tom, of the Island Retreat, a Fugitive Negro from South Carolina (Thomas H. Jones): 1 | Bond and Free: A Tale of the South (Grace  Lintner): 1 | The Freedman's Story: In Two Parts (William  Parker): 1"
400,10,400_snake_panther_rattlesnake_dog,1837,1913,"Slavery in the United States: A Narrative of the Life and Adventures of Charles Ball, a Black Man, Who Lived Forty Years in Maryland, South Carolina and Georgia, as a Slave Under Various Masters, and was One Year in the Navy with Commodore Barney, During the Late War (Charles  Ball): 3 | Fifty Years in Chains, or, The Life of an American Slave (Charles  Ball): 1 | Incidents in the Life of a Slave Girl. Written by Herself (Harriet A. Jacobs): 1 | From Log Cabin to the Pulpit, or, Fifteen Years in Slavery (William H. Robinson): 1 | Narrative of the Life and Adventures of Henry Bibb, an American Slave, Written by Himself (Henry  Bibb): 1"
401,10,401_dear lizzie_lizzie_letter_circular,1856,1868,"Behind the Scenes, or, Thirty years a Slave, and Four Years in the White House (Elizabeth  Keckley): 7 | Louisa Picquet, the Octoroon, or, Inside Views of Southern Domestic Life (Louisa  Picquet): 2 | The Kidnapped and the Ransomed. Recollections of Peter Still and His Wife ""Vina,"" after Forty Years of Slavery. (Kate E. R. Pickard): 1"
402,10,402_douglass_party_gerrit smith_gerrit,1881,1914,"Frederick Douglass The Colored Orator (Frederic May Holland): 3 | Frederick Douglass (Charles Waddell Chesnutt): 2 | Battles and Victories of Allen Allensworth, A. M., Ph. D., Lieutenant-Colonel, Retired, U. S. Army (Charles  Alexander): 1 | Frederick Douglass (Booker T. Washington): 1 | Life and Times of Frederick Douglass, Written by Himself. His Early Life as a Slave, His Escape from Bondage, and His Complete History to the Present Time, Including His Connection with the Anti-slavery Movement; His Labors in Great Britain as Well as in His Own Country; His Experience in the Conduct of an Influential Newspaper; His Connection with the Underground Railroad; His Relations with John Brown and the Harpers Ferry Raid;  His Recruiting the 54th and 55th Mass. Colored Regiments; His Interviews with Presidents Lincoln and Johnson; His Appointment by Gen. Grant to Accompany the Santo Domingo Commission&#x2014;Also to a Seat in the Council of the District of Columbia; His Appointment as United States Marshal by President R. B. Hayes; Also His Appointment to Be Recorder of Deeds in Washington by President J. A. Garfield; with Many Other Interesting and Important Events of His Most Eventful Life; With an Introduction by Mr. George L. Ruffin, of Boston (Frederick  Douglass): 1"
403,10,403_king glory_chorus_toussaint_stewart,1827,1897,"The House of Bondage, or, Charlotte Brooks and Other Slaves, Original and Life Like, As They Appeared in Their Old Plantation and City Slave Life; Together with Pen-Pictures of the Peculiar Institution, with Sights and Insights into Their New Relations as Freedmen, Freemen, and Citizens (Octavia V. Rogers Albert): 1 | Toussaint L'Ouverture: A Biography and Autobiography (J. R. Beard): 1 | The Black Man: His Antecedents, His Genius, and His Achievements (William Wells Brown): 1 | Memoir of Pierre Toussaint, Born a Slave in St. Domingo (Hannah Farnham Sawyer Lee): 1 | The Missionary Pioneer, or A Brief Memoir of the Life, Labours, and Death of John Stewart, (Man of Colour,) Founder, under God of the Mission among the Wyandotts at Upper Sandusky, Ohio (Joseph  Mitchell): 1"
404,10,404_haytien_spr meadow_fight_meadow,1810,1926,"John Jasper: The Unmatched Negro Philosopher and Preacher (William E. Hatcher): 1 | The New Man: Twenty-Nine Years a Slave,Twenty-Nine Years a Free Man (Henry Clay Bruce): 1 | Twelve Years a Slave: Narrative of Solomon Northup, a Citizen of New-York, Kidnapped in Washington City in 1841, and Rescued in 1853 (Solomon  Northup): 1 | The Blind African Slave, or Memoirs of Boyrereau Brinch, Nick-named Jeffrey Brace. Containing an Account of the Kingdom of Bow-Woo, in the Interior of Africa; with the Climate and Natural Productions, Laws, and Customs Peculiar to That Place. With an Account of His Captivity, Sufferings, Sales, Travels, Emancipation, Conversion to the Christian Religion, Knowledge of the Scriptures, &amp;c. Interspersed with Strictures on Slavery, Speculative Observations on the Qualities of Human Nature, with Quotation from Scripture (Boyrereau  Brinch): 1 | The White Slave; or, Memoirs of a Fugitive (Richard  Hildreth): 1"
405,10,405_pastor_th lectur_preach_norris,1847,1908,"The Life of Rev. Robert Anderson. Born the 22d Day of February, in the Year of Our Lord 1819, and Joined the Methodist Episcopal Church in 1839. This Book Shall Be Called The Young Men's Guide, Or, the Brother in White (Robert  Anderson): 3 | The Anderson Surpriser. Written After He Was Seventy-Five Years of Age. The Author Was Born in Liberty County, Ga., on the 22d Day of February, in the Year of Our Lord, 1819, and United with the Methodist Episcopal Church in the Year 1839. This Book Contains an Account of His Florida and Northern Trip, Written by Himself, Giving Much Valuable Information of the People Among Whom He Had Been Several Months (Robert  Anderson): 2 | John Jasper: The Unmatched Negro Philosopher and Preacher (William E. Hatcher): 1 | The Life and Sufferings of Leonard Black, a Fugitive from Slavery. Written by Himself (Leonard  Black): 1 | Life and Times of Frederick Douglass: His Early Life as a Slave, His Escape from Bondage, and His Complete History to the Present Time (Frederick  Douglass): 1"
406,10,406_bettis_marshpee_potter_seth,1855,1915,"John Jasper: The Unmatched Negro Philosopher and Preacher (William E. Hatcher): 1 | Memories of Childhood's Slavery Days (Annie L. Burton): 1 | Richard Allen and Absalom Jones, by the Rev. George F. Bragg, in Honor of the Centennial of the African Methodist Episcopal Church, Which Occurs in the Year 1916 (George F. Bragg): 1 | A North-Side View of Slavery. The Refugee: or the Narratives of Fugitive Slaves in Canada. Related by Themselves, with an Account of the History and Condition of the Colored Population of Upper Canada (Benjamin  Drew): 1 | Autobiography of Rev. Thomas W. Henry, of the A. M. E. Church (Thomas W. Henry): 1"
407,10,407_jasper_richmond_ter_mr jasper,1848,1914,"John Jasper: The Unmatched Negro Philosopher and Preacher (William E. Hatcher): 5 | Battles and Victories of Allen Allensworth, A. M., Ph. D., Lieutenant-Colonel, Retired, U. S. Army (Charles  Alexander): 1 | A Tribute for the Negro: Being a Vindication of the Moral, Intellectual, and Religious Capabilities of the Colored Portion of Mankind; with Particular Reference to the African Race (Wilson  Armistead): 1 | Autobiography of a Female Slave (Martha Griffith Browne): 1 | The Life of Rev. John Jasper, Pastor of Sixth Mt. Zion Baptist Church, Richmond, Va., from His Birth to the Present Time, with His Theory on the Rotation of the Sun (Edwin Archer Randolph): 1"
408,10,408_claimant_identity_record_burn,1856,1856,Anthony Burns: A History (Charles Emery Stevens): 10
409,10,409_mayor_marshal_military_edmand,1856,1856,Anthony Burns: A History (Charles Emery Stevens): 10
410,10,410_license_exhort_brethren_preach,1810,1854,"A Brief Account of the Life, Experience, Travels, and Gospel Labours of George White, an African; Written by Himself, and Revised by a Friend (George  White): 8 | God's Image in Ebony: Being a Series of Biographical Sketches, Facts, Anecdotes, etc., Demonstrative of the Mental Powers and Intellectual Capacities of the Negro Race (H. G. Adams): 1 | The Life, Labors, and Travels of Elder Charles Bowles, of the Free Will Baptist Denomination, by Eld. John W. Lewis. Together with an Essay on the Character and Condition of the African Race by the Same. Also, an Essay on the Fugitive Law of the U. S. Congress of 1850, by Rev. Arthur Dearing (John W. Lewis): 1"
411,10,411_republican_president_party_office,1887,1917,"Men of Mark: Eminent, Progressive and Rising (William J. Simmons): 7 | Frederick Douglass (Booker T. Washington): 1 | Life and Times of Frederick Douglass, Written by Himself. His Early Life as a Slave, His Escape from Bondage, and His Complete History to the Present Time, Including His Connection with the Anti-slavery Movement; His Labors in Great Britain as Well as in His Own Country; His Experience in the Conduct of an Influential Newspaper; His Connection with the Underground Railroad; His Relations with John Brown and the Harpers Ferry Raid;  His Recruiting the 54th and 55th Mass. Colored Regiments; His Interviews with Presidents Lincoln and Johnson; His Appointment by Gen. Grant to Accompany the Santo Domingo Commission&#x2014;Also to a Seat in the Council of the District of Columbia; His Appointment as United States Marshal by President R. B. Hayes; Also His Appointment to Be Recorder of Deeds in Washington by President J. A. Garfield; with Many Other Interesting and Important Events of His Most Eventful Life; With an Introduction by Mr. George L. Ruffin, of Boston (Frederick  Douglass): 1 | My Life and Work (Alexander  Walters): 1"
412,10,412_overseer_perkinson_farm_major thornton,1831,1895,"The New Man: Twenty-Nine Years a Slave,Twenty-Nine Years a Free Man (Henry Clay Bruce): 3 | The Slave: or Memoirs of Archy Moore. Vol. I (Richard  Hildreth): 2 | Slavery in the United States: A Narrative of the Life and Adventures of Charles Ball, a Black Man, Who Lived Forty Years in Maryland, South Carolina and Georgia, as a Slave Under Various Masters, and was One Year in the Navy with Commodore Barney, During the Late War (Charles  Ball): 1 | My Bondage and My Freedom. Part I. Life as a Slave. Part II. Life as a Freeman (Frederick  Douglass): 1 | The Life of Josiah Henson, Formerly a Slave, Now an Inhabitant of Canada, as Narrated by Himself (Josiah  Henson): 1"
413,10,413_darl_paul_sweet_oh paul,1840,1894,"The Story of a Slave. A Realistic Revelation of a Social Relation of Slave Times--Hitherto Unwritten--From the Pen of One Who Has Felt Both the Lash and the Caress of a Mistress (  No Author): 6 | The White Slave; or, Memoirs of a Fugitive (Richard  Hildreth): 2 | Autobiography of a Female Slave (Martha Griffith Browne): 1 | Poems by a Slave in the Island of Cuba, Recently Liberated; Translated from the Spanish, by R. R. Madden, M.D. With the History of the Early Life of the Negro Poet, Written by Himself; to Which Are Prefixed Two Pieces Descriptive of Cuban Slavery and the Slave-Traffic, by R. R. M. (Juan Francisco Manzano): 1"
414,10,414_mcdaniel_friedman_mr grime_anthony,1853,1895,"Anthony Burns: A History (Charles Emery Stevens): 2 | Twelve Years a Slave: Narrative of Solomon Northup, a Citizen of New-York, Kidnapped in Washington City in 1841, and Rescued in 1853 (Solomon  Northup): 1 | God's Image in Ebony: Being a Series of Biographical Sketches, Facts, Anecdotes, etc., Demonstrative of the Mental Powers and Intellectual Capacities of the Negro Race (H. G. Adams): 1 | Narrative of Dimmock Charlton, a British Subject, Taken from the Brig ""Peacock"" by the U.S. Sloop ""Hornet,"" Enslaved while a Prisoner of War, and Retained Forty-Five Years in Bondage (Mary L. Cox): 1 | A North-Side View of Slavery. The Refugee: or the Narratives of Fugitive Slaves in Canada. Related by Themselves, with an Account of the History and Condition of the Colored Population of Upper Canada (Benjamin  Drew): 1"
415,10,415_executive mansion_president_lincoln_citizen,1853,1906,"Life and Times of Frederick Douglass: His Early Life as a Slave, His Escape from Bondage, and His Complete History to the Present Time (Frederick  Douglass): 3 | Life and Times of Frederick Douglass, Written by Himself. His Early Life as a Slave, His Escape from Bondage, and His Complete History to the Present Time, Including His Connection with the Anti-slavery Movement; His Labors in Great Britain as Well as in His Own Country; His Experience in the Conduct of an Influential Newspaper; His Connection with the Underground Railroad; His Relations with John Brown and the Harpers Ferry Raid;  His Recruiting the 54th and 55th Mass. Colored Regiments; His Interviews with Presidents Lincoln and Johnson; His Appointment by Gen. Grant to Accompany the Santo Domingo Commission&#x2014;Also to a Seat in the Council of the District of Columbia; His Appointment as United States Marshal by President R. B. Hayes; Also His Appointment to Be Recorder of Deeds in Washington by President J. A. Garfield; with Many Other Interesting and Important Events of His Most Eventful Life; With an Introduction by Mr. George L. Ruffin, of Boston (Frederick  Douglass): 2 | Life of Charles T. Walker, D.D., (""The Black Spurgeon."") Pastor Mt. Olivet Baptist Church, New York City (Silas Xavier Floyd): 2 | The Life of Toussaint L'Ouverture, the Negro Patriot of Hayti: Comprising an Account of the Struggle for Liberty in the Island, and a Sketch of Its History to the Present Period (J. R. Beard): 1 | Frederick Douglass (Booker T. Washington): 1"
416,10,416_port royal_peas_practice physic_jarm,1825,1924,"Twelve Years a Slave: Narrative of Solomon Northup, a Citizen of New-York, Kidnapped in Washington City in 1841, and Rescued in 1853 (Solomon  Northup): 1 | Twenty-Two Years a Slave, and Forty Years a Freeman; Embracing a Correspondence of Several Years, While President of Wilberforce Colony, London, Canada West (Austin  Steward): 1 | Autobiography of a Female Slave (Martha Griffith Browne): 1 | My Own Life Story (Sterling N. Brown): 1 | Life of William Grimes, the Runaway Slave. Written by Himself (William  Grimes): 1"
417,10,417_douville_toussaint_rigaud_louverture,1853,1863,"The Life of Toussaint L'Ouverture, the Negro Patriot of Hayti: Comprising an Account of the Struggle for Liberty in the Island, and a Sketch of Its History to the Present Period (J. R. Beard): 6 | Toussaint L'Ouverture: A Biography and Autobiography (J. R. Beard): 4"
418,10,418_jimmie_plankinton_coat room_laundry,1851,1911,"Thirty Years a Slave: From Bondage to Freedom: The Institution of Slavery as Seen on the Plantation and in the Home of the Planter (Louis  Hughes): 3 | The Kidnapped and the Ransomed. Recollections of Peter Still and His Wife ""Vina,"" after Forty Years of Slavery. (Kate E. R. Pickard): 2 | Twelve Years a Slave: Narrative of Solomon Northup, a Citizen of New-York, Kidnapped in Washington City in 1841, and Rescued in 1853 (Solomon  Northup): 1 | Memoir of Quamino Buccau, a Pious Methodist (William J. Allinson): 1 | Toussaint L'Ouverture: A Biography and Autobiography (J. R. Beard): 1"
419,10,419_miss_biddy_whoooop_louise,1839,1888,"Autobiography of a Female Slave (Martha Griffith Browne): 4 | Gilbert Hunt, the City Blacksmith (Philip  Barrett): 1 | Life of the Rev. Elisha W. Green, One of the Founders of the Kentucky Normal and Theological Institute--Now the State University at Louisville; Eleven Years Moderator of the Mt. Zion Baptist Association; Five Years Moderator of the Consolidated Baptist Educational Association and Over Thirty Years Pastor of the Colored Baptist Churches of Maysville and Paris. Written by Himself. (Elisha Winfield Green): 1 | Memoir of Pierre Toussaint, Born a Slave in St. Domingo (Hannah Farnham Sawyer Lee): 1 | Chains and Freedom: Or, The Life and Adventures of Peter Wheeler, a Colored Man Yet Living. A Slave in Chains, a Sailor on the Deep, and a Sinner at the Cross (Peter  Wheeler): 1"
420,10,420_army_battle_soldier_marse,1855,1914,"The Autobiography of Nicholas Said, A Native of Bournou, Eastern Soudan, Central Africa (Nicholas  Said): 2 | Autobiography of James L. Smith, Including, Also, Reminiscences of Slave Life, Recollections of the War, Education of Freedmen, Causes of the Exodus, etc. (James Lindsay Smith): 2 | Thirty Years a Slave: From Bondage to Freedom: The Institution of Slavery as Seen on the Plantation and in the Home of the Planter (Louis  Hughes): 1 | Battles and Victories of Allen Allensworth, A. M., Ph. D., Lieutenant-Colonel, Retired, U. S. Army (Charles  Alexander): 1 | Life of George Henry. Together with a Brief History of the Colored People in America (George  Henry): 1"
421,10,421_ike_mrs montgomery_servant_montgomery,1836,1880,"Autobiography of a Female Slave (Martha Griffith Browne): 3 | The White Slave; or, Memoirs of a Fugitive (Richard  Hildreth): 3 | My Southern Home: or, The South and Its People (William Wells Brown): 1 | The Slave: or Memoirs of Archy Moore. Vol. I (Richard  Hildreth): 1 | Jamie Parker, the Fugitive (Emily Catharine Pierson): 1"
422,10,422_miller_jail_gherardi_concklin,1841,1897,"The Kidnapped and the Ransomed. Recollections of Peter Still and His Wife ""Vina,"" after Forty Years of Slavery. (Kate E. R. Pickard): 2 | Thirty Years a Slave: From Bondage to Freedom: The Institution of Slavery as Seen on the Plantation and in the Home of the Planter (Louis  Hughes): 1 | Twelve Years a Slave: Narrative of Solomon Northup, a Citizen of New-York, Kidnapped in Washington City in 1841, and Rescued in 1853 (Solomon  Northup): 1 | Running a Thousand Miles for Freedom; or, the Escape of William and Ellen Craft from Slavery (William  Craft): 1 | Life and Times of Frederick Douglass, Written by Himself. His Early Life as a Slave, His Escape from Bondage, and His Complete History to the Present Time, Including His Connection with the Anti-slavery Movement; His Labors in Great Britain as Well as in His Own Country; His Experience in the Conduct of an Influential Newspaper; His Connection with the Underground Railroad; His Relations with John Brown and the Harpers Ferry Raid;  His Recruiting the 54th and 55th Mass. Colored Regiments; His Interviews with Presidents Lincoln and Johnson; His Appointment by Gen. Grant to Accompany the Santo Domingo Commission&#x2014;Also to a Seat in the Council of the District of Columbia; His Appointment as United States Marshal by President R. B. Hayes; Also His Appointment to Be Recorder of Deeds in Washington by President J. A. Garfield; with Many Other Interesting and Important Events of His Most Eventful Life; With an Introduction by Mr. George L. Ruffin, of Boston (Frederick  Douglass): 1"
423,10,423_pound_ration_allowance_quart,1837,1855,"American Slavery As It Is: Testimony of a Thousand Witnesses (Theodore Dwight Weld): 8 | Slavery in the United States: A Narrative of the Life and Adventures of Charles Ball, a Black Man, Who Lived Forty Years in Maryland, South Carolina and Georgia, as a Slave Under Various Masters, and was One Year in the Navy with Commodore Barney, During the Late War (Charles  Ball): 1 | My Bondage and My Freedom. Part I. Life as a Slave. Part II. Life as a Freeman (Frederick  Douglass): 1"
424,10,424_nalle_lunsford_shane_walch,1848,1886,"Lunsford Lane; or, Another Helper from North Carolina (William G. Hawkins): 4 | Life of Rev. Thomas James, by Himself (Thomas  James): 2 | Twenty-Two Years a Slave, and Forty Years a Freeman; Embracing a Correspondence of Several Years, While President of Wilberforce Colony, London, Canada West (Austin  Steward): 1 | A Tribute for the Negro: Being a Vindication of the Moral, Intellectual, and Religious Capabilities of the Colored Portion of Mankind; with Particular Reference to the African Race (Wilson  Armistead): 1 | Scenes in the Life of Harriet Tubman (Sarah H. Bradford): 1"
425,10,425_valentine_peter_jarm_occupation,1848,1906,"The Kidnapped and the Ransomed. Recollections of Peter Still and His Wife ""Vina,"" after Forty Years of Slavery. (Kate E. R. Pickard): 2 | A Tribute for the Negro: Being a Vindication of the Moral, Intellectual, and Religious Capabilities of the Colored Portion of Mankind; with Particular Reference to the African Race (Wilson  Armistead): 1 | An Autobiography. Bond and Free:  Or, Yearnings for Freedom, from My Green Brier House. Being the Story of My Life in Bondage, and My Life in Freedom (Israel  Campbell): 1 | Running a Thousand Miles for Freedom; or, the Escape of William and Ellen Craft from Slavery (William  Craft): 1 | Frederick Douglass (Booker T. Washington): 1"
426,10,426_black slave_mr gardiner_poor white_gardiner,1851,1917,"The White Slave; or, Memoirs of a Fugitive (Richard  Hildreth): 2 | A Narrative of Thomas Smallwood, (Coloured Man:) Giving an Account of His Birth--The Period He Was Held in Slavery--His Release--and Removal to Canada, etc. Together With an Account of the Underground Railroad. Written by Himself (Thomas  Smallwood): 2 | Life and Times of Frederick Douglass, Written by Himself. His Early Life as a Slave, His Escape from Bondage, and His Complete History to the Present Time, Including His Connection with the Anti-slavery Movement; His Labors in Great Britain as Well as in His Own Country; His Experience in the Conduct of an Influential Newspaper; His Connection with the Underground Railroad; His Relations with John Brown and the Harpers Ferry Raid;  His Recruiting the 54th and 55th Mass. Colored Regiments; His Interviews with Presidents Lincoln and Johnson; His Appointment by Gen. Grant to Accompany the Santo Domingo Commission&#x2014;Also to a Seat in the Council of the District of Columbia; His Appointment as United States Marshal by President R. B. Hayes; Also His Appointment to Be Recorder of Deeds in Washington by President J. A. Garfield; with Many Other Interesting and Important Events of His Most Eventful Life; With an Introduction by Mr. George L. Ruffin, of Boston (Frederick  Douglass): 1 | My Bondage and My Freedom. Part I. Life as a Slave. Part II. Life as a Freeman (Frederick  Douglass): 1 | Life and Times of Frederick Douglass: His Early Life as a Slave, His Escape from Bondage, and His Complete History to the Present Time (Frederick  Douglass): 1"
427,10,427_vo_cloth price_price_mo,1838,1902,"The Fugitive Blacksmith; or, Events in the History of James W. C. Pennington, Pastor of a Presbyterian Church, New York, Formerly a Slave in the State of Maryland, United States (James W. C. Pennington): 4 | Biography of Mahommah G. Baquaqua, a Native of Zoogoo, in the Interior of Africa. (A Convert to Christianity,) With a Description of That Part of the World; Including the Manners and Customs of the Inhabitants, Their Religious Notions, Form of Government, Laws, Appearance of the Country, Buildings, Agriculture, Manufactures, Shepherds and Herdsmen, Domestic Animals, Marriage Ceremonials, Funeral Services, Styles of Dress, Trade and Commerce, Modes of Warfare, System of Slavery, &amp;c., &amp;c. Mahommah's Early Life, His Education, His Capture and Slavery in Western Africa and Brazil, His Escape to the United States, from Thence to Hayti, (the City of Port Au Prince,) His Reception by the Baptist Missionary There, The Rev. W. L. Judd; His Conversion to Christianity, Baptism, and Return to This Country, His Views, Objects and Aim. Written and Revised from His Own Words, by Samuel Moore, Esq., Late Publisher of the ""North of England Shipping Gazette,"" Author of Several Popular Works, and Editor of Sundry Reform Papers (Mahommah Gardo Baquaqua): 2 | A Tribute for the Negro: Being a Vindication of the Moral, Intellectual, and Religious Capabilities of the Colored Portion of Mankind; with Particular Reference to the African Race (Wilson  Armistead): 1 | Memoirs of Elleanor Eldridge (Frances H. Green): 1 | Life of Charles T. Walker, D.D., (""The Black Spurgeon."") Pastor Mt. Olivet Baptist Church, New York City (Silas Xavier Floyd): 1"
428,10,428_bonnet_pray_lord_prayer meet,1861,1926,"An Autobiography: The Story of the Lord's Dealings with Mrs. Amanda Smith, the Colored Evangelist: Containing an Account of Her Life Work of Faith, and Her Travels in America, England, Ireland, Scotland, India, and Africa as an Independent Missionary (Amanda  Smith): 7 | An Autobiography. Bond and Free:  Or, Yearnings for Freedom, from My Green Brier House. Being the Story of My Life in Bondage, and My Life in Freedom (Israel  Campbell): 1 | Twice Sold, Twice Ransomed: Autobiography of Mr. and Mrs. L. P. Ray (Emma J. Ray): 1 | The History of William Webb, Composed by Himself (William  Webb): 1"
429,10,429_lloyd_comd_old grime_gentleman,1825,1892,"Life and Times of Frederick Douglass, Written by Himself. His Early Life as a Slave, His Escape from Bondage, and His Complete History to the Present Time, Including His Connection with the Anti-slavery Movement; His Labors in Great Britain as Well as in His Own Country; His Experience in the Conduct of an Influential Newspaper; His Connection with the Underground Railroad; His Relations with John Brown and the Harpers Ferry Raid;  His Recruiting the 54th and 55th Mass. Colored Regiments; His Interviews with Presidents Lincoln and Johnson; His Appointment by Gen. Grant to Accompany the Santo Domingo Commission&#x2014;Also to a Seat in the Council of the District of Columbia; His Appointment as United States Marshal by President R. B. Hayes; Also His Appointment to Be Recorder of Deeds in Washington by President J. A. Garfield; with Many Other Interesting and Important Events of His Most Eventful Life; With an Introduction by Mr. George L. Ruffin, of Boston (Frederick  Douglass): 2 | Twenty-Two Years a Slave, and Forty Years a Freeman; Embracing a Correspondence of Several Years, While President of Wilberforce Colony, London, Canada West (Austin  Steward): 1 | Biography of an American Bondman, by His Daughter (Josephine  Brown): 1 | Running a Thousand Miles for Freedom; or, the Escape of William and Ellen Craft from Slavery (William  Craft): 1 | Life and Times of Frederick Douglass: His Early Life as a Slave, His Escape from Bondage, and His Complete History to the Present Time (Frederick  Douglass): 1"
430,10,430_captain_ship_montserrat_liverpool,1789,1849,"The Interesting Narrative of the Life of Olaudah Equiano, or Gustavus Vassa, the African. Written by Himself. Vol. II. (Olaudah  Equiano): 4 | The Life, History, and Unparalleled Sufferings of John Jea, the African Preacher. Compiled and Written by Himself (John  Jea): 3 | A Tribute for the Negro: Being a Vindication of the Moral, Intellectual, and Religious Capabilities of the Colored Portion of Mankind; with Particular Reference to the African Race (Wilson  Armistead): 1 | The Life and Adventures of Zamba, an African Negro King; and His Experience of Slavery in South Carolina. Written by Himself. Corrected and Arranged by Peter Neilson (Peter  Neilson): 1 | Slavery Illustrated, in the Histories of Zangara and Maquama, Two Negroes Stolen From Africa and Sold Into Slavery. Related by Themselves (  No Author): 1"
431,10,431_hayti_loverture_cultivat_toussaint,1853,1917,"The Life of Toussaint L'Ouverture, the Negro Patriot of Hayti: Comprising an Account of the Struggle for Liberty in the Island, and a Sketch of Its History to the Present Period (J. R. Beard): 2 | Twenty-Two Years a Slave, and Forty Years a Freeman; Embracing a Correspondence of Several Years, While President of Wilberforce Colony, London, Canada West (Austin  Steward): 1 | Battles and Victories of Allen Allensworth, A. M., Ph. D., Lieutenant-Colonel, Retired, U. S. Army (Charles  Alexander): 1 | Toussaint L'Ouverture: A Biography and Autobiography (J. R. Beard): 1 | Frederick Douglass The Orator. Containing an Account of His Life; His Eminent Public Services; His Brilliant Career as Orator; Selections from His Speeches and Writings (James M. Gregory): 1"
432,10,432_heavenly union_heavenly_union theyll_union,1845,1863,"The Life and Adventures of Zamba, an African Negro King; and His Experience of Slavery in South Carolina. Written by Himself. Corrected and Arranged by Peter Neilson (Peter  Neilson): 3 | Narrative of the Sufferings of Lewis Clarke, During a Captivity of More than Twenty-Five Years, Among the Algerines of Kentucky, One of the So Called Christian States of North America (Lewis Garrard Clarke): 1 | Running a Thousand Miles for Freedom; or, the Escape of William and Ellen Craft from Slavery (William  Craft): 1 | Life and Opinions of Julius Melbourn; with Sketches of the Lives and Characters of Thomas Jefferson, John Quincy Adams, John Randolph, and Several Other Eminent American Statesmen (Julius  Melbourn): 1 | The White Slave; or, Memoirs of a Fugitive (Richard  Hildreth): 1"
433,10,433_colonel moore_moore_colonel_sort,1836,1914,"The Slave: or Memoirs of Archy Moore. Vol. I (Richard  Hildreth): 2 | Twenty-Two Years a Slave, and Forty Years a Freeman; Embracing a Correspondence of Several Years, While President of Wilberforce Colony, London, Canada West (Austin  Steward): 1 | Men of Maryland (George F. Bragg): 1 | Autobiography of a Female Slave (Martha Griffith Browne): 1 | Life and Times of Frederick Douglass, Written by Himself. His Early Life as a Slave, His Escape from Bondage, and His Complete History to the Present Time, Including His Connection with the Anti-slavery Movement; His Labors in Great Britain as Well as in His Own Country; His Experience in the Conduct of an Influential Newspaper; His Connection with the Underground Railroad; His Relations with John Brown and the Harpers Ferry Raid;  His Recruiting the 54th and 55th Mass. Colored Regiments; His Interviews with Presidents Lincoln and Johnson; His Appointment by Gen. Grant to Accompany the Santo Domingo Commission&#x2014;Also to a Seat in the Council of the District of Columbia; His Appointment as United States Marshal by President R. B. Hayes; Also His Appointment to Be Recorder of Deeds in Washington by President J. A. Garfield; with Many Other Interesting and Important Events of His Most Eventful Life; With an Introduction by Mr. George L. Ruffin, of Boston (Frederick  Douglass): 1"
434,10,434_hattie_sallie_wood_come come,1848,1890,"The House of Bondage, or, Charlotte Brooks and Other Slaves, Original and Life Like, As They Appeared in Their Old Plantation and City Slave Life; Together with Pen-Pictures of the Peculiar Institution, with Sights and Insights into Their New Relations as Freedmen, Freemen, and Citizens (Octavia V. Rogers Albert): 3 | Horrors of the Virginian Slave Trade and of the Slave-Rearing Plantations. The True Story of Dinah, an Escaped Virginian Slave, Now in London, on Whose Body Are Eleven Scars Left by Tortures Which Were Inflicted by Her Master, Her Own Father. Together with Extracts from the Laws of Virginia, Showing That Against These Barbarities the Law Gives Not the Smallest Protection to the Slave, But the Reverse (John Hawkins Simpson): 2 | The Narrative of Bethany Veney: A Slave Woman (Bethany  Veney): 1 | A Tribute for the Negro: Being a Vindication of the Moral, Intellectual, and Religious Capabilities of the Colored Portion of Mankind; with Particular Reference to the African Race (Wilson  Armistead): 1 | The Heroic Slave. From Autographs for Freedom, Ed. Julia Griffiths (Frederick  Douglass): 1"
435,10,435_horse_leg_squire woodbridge_squire,1847,1907,"An Autobiography. Bond and Free:  Or, Yearnings for Freedom, from My Green Brier House. Being the Story of My Life in Bondage, and My Life in Freedom (Israel  Campbell): 2 | The Life of Rev. Robert Anderson. Born the 22d Day of February, in the Year of Our Lord 1819, and Joined the Methodist Episcopal Church in 1839. This Book Shall Be Called The Young Men's Guide, Or, the Brother in White (Robert  Anderson): 1 | The Life and Sufferings of Leonard Black, a Fugitive from Slavery. Written by Himself (Leonard  Black): 1 | Life of the Rev. Elisha W. Green, One of the Founders of the Kentucky Normal and Theological Institute--Now the State University at Louisville; Eleven Years Moderator of the Mt. Zion Baptist Association; Five Years Moderator of the Consolidated Baptist Educational Association and Over Thirty Years Pastor of the Colored Baptist Churches of Maysville and Paris. Written by Himself. (Elisha Winfield Green): 1 | Life of George Henry. Together with a Brief History of the Colored People in America (George  Henry): 1"
436,10,436_florence_enterprise_liberia_citizen,1853,1912,"The Looking-Glass: Being a True Report and Narrative of the Life, Travels, and Labors of the Rev. Daniel H. Peterson, a Colored Clergyman; Embracing a Period of Time from the Year 1812 to 1854, and Including His Visit to Western Africa (Daniel H. Peterson): 4 | A Brief Miscellaneous Narrative of the More Early Part of the Life of L. Tilmon: Pastor of a Colored Methodist Congregational Church in the City of New York (Levin  Tilmon): 2 | Josiah: The Maimed Fugitive. A True Tale (Henry  Bleby): 1 | My Southern Home: or, The South and Its People (William Wells Brown): 1 | Old Plantation Days (W.  Mallory): 1"
437,10,437_everett_mr everett_mum bett_mum,1810,1926,"The Black Man: His Antecedents, His Genius, and His Achievements (William Wells Brown): 2 | The Colored Patriots of the American Revolution: With Sketches of Several Distinguished Colored Persons: To Which is Added a Brief Survey of the Condition and Prospects of Colored Americans (William Cooper Nell): 2 | Autobiography of a Fugitive Negro: His Anti-Slavery Labours in the United States, Canada, &amp; England (Samuel Ringgold Ward): 2 | The Narrative of Bethany Veney: A Slave Woman (Bethany  Veney): 1 | The Blind African Slave, or Memoirs of Boyrereau Brinch, Nick-named Jeffrey Brace. Containing an Account of the Kingdom of Bow-Woo, in the Interior of Africa; with the Climate and Natural Productions, Laws, and Customs Peculiar to That Place. With an Account of His Captivity, Sufferings, Sales, Travels, Emancipation, Conversion to the Christian Religion, Knowledge of the Scriptures, &amp;c. Interspersed with Strictures on Slavery, Speculative Observations on the Qualities of Human Nature, with Quotation from Scripture (Boyrereau  Brinch): 1"
438,10,438_toussaint_toussaint loverture_loverture_louverture,1847,1886,"God's Image in Ebony: Being a Series of Biographical Sketches, Facts, Anecdotes, etc., Demonstrative of the Mental Powers and Intellectual Capacities of the Negro Race (H. G. Adams): 2 | Toussaint L'Ouverture: A Biography and Autobiography (J. R. Beard): 2 | Life and Opinions of Julius Melbourn; with Sketches of the Lives and Characters of Thomas Jefferson, John Quincy Adams, John Randolph, and Several Other Eminent American Statesmen (Julius  Melbourn): 2 | Reflections on the Life and Times of Toussaint L'Overture, the Negro Haytien, Commander-in-Chief of the Army, Ruler under the Dominion of France, and Author of The Independence of Hayti (D. Augustus Straker): 2 | My Bondage and My Freedom. Part I. Life as a Slave. Part II. Life as a Freeman (Frederick  Douglass): 1"
